ISO-10303-21;
HEADER;
/* Generated by software containing ST-Developer
 * from STEP Tools, Inc. (www.steptools.com) 
 */
/* OPTION: using custom renumber hook */

FILE_DESCRIPTION(
/* description */ ('STEP AP242 Edition 2',
'CAx-IF Rec.Pracs.---Representation and Presentation of Product Manufa
cturing Information (PMI)---4.0---2014-10-13',
'CAx-IF Rec.Pracs.---3D Tessellated Geometry---0.4---2014-09-14','2;1',
'CAx-IF Rec.Pracs.---User Defined Attributes---1.5---2016-08-15'),
/* implementation_level */ '2;1');

FILE_NAME(
/* name */ 'Part Studio 1',
/* time_stamp */ '2026-09-03T18:09:11Z',
/* author */ (''),
/* organization */ (''),
/* preprocessor_version */ 'ST-DEVELOPER v20',
/* originating_system */ 'ONSHAPE BY PTC INC, 1.220',
/* authorisation */ '  ');

FILE_SCHEMA (('AP242_MANAGED_MODEL_BASED_3D_ENGINEERING_MIM_LF { 1 0 10303 442 3 1 4 }'));
ENDSEC;

DATA;
#10=CIRCLE('',#1827,0.005);
#11=CIRCLE('',#1828,0.005);
#12=CIRCLE('',#1830,0.05);
#13=CIRCLE('',#1834,0.05);
#14=CIRCLE('',#1836,0.05);
#15=CIRCLE('',#1837,0.05);
#16=SHAPE_REPRESENTATION_RELATIONSHIP('','',#1736,#27);
#17=SHAPE_REPRESENTATION_RELATIONSHIP('','',#1737,#28);
#18=SHAPE_REPRESENTATION_RELATIONSHIP('','',#1738,#29);
#19=SHAPE_REPRESENTATION_RELATIONSHIP('','',#1739,#30);
#20=SHAPE_REPRESENTATION_RELATIONSHIP('','',#1740,#31);
#21=SHAPE_REPRESENTATION_RELATIONSHIP('','',#1741,#32);
#22=SHAPE_REPRESENTATION_RELATIONSHIP('','',#1742,#33);
#23=SHAPE_REPRESENTATION_RELATIONSHIP('','',#1743,#34);
#24=SHAPE_REPRESENTATION_RELATIONSHIP('','',#1744,#35);
#25=SHAPE_REPRESENTATION_RELATIONSHIP('','',#1745,#36);
#26=SHAPE_REPRESENTATION_RELATIONSHIP('','',#1746,#37);
#27=ADVANCED_BREP_SHAPE_REPRESENTATION('',(#1714),#2766);
#28=ADVANCED_BREP_SHAPE_REPRESENTATION('',(#1715),#2767);
#29=ADVANCED_BREP_SHAPE_REPRESENTATION('',(#1716),#2768);
#30=ADVANCED_BREP_SHAPE_REPRESENTATION('',(#1717),#2769);
#31=ADVANCED_BREP_SHAPE_REPRESENTATION('',(#1718),#2770);
#32=ADVANCED_BREP_SHAPE_REPRESENTATION('',(#1719),#2771);
#33=ADVANCED_BREP_SHAPE_REPRESENTATION('',(#1720),#2772);
#34=ADVANCED_BREP_SHAPE_REPRESENTATION('',(#1721),#2773);
#35=ADVANCED_BREP_SHAPE_REPRESENTATION('',(#1722),#2774);
#36=ADVANCED_BREP_SHAPE_REPRESENTATION('',(#1723),#2775);
#37=ADVANCED_BREP_SHAPE_REPRESENTATION('',(#1724),#2776);
#38=ELLIPSE('',#1755,0.00989949493661166,0.007);
#39=ELLIPSE('',#1756,0.00989949493661167,0.007);
#40=ELLIPSE('',#1758,0.00989949493661166,0.007);
#41=ELLIPSE('',#1760,0.00989949493661166,0.007);
#42=CYLINDRICAL_SURFACE('',#1754,0.007);
#43=CYLINDRICAL_SURFACE('',#1757,0.007);
#44=CYLINDRICAL_SURFACE('',#1759,0.007);
#45=CYLINDRICAL_SURFACE('',#1761,0.007);
#46=CYLINDRICAL_SURFACE('',#1826,0.005);
#47=CYLINDRICAL_SURFACE('',#1833,0.05);
#48=CYLINDRICAL_SURFACE('',#1835,0.05);
#49=ORIENTED_EDGE('',*,*,#479,.F.);
#50=ORIENTED_EDGE('',*,*,#480,.T.);
#51=ORIENTED_EDGE('',*,*,#481,.T.);
#52=ORIENTED_EDGE('',*,*,#482,.F.);
#53=ORIENTED_EDGE('',*,*,#483,.F.);
#54=ORIENTED_EDGE('',*,*,#484,.T.);
#55=ORIENTED_EDGE('',*,*,#479,.T.);
#56=ORIENTED_EDGE('',*,*,#485,.T.);
#57=ORIENTED_EDGE('',*,*,#486,.F.);
#58=ORIENTED_EDGE('',*,*,#487,.T.);
#59=ORIENTED_EDGE('',*,*,#483,.T.);
#60=ORIENTED_EDGE('',*,*,#488,.T.);
#61=ORIENTED_EDGE('',*,*,#481,.F.);
#62=ORIENTED_EDGE('',*,*,#489,.T.);
#63=ORIENTED_EDGE('',*,*,#486,.T.);
#64=ORIENTED_EDGE('',*,*,#490,.F.);
#65=ORIENTED_EDGE('',*,*,#491,.T.);
#66=ORIENTED_EDGE('',*,*,#492,.T.);
#67=ORIENTED_EDGE('',*,*,#493,.T.);
#68=ORIENTED_EDGE('',*,*,#494,.T.);
#69=ORIENTED_EDGE('',*,*,#482,.T.);
#70=ORIENTED_EDGE('',*,*,#490,.T.);
#71=ORIENTED_EDGE('',*,*,#488,.F.);
#72=ORIENTED_EDGE('',*,*,#485,.F.);
#73=ORIENTED_EDGE('',*,*,#495,.F.);
#74=ORIENTED_EDGE('',*,*,#480,.F.);
#75=ORIENTED_EDGE('',*,*,#496,.F.);
#76=ORIENTED_EDGE('',*,*,#491,.F.);
#77=ORIENTED_EDGE('',*,*,#496,.T.);
#78=ORIENTED_EDGE('',*,*,#484,.F.);
#79=ORIENTED_EDGE('',*,*,#497,.F.);
#80=ORIENTED_EDGE('',*,*,#492,.F.);
#81=ORIENTED_EDGE('',*,*,#495,.T.);
#82=ORIENTED_EDGE('',*,*,#494,.F.);
#83=ORIENTED_EDGE('',*,*,#498,.F.);
#84=ORIENTED_EDGE('',*,*,#489,.F.);
#85=ORIENTED_EDGE('',*,*,#497,.T.);
#86=ORIENTED_EDGE('',*,*,#487,.F.);
#87=ORIENTED_EDGE('',*,*,#498,.T.);
#88=ORIENTED_EDGE('',*,*,#493,.F.);
#89=ORIENTED_EDGE('',*,*,#499,.T.);
#90=ORIENTED_EDGE('',*,*,#500,.F.);
#91=ORIENTED_EDGE('',*,*,#501,.F.);
#92=ORIENTED_EDGE('',*,*,#502,.T.);
#93=ORIENTED_EDGE('',*,*,#503,.T.);
#94=ORIENTED_EDGE('',*,*,#504,.F.);
#95=ORIENTED_EDGE('',*,*,#505,.F.);
#96=ORIENTED_EDGE('',*,*,#500,.T.);
#97=ORIENTED_EDGE('',*,*,#506,.F.);
#98=ORIENTED_EDGE('',*,*,#507,.F.);
#99=ORIENTED_EDGE('',*,*,#508,.T.);
#100=ORIENTED_EDGE('',*,*,#504,.T.);
#101=ORIENTED_EDGE('',*,*,#509,.F.);
#102=ORIENTED_EDGE('',*,*,#502,.F.);
#103=ORIENTED_EDGE('',*,*,#510,.T.);
#104=ORIENTED_EDGE('',*,*,#507,.T.);
#105=ORIENTED_EDGE('',*,*,#501,.T.);
#106=ORIENTED_EDGE('',*,*,#505,.T.);
#107=ORIENTED_EDGE('',*,*,#508,.F.);
#108=ORIENTED_EDGE('',*,*,#510,.F.);
#109=ORIENTED_EDGE('',*,*,#499,.F.);
#110=ORIENTED_EDGE('',*,*,#509,.T.);
#111=ORIENTED_EDGE('',*,*,#506,.T.);
#112=ORIENTED_EDGE('',*,*,#503,.F.);
#113=ORIENTED_EDGE('',*,*,#511,.F.);
#114=ORIENTED_EDGE('',*,*,#512,.F.);
#115=ORIENTED_EDGE('',*,*,#513,.T.);
#116=ORIENTED_EDGE('',*,*,#514,.T.);
#117=ORIENTED_EDGE('',*,*,#515,.T.);
#118=ORIENTED_EDGE('',*,*,#516,.F.);
#119=ORIENTED_EDGE('',*,*,#517,.F.);
#120=ORIENTED_EDGE('',*,*,#512,.T.);
#121=ORIENTED_EDGE('',*,*,#518,.T.);
#122=ORIENTED_EDGE('',*,*,#519,.F.);
#123=ORIENTED_EDGE('',*,*,#520,.F.);
#124=ORIENTED_EDGE('',*,*,#516,.T.);
#125=ORIENTED_EDGE('',*,*,#521,.F.);
#126=ORIENTED_EDGE('',*,*,#514,.F.);
#127=ORIENTED_EDGE('',*,*,#522,.T.);
#128=ORIENTED_EDGE('',*,*,#519,.T.);
#129=ORIENTED_EDGE('',*,*,#513,.F.);
#130=ORIENTED_EDGE('',*,*,#517,.T.);
#131=ORIENTED_EDGE('',*,*,#520,.T.);
#132=ORIENTED_EDGE('',*,*,#522,.F.);
#133=ORIENTED_EDGE('',*,*,#511,.T.);
#134=ORIENTED_EDGE('',*,*,#521,.T.);
#135=ORIENTED_EDGE('',*,*,#518,.F.);
#136=ORIENTED_EDGE('',*,*,#515,.F.);
#137=ORIENTED_EDGE('',*,*,#523,.T.);
#138=ORIENTED_EDGE('',*,*,#524,.F.);
#139=ORIENTED_EDGE('',*,*,#525,.F.);
#140=ORIENTED_EDGE('',*,*,#526,.T.);
#141=ORIENTED_EDGE('',*,*,#527,.T.);
#142=ORIENTED_EDGE('',*,*,#528,.F.);
#143=ORIENTED_EDGE('',*,*,#529,.F.);
#144=ORIENTED_EDGE('',*,*,#524,.T.);
#145=ORIENTED_EDGE('',*,*,#530,.F.);
#146=ORIENTED_EDGE('',*,*,#531,.F.);
#147=ORIENTED_EDGE('',*,*,#532,.T.);
#148=ORIENTED_EDGE('',*,*,#528,.T.);
#149=ORIENTED_EDGE('',*,*,#533,.F.);
#150=ORIENTED_EDGE('',*,*,#526,.F.);
#151=ORIENTED_EDGE('',*,*,#534,.T.);
#152=ORIENTED_EDGE('',*,*,#531,.T.);
#153=ORIENTED_EDGE('',*,*,#525,.T.);
#154=ORIENTED_EDGE('',*,*,#529,.T.);
#155=ORIENTED_EDGE('',*,*,#532,.F.);
#156=ORIENTED_EDGE('',*,*,#534,.F.);
#157=ORIENTED_EDGE('',*,*,#523,.F.);
#158=ORIENTED_EDGE('',*,*,#533,.T.);
#159=ORIENTED_EDGE('',*,*,#530,.T.);
#160=ORIENTED_EDGE('',*,*,#527,.F.);
#161=ORIENTED_EDGE('',*,*,#535,.T.);
#162=ORIENTED_EDGE('',*,*,#536,.F.);
#163=ORIENTED_EDGE('',*,*,#537,.F.);
#164=ORIENTED_EDGE('',*,*,#538,.T.);
#165=ORIENTED_EDGE('',*,*,#539,.T.);
#166=ORIENTED_EDGE('',*,*,#540,.F.);
#167=ORIENTED_EDGE('',*,*,#541,.F.);
#168=ORIENTED_EDGE('',*,*,#536,.T.);
#169=ORIENTED_EDGE('',*,*,#542,.F.);
#170=ORIENTED_EDGE('',*,*,#543,.F.);
#171=ORIENTED_EDGE('',*,*,#544,.T.);
#172=ORIENTED_EDGE('',*,*,#540,.T.);
#173=ORIENTED_EDGE('',*,*,#545,.F.);
#174=ORIENTED_EDGE('',*,*,#538,.F.);
#175=ORIENTED_EDGE('',*,*,#546,.T.);
#176=ORIENTED_EDGE('',*,*,#543,.T.);
#177=ORIENTED_EDGE('',*,*,#537,.T.);
#178=ORIENTED_EDGE('',*,*,#541,.T.);
#179=ORIENTED_EDGE('',*,*,#544,.F.);
#180=ORIENTED_EDGE('',*,*,#546,.F.);
#181=ORIENTED_EDGE('',*,*,#535,.F.);
#182=ORIENTED_EDGE('',*,*,#545,.T.);
#183=ORIENTED_EDGE('',*,*,#542,.T.);
#184=ORIENTED_EDGE('',*,*,#539,.F.);
#185=ORIENTED_EDGE('',*,*,#547,.T.);
#186=ORIENTED_EDGE('',*,*,#548,.F.);
#187=ORIENTED_EDGE('',*,*,#549,.F.);
#188=ORIENTED_EDGE('',*,*,#550,.T.);
#189=ORIENTED_EDGE('',*,*,#551,.T.);
#190=ORIENTED_EDGE('',*,*,#552,.F.);
#191=ORIENTED_EDGE('',*,*,#553,.F.);
#192=ORIENTED_EDGE('',*,*,#548,.T.);
#193=ORIENTED_EDGE('',*,*,#554,.F.);
#194=ORIENTED_EDGE('',*,*,#555,.F.);
#195=ORIENTED_EDGE('',*,*,#556,.T.);
#196=ORIENTED_EDGE('',*,*,#552,.T.);
#197=ORIENTED_EDGE('',*,*,#557,.F.);
#198=ORIENTED_EDGE('',*,*,#550,.F.);
#199=ORIENTED_EDGE('',*,*,#558,.T.);
#200=ORIENTED_EDGE('',*,*,#555,.T.);
#201=ORIENTED_EDGE('',*,*,#549,.T.);
#202=ORIENTED_EDGE('',*,*,#553,.T.);
#203=ORIENTED_EDGE('',*,*,#556,.F.);
#204=ORIENTED_EDGE('',*,*,#558,.F.);
#205=ORIENTED_EDGE('',*,*,#547,.F.);
#206=ORIENTED_EDGE('',*,*,#557,.T.);
#207=ORIENTED_EDGE('',*,*,#554,.T.);
#208=ORIENTED_EDGE('',*,*,#551,.F.);
#209=ORIENTED_EDGE('',*,*,#559,.F.);
#210=ORIENTED_EDGE('',*,*,#560,.F.);
#211=ORIENTED_EDGE('',*,*,#561,.T.);
#212=ORIENTED_EDGE('',*,*,#562,.T.);
#213=ORIENTED_EDGE('',*,*,#563,.T.);
#214=ORIENTED_EDGE('',*,*,#564,.F.);
#215=ORIENTED_EDGE('',*,*,#565,.F.);
#216=ORIENTED_EDGE('',*,*,#560,.T.);
#217=ORIENTED_EDGE('',*,*,#566,.T.);
#218=ORIENTED_EDGE('',*,*,#567,.F.);
#219=ORIENTED_EDGE('',*,*,#568,.F.);
#220=ORIENTED_EDGE('',*,*,#564,.T.);
#221=ORIENTED_EDGE('',*,*,#569,.F.);
#222=ORIENTED_EDGE('',*,*,#562,.F.);
#223=ORIENTED_EDGE('',*,*,#570,.T.);
#224=ORIENTED_EDGE('',*,*,#567,.T.);
#225=ORIENTED_EDGE('',*,*,#561,.F.);
#226=ORIENTED_EDGE('',*,*,#565,.T.);
#227=ORIENTED_EDGE('',*,*,#568,.T.);
#228=ORIENTED_EDGE('',*,*,#570,.F.);
#229=ORIENTED_EDGE('',*,*,#559,.T.);
#230=ORIENTED_EDGE('',*,*,#569,.T.);
#231=ORIENTED_EDGE('',*,*,#566,.F.);
#232=ORIENTED_EDGE('',*,*,#563,.F.);
#233=ORIENTED_EDGE('',*,*,#571,.T.);
#234=ORIENTED_EDGE('',*,*,#572,.F.);
#235=ORIENTED_EDGE('',*,*,#573,.F.);
#236=ORIENTED_EDGE('',*,*,#574,.T.);
#237=ORIENTED_EDGE('',*,*,#575,.T.);
#238=ORIENTED_EDGE('',*,*,#576,.F.);
#239=ORIENTED_EDGE('',*,*,#577,.F.);
#240=ORIENTED_EDGE('',*,*,#572,.T.);
#241=ORIENTED_EDGE('',*,*,#578,.F.);
#242=ORIENTED_EDGE('',*,*,#579,.F.);
#243=ORIENTED_EDGE('',*,*,#580,.T.);
#244=ORIENTED_EDGE('',*,*,#576,.T.);
#245=ORIENTED_EDGE('',*,*,#581,.F.);
#246=ORIENTED_EDGE('',*,*,#574,.F.);
#247=ORIENTED_EDGE('',*,*,#582,.T.);
#248=ORIENTED_EDGE('',*,*,#579,.T.);
#249=ORIENTED_EDGE('',*,*,#573,.T.);
#250=ORIENTED_EDGE('',*,*,#577,.T.);
#251=ORIENTED_EDGE('',*,*,#580,.F.);
#252=ORIENTED_EDGE('',*,*,#582,.F.);
#253=ORIENTED_EDGE('',*,*,#571,.F.);
#254=ORIENTED_EDGE('',*,*,#581,.T.);
#255=ORIENTED_EDGE('',*,*,#578,.T.);
#256=ORIENTED_EDGE('',*,*,#575,.F.);
#257=ORIENTED_EDGE('',*,*,#583,.T.);
#258=ORIENTED_EDGE('',*,*,#584,.F.);
#259=ORIENTED_EDGE('',*,*,#585,.F.);
#260=ORIENTED_EDGE('',*,*,#586,.T.);
#261=ORIENTED_EDGE('',*,*,#587,.T.);
#262=ORIENTED_EDGE('',*,*,#588,.F.);
#263=ORIENTED_EDGE('',*,*,#589,.F.);
#264=ORIENTED_EDGE('',*,*,#584,.T.);
#265=ORIENTED_EDGE('',*,*,#590,.F.);
#266=ORIENTED_EDGE('',*,*,#591,.F.);
#267=ORIENTED_EDGE('',*,*,#592,.T.);
#268=ORIENTED_EDGE('',*,*,#588,.T.);
#269=ORIENTED_EDGE('',*,*,#593,.F.);
#270=ORIENTED_EDGE('',*,*,#586,.F.);
#271=ORIENTED_EDGE('',*,*,#594,.T.);
#272=ORIENTED_EDGE('',*,*,#591,.T.);
#273=ORIENTED_EDGE('',*,*,#585,.T.);
#274=ORIENTED_EDGE('',*,*,#589,.T.);
#275=ORIENTED_EDGE('',*,*,#592,.F.);
#276=ORIENTED_EDGE('',*,*,#594,.F.);
#277=ORIENTED_EDGE('',*,*,#583,.F.);
#278=ORIENTED_EDGE('',*,*,#593,.T.);
#279=ORIENTED_EDGE('',*,*,#590,.T.);
#280=ORIENTED_EDGE('',*,*,#587,.F.);
#281=ORIENTED_EDGE('',*,*,#595,.F.);
#282=ORIENTED_EDGE('',*,*,#596,.F.);
#283=ORIENTED_EDGE('',*,*,#597,.T.);
#284=ORIENTED_EDGE('',*,*,#598,.T.);
#285=ORIENTED_EDGE('',*,*,#599,.T.);
#286=ORIENTED_EDGE('',*,*,#600,.F.);
#287=ORIENTED_EDGE('',*,*,#601,.F.);
#288=ORIENTED_EDGE('',*,*,#596,.T.);
#289=ORIENTED_EDGE('',*,*,#602,.T.);
#290=ORIENTED_EDGE('',*,*,#603,.F.);
#291=ORIENTED_EDGE('',*,*,#604,.F.);
#292=ORIENTED_EDGE('',*,*,#600,.T.);
#293=ORIENTED_EDGE('',*,*,#605,.F.);
#294=ORIENTED_EDGE('',*,*,#598,.F.);
#295=ORIENTED_EDGE('',*,*,#606,.T.);
#296=ORIENTED_EDGE('',*,*,#603,.T.);
#297=ORIENTED_EDGE('',*,*,#597,.F.);
#298=ORIENTED_EDGE('',*,*,#601,.T.);
#299=ORIENTED_EDGE('',*,*,#604,.T.);
#300=ORIENTED_EDGE('',*,*,#606,.F.);
#301=ORIENTED_EDGE('',*,*,#595,.T.);
#302=ORIENTED_EDGE('',*,*,#605,.T.);
#303=ORIENTED_EDGE('',*,*,#602,.F.);
#304=ORIENTED_EDGE('',*,*,#599,.F.);
#305=ORIENTED_EDGE('',*,*,#607,.F.);
#306=ORIENTED_EDGE('',*,*,#608,.T.);
#307=ORIENTED_EDGE('',*,*,#609,.F.);
#308=ORIENTED_EDGE('',*,*,#610,.T.);
#309=ORIENTED_EDGE('',*,*,#611,.T.);
#310=ORIENTED_EDGE('',*,*,#612,.T.);
#311=ORIENTED_EDGE('',*,*,#613,.T.);
#312=ORIENTED_EDGE('',*,*,#614,.T.);
#313=ORIENTED_EDGE('',*,*,#615,.F.);
#314=ORIENTED_EDGE('',*,*,#616,.F.);
#315=ORIENTED_EDGE('',*,*,#617,.F.);
#316=ORIENTED_EDGE('',*,*,#618,.T.);
#317=ORIENTED_EDGE('',*,*,#619,.T.);
#318=ORIENTED_EDGE('',*,*,#620,.F.);
#319=ORIENTED_EDGE('',*,*,#621,.F.);
#320=ORIENTED_EDGE('',*,*,#622,.F.);
#321=ORIENTED_EDGE('',*,*,#623,.T.);
#322=ORIENTED_EDGE('',*,*,#621,.T.);
#323=ORIENTED_EDGE('',*,*,#624,.T.);
#324=ORIENTED_EDGE('',*,*,#625,.T.);
#325=ORIENTED_EDGE('',*,*,#626,.F.);
#326=ORIENTED_EDGE('',*,*,#627,.T.);
#327=ORIENTED_EDGE('',*,*,#628,.T.);
#328=ORIENTED_EDGE('',*,*,#629,.F.);
#329=ORIENTED_EDGE('',*,*,#630,.F.);
#330=ORIENTED_EDGE('',*,*,#631,.F.);
#331=ORIENTED_EDGE('',*,*,#632,.T.);
#332=ORIENTED_EDGE('',*,*,#633,.F.);
#333=ORIENTED_EDGE('',*,*,#616,.T.);
#334=ORIENTED_EDGE('',*,*,#634,.F.);
#335=ORIENTED_EDGE('',*,*,#635,.T.);
#336=ORIENTED_EDGE('',*,*,#636,.F.);
#337=ORIENTED_EDGE('',*,*,#637,.T.);
#338=ORIENTED_EDGE('',*,*,#638,.F.);
#339=ORIENTED_EDGE('',*,*,#639,.T.);
#340=ORIENTED_EDGE('',*,*,#628,.F.);
#341=ORIENTED_EDGE('',*,*,#640,.T.);
#342=ORIENTED_EDGE('',*,*,#641,.T.);
#343=ORIENTED_EDGE('',*,*,#642,.F.);
#344=ORIENTED_EDGE('',*,*,#643,.T.);
#345=ORIENTED_EDGE('',*,*,#644,.T.);
#346=ORIENTED_EDGE('',*,*,#645,.F.);
#347=ORIENTED_EDGE('',*,*,#646,.F.);
#348=ORIENTED_EDGE('',*,*,#635,.F.);
#349=ORIENTED_EDGE('',*,*,#647,.T.);
#350=ORIENTED_EDGE('',*,*,#648,.F.);
#351=ORIENTED_EDGE('',*,*,#649,.F.);
#352=ORIENTED_EDGE('',*,*,#650,.T.);
#353=ORIENTED_EDGE('',*,*,#639,.F.);
#354=ORIENTED_EDGE('',*,*,#651,.T.);
#355=ORIENTED_EDGE('',*,*,#652,.F.);
#356=ORIENTED_EDGE('',*,*,#626,.T.);
#357=ORIENTED_EDGE('',*,*,#653,.T.);
#358=ORIENTED_EDGE('',*,*,#654,.F.);
#359=ORIENTED_EDGE('',*,*,#630,.T.);
#360=ORIENTED_EDGE('',*,*,#655,.T.);
#361=ORIENTED_EDGE('',*,*,#656,.F.);
#362=ORIENTED_EDGE('',*,*,#657,.T.);
#363=ORIENTED_EDGE('',*,*,#658,.T.);
#364=ORIENTED_EDGE('',*,*,#659,.F.);
#365=ORIENTED_EDGE('',*,*,#660,.F.);
#366=ORIENTED_EDGE('',*,*,#657,.F.);
#367=ORIENTED_EDGE('',*,*,#661,.F.);
#368=ORIENTED_EDGE('',*,*,#646,.T.);
#369=ORIENTED_EDGE('',*,*,#662,.T.);
#370=ORIENTED_EDGE('',*,*,#660,.T.);
#371=ORIENTED_EDGE('',*,*,#663,.F.);
#372=ORIENTED_EDGE('',*,*,#643,.F.);
#373=ORIENTED_EDGE('',*,*,#661,.T.);
#374=ORIENTED_EDGE('',*,*,#659,.T.);
#375=ORIENTED_EDGE('',*,*,#664,.F.);
#376=ORIENTED_EDGE('',*,*,#644,.F.);
#377=ORIENTED_EDGE('',*,*,#663,.T.);
#378=ORIENTED_EDGE('',*,*,#658,.F.);
#379=ORIENTED_EDGE('',*,*,#662,.F.);
#380=ORIENTED_EDGE('',*,*,#645,.T.);
#381=ORIENTED_EDGE('',*,*,#664,.T.);
#382=ORIENTED_EDGE('',*,*,#665,.F.);
#383=ORIENTED_EDGE('',*,*,#666,.F.);
#384=ORIENTED_EDGE('',*,*,#667,.T.);
#385=ORIENTED_EDGE('',*,*,#611,.F.);
#386=ORIENTED_EDGE('',*,*,#668,.F.);
#387=ORIENTED_EDGE('',*,*,#649,.T.);
#388=ORIENTED_EDGE('',*,*,#669,.T.);
#389=ORIENTED_EDGE('',*,*,#640,.F.);
#390=ORIENTED_EDGE('',*,*,#627,.F.);
#391=ORIENTED_EDGE('',*,*,#652,.T.);
#392=ORIENTED_EDGE('',*,*,#670,.F.);
#393=ORIENTED_EDGE('',*,*,#671,.F.);
#394=ORIENTED_EDGE('',*,*,#629,.T.);
#395=ORIENTED_EDGE('',*,*,#642,.T.);
#396=ORIENTED_EDGE('',*,*,#672,.F.);
#397=ORIENTED_EDGE('',*,*,#655,.F.);
#398=ORIENTED_EDGE('',*,*,#673,.F.);
#399=ORIENTED_EDGE('',*,*,#674,.F.);
#400=ORIENTED_EDGE('',*,*,#675,.T.);
#401=ORIENTED_EDGE('',*,*,#676,.F.);
#402=ORIENTED_EDGE('',*,*,#677,.T.);
#403=ORIENTED_EDGE('',*,*,#656,.T.);
#404=ORIENTED_EDGE('',*,*,#672,.T.);
#405=ORIENTED_EDGE('',*,*,#641,.F.);
#406=ORIENTED_EDGE('',*,*,#669,.F.);
#407=ORIENTED_EDGE('',*,*,#648,.T.);
#408=ORIENTED_EDGE('',*,*,#678,.F.);
#409=ORIENTED_EDGE('',*,*,#614,.F.);
#410=ORIENTED_EDGE('',*,*,#647,.F.);
#411=ORIENTED_EDGE('',*,*,#634,.T.);
#412=ORIENTED_EDGE('',*,*,#615,.T.);
#413=ORIENTED_EDGE('',*,*,#678,.T.);
#414=ORIENTED_EDGE('',*,*,#617,.T.);
#415=ORIENTED_EDGE('',*,*,#633,.T.);
#416=ORIENTED_EDGE('',*,*,#650,.F.);
#417=ORIENTED_EDGE('',*,*,#668,.T.);
#418=ORIENTED_EDGE('',*,*,#651,.F.);
#419=ORIENTED_EDGE('',*,*,#638,.T.);
#420=ORIENTED_EDGE('',*,*,#679,.T.);
#421=ORIENTED_EDGE('',*,*,#670,.T.);
#422=ORIENTED_EDGE('',*,*,#680,.T.);
#423=ORIENTED_EDGE('',*,*,#636,.T.);
#424=ORIENTED_EDGE('',*,*,#653,.F.);
#425=ORIENTED_EDGE('',*,*,#625,.F.);
#426=ORIENTED_EDGE('',*,*,#681,.F.);
#427=ORIENTED_EDGE('',*,*,#671,.T.);
#428=ORIENTED_EDGE('',*,*,#679,.F.);
#429=ORIENTED_EDGE('',*,*,#637,.F.);
#430=ORIENTED_EDGE('',*,*,#680,.F.);
#431=ORIENTED_EDGE('',*,*,#624,.F.);
#432=ORIENTED_EDGE('',*,*,#620,.T.);
#433=ORIENTED_EDGE('',*,*,#654,.T.);
#434=ORIENTED_EDGE('',*,*,#677,.F.);
#435=ORIENTED_EDGE('',*,*,#682,.F.);
#436=ORIENTED_EDGE('',*,*,#631,.T.);
#437=ORIENTED_EDGE('',*,*,#632,.F.);
#438=ORIENTED_EDGE('',*,*,#682,.T.);
#439=ORIENTED_EDGE('',*,*,#676,.T.);
#440=ORIENTED_EDGE('',*,*,#683,.F.);
#441=ORIENTED_EDGE('',*,*,#609,.T.);
#442=ORIENTED_EDGE('',*,*,#684,.T.);
#443=ORIENTED_EDGE('',*,*,#618,.F.);
#444=ORIENTED_EDGE('',*,*,#623,.F.);
#445=ORIENTED_EDGE('',*,*,#685,.T.);
#446=ORIENTED_EDGE('',*,*,#674,.T.);
#447=ORIENTED_EDGE('',*,*,#686,.F.);
#448=ORIENTED_EDGE('',*,*,#687,.T.);
#449=ORIENTED_EDGE('',*,*,#622,.T.);
#450=ORIENTED_EDGE('',*,*,#683,.T.);
#451=ORIENTED_EDGE('',*,*,#675,.F.);
#452=ORIENTED_EDGE('',*,*,#685,.F.);
#453=ORIENTED_EDGE('',*,*,#688,.F.);
#454=ORIENTED_EDGE('',*,*,#686,.T.);
#455=ORIENTED_EDGE('',*,*,#673,.T.);
#456=ORIENTED_EDGE('',*,*,#613,.F.);
#457=ORIENTED_EDGE('',*,*,#689,.T.);
#458=ORIENTED_EDGE('',*,*,#607,.T.);
#459=ORIENTED_EDGE('',*,*,#690,.F.);
#460=ORIENTED_EDGE('',*,*,#691,.F.);
#461=ORIENTED_EDGE('',*,*,#612,.F.);
#462=ORIENTED_EDGE('',*,*,#667,.F.);
#463=ORIENTED_EDGE('',*,*,#692,.T.);
#464=ORIENTED_EDGE('',*,*,#690,.T.);
#465=ORIENTED_EDGE('',*,*,#610,.F.);
#466=ORIENTED_EDGE('',*,*,#687,.F.);
#467=ORIENTED_EDGE('',*,*,#688,.T.);
#468=ORIENTED_EDGE('',*,*,#692,.F.);
#469=ORIENTED_EDGE('',*,*,#666,.T.);
#470=ORIENTED_EDGE('',*,*,#693,.T.);
#471=ORIENTED_EDGE('',*,*,#691,.T.);
#472=ORIENTED_EDGE('',*,*,#681,.T.);
#473=ORIENTED_EDGE('',*,*,#619,.F.);
#474=ORIENTED_EDGE('',*,*,#684,.F.);
#475=ORIENTED_EDGE('',*,*,#608,.F.);
#476=ORIENTED_EDGE('',*,*,#689,.F.);
#477=ORIENTED_EDGE('',*,*,#693,.F.);
#478=ORIENTED_EDGE('',*,*,#665,.T.);
#479=EDGE_CURVE('',#694,#695,#836,.T.);
#480=EDGE_CURVE('',#694,#696,#837,.T.);
#481=EDGE_CURVE('',#696,#697,#838,.T.);
#482=EDGE_CURVE('',#695,#697,#839,.T.);
#483=EDGE_CURVE('',#698,#699,#840,.T.);
#484=EDGE_CURVE('',#698,#694,#841,.F.);
#485=EDGE_CURVE('',#695,#699,#842,.T.);
#486=EDGE_CURVE('',#700,#701,#843,.T.);
#487=EDGE_CURVE('',#700,#698,#844,.F.);
#488=EDGE_CURVE('',#699,#701,#845,.T.);
#489=EDGE_CURVE('',#696,#700,#846,.T.);
#490=EDGE_CURVE('',#697,#701,#847,.T.);
#491=EDGE_CURVE('',#702,#703,#848,.F.);
#492=EDGE_CURVE('',#703,#704,#849,.T.);
#493=EDGE_CURVE('',#704,#705,#850,.T.);
#494=EDGE_CURVE('',#705,#702,#851,.F.);
#495=EDGE_CURVE('',#696,#702,#38,.T.);
#496=EDGE_CURVE('',#703,#694,#39,.F.);
#497=EDGE_CURVE('',#704,#698,#40,.F.);
#498=EDGE_CURVE('',#700,#705,#41,.T.);
#499=EDGE_CURVE('',#706,#707,#852,.T.);
#500=EDGE_CURVE('',#708,#707,#853,.T.);
#501=EDGE_CURVE('',#709,#708,#854,.T.);
#502=EDGE_CURVE('',#709,#706,#855,.T.);
#503=EDGE_CURVE('',#707,#710,#856,.T.);
#504=EDGE_CURVE('',#711,#710,#857,.T.);
#505=EDGE_CURVE('',#708,#711,#858,.T.);
#506=EDGE_CURVE('',#712,#710,#859,.T.);
#507=EDGE_CURVE('',#713,#712,#860,.T.);
#508=EDGE_CURVE('',#713,#711,#861,.T.);
#509=EDGE_CURVE('',#706,#712,#862,.T.);
#510=EDGE_CURVE('',#709,#713,#863,.T.);
#511=EDGE_CURVE('',#714,#715,#864,.T.);
#512=EDGE_CURVE('',#716,#714,#865,.T.);
#513=EDGE_CURVE('',#716,#717,#866,.T.);
#514=EDGE_CURVE('',#717,#715,#867,.T.);
#515=EDGE_CURVE('',#714,#718,#868,.T.);
#516=EDGE_CURVE('',#719,#718,#869,.T.);
#517=EDGE_CURVE('',#716,#719,#870,.T.);
#518=EDGE_CURVE('',#718,#720,#871,.T.);
#519=EDGE_CURVE('',#721,#720,#872,.T.);
#520=EDGE_CURVE('',#719,#721,#873,.T.);
#521=EDGE_CURVE('',#715,#720,#874,.T.);
#522=EDGE_CURVE('',#717,#721,#875,.T.);
#523=EDGE_CURVE('',#722,#723,#876,.T.);
#524=EDGE_CURVE('',#724,#723,#877,.T.);
#525=EDGE_CURVE('',#725,#724,#878,.T.);
#526=EDGE_CURVE('',#725,#722,#879,.T.);
#527=EDGE_CURVE('',#723,#726,#880,.T.);
#528=EDGE_CURVE('',#727,#726,#881,.T.);
#529=EDGE_CURVE('',#724,#727,#882,.T.);
#530=EDGE_CURVE('',#728,#726,#883,.T.);
#531=EDGE_CURVE('',#729,#728,#884,.T.);
#532=EDGE_CURVE('',#729,#727,#885,.T.);
#533=EDGE_CURVE('',#722,#728,#886,.T.);
#534=EDGE_CURVE('',#725,#729,#887,.T.);
#535=EDGE_CURVE('',#730,#731,#888,.T.);
#536=EDGE_CURVE('',#732,#731,#889,.T.);
#537=EDGE_CURVE('',#733,#732,#890,.T.);
#538=EDGE_CURVE('',#733,#730,#891,.T.);
#539=EDGE_CURVE('',#731,#734,#892,.T.);
#540=EDGE_CURVE('',#735,#734,#893,.T.);
#541=EDGE_CURVE('',#732,#735,#894,.T.);
#542=EDGE_CURVE('',#736,#734,#895,.T.);
#543=EDGE_CURVE('',#737,#736,#896,.T.);
#544=EDGE_CURVE('',#737,#735,#897,.T.);
#545=EDGE_CURVE('',#730,#736,#898,.T.);
#546=EDGE_CURVE('',#733,#737,#899,.T.);
#547=EDGE_CURVE('',#738,#739,#900,.T.);
#548=EDGE_CURVE('',#740,#739,#901,.T.);
#549=EDGE_CURVE('',#741,#740,#902,.T.);
#550=EDGE_CURVE('',#741,#738,#903,.T.);
#551=EDGE_CURVE('',#739,#742,#904,.T.);
#552=EDGE_CURVE('',#743,#742,#905,.T.);
#553=EDGE_CURVE('',#740,#743,#906,.T.);
#554=EDGE_CURVE('',#744,#742,#907,.T.);
#555=EDGE_CURVE('',#745,#744,#908,.T.);
#556=EDGE_CURVE('',#745,#743,#909,.T.);
#557=EDGE_CURVE('',#738,#744,#910,.T.);
#558=EDGE_CURVE('',#741,#745,#911,.T.);
#559=EDGE_CURVE('',#746,#747,#912,.T.);
#560=EDGE_CURVE('',#748,#746,#913,.T.);
#561=EDGE_CURVE('',#748,#749,#914,.T.);
#562=EDGE_CURVE('',#749,#747,#915,.T.);
#563=EDGE_CURVE('',#746,#750,#916,.T.);
#564=EDGE_CURVE('',#751,#750,#917,.T.);
#565=EDGE_CURVE('',#748,#751,#918,.T.);
#566=EDGE_CURVE('',#750,#752,#919,.T.);
#567=EDGE_CURVE('',#753,#752,#920,.T.);
#568=EDGE_CURVE('',#751,#753,#921,.T.);
#569=EDGE_CURVE('',#747,#752,#922,.T.);
#570=EDGE_CURVE('',#749,#753,#923,.T.);
#571=EDGE_CURVE('',#754,#755,#924,.T.);
#572=EDGE_CURVE('',#756,#755,#925,.T.);
#573=EDGE_CURVE('',#757,#756,#926,.T.);
#574=EDGE_CURVE('',#757,#754,#927,.T.);
#575=EDGE_CURVE('',#755,#758,#928,.T.);
#576=EDGE_CURVE('',#759,#758,#929,.T.);
#577=EDGE_CURVE('',#756,#759,#930,.T.);
#578=EDGE_CURVE('',#760,#758,#931,.T.);
#579=EDGE_CURVE('',#761,#760,#932,.T.);
#580=EDGE_CURVE('',#761,#759,#933,.T.);
#581=EDGE_CURVE('',#754,#760,#934,.T.);
#582=EDGE_CURVE('',#757,#761,#935,.T.);
#583=EDGE_CURVE('',#762,#763,#936,.T.);
#584=EDGE_CURVE('',#764,#763,#937,.T.);
#585=EDGE_CURVE('',#765,#764,#938,.T.);
#586=EDGE_CURVE('',#765,#762,#939,.T.);
#587=EDGE_CURVE('',#763,#766,#940,.T.);
#588=EDGE_CURVE('',#767,#766,#941,.T.);
#589=EDGE_CURVE('',#764,#767,#942,.T.);
#590=EDGE_CURVE('',#768,#766,#943,.T.);
#591=EDGE_CURVE('',#769,#768,#944,.T.);
#592=EDGE_CURVE('',#769,#767,#945,.T.);
#593=EDGE_CURVE('',#762,#768,#946,.T.);
#594=EDGE_CURVE('',#765,#769,#947,.T.);
#595=EDGE_CURVE('',#770,#771,#948,.T.);
#596=EDGE_CURVE('',#772,#770,#949,.T.);
#597=EDGE_CURVE('',#772,#773,#950,.T.);
#598=EDGE_CURVE('',#773,#771,#951,.T.);
#599=EDGE_CURVE('',#770,#774,#952,.T.);
#600=EDGE_CURVE('',#775,#774,#953,.T.);
#601=EDGE_CURVE('',#772,#775,#954,.T.);
#602=EDGE_CURVE('',#774,#776,#955,.T.);
#603=EDGE_CURVE('',#777,#776,#956,.T.);
#604=EDGE_CURVE('',#775,#777,#957,.T.);
#605=EDGE_CURVE('',#771,#776,#958,.T.);
#606=EDGE_CURVE('',#773,#777,#959,.T.);
#607=EDGE_CURVE('',#778,#779,#960,.T.);
#608=EDGE_CURVE('',#778,#780,#10,.F.);
#609=EDGE_CURVE('',#781,#780,#961,.F.);
#610=EDGE_CURVE('',#781,#779,#11,.T.);
#611=EDGE_CURVE('',#782,#783,#962,.T.);
#612=EDGE_CURVE('',#783,#784,#963,.T.);
#613=EDGE_CURVE('',#784,#785,#964,.T.);
#614=EDGE_CURVE('',#785,#786,#965,.T.);
#615=EDGE_CURVE('',#787,#786,#966,.T.);
#616=EDGE_CURVE('',#788,#787,#12,.T.);
#617=EDGE_CURVE('',#782,#788,#967,.T.);
#618=EDGE_CURVE('',#789,#790,#968,.T.);
#619=EDGE_CURVE('',#790,#791,#969,.T.);
#620=EDGE_CURVE('',#792,#791,#970,.T.);
#621=EDGE_CURVE('',#789,#792,#971,.T.);
#622=EDGE_CURVE('',#793,#794,#972,.T.);
#623=EDGE_CURVE('',#793,#789,#973,.T.);
#624=EDGE_CURVE('',#792,#795,#974,.T.);
#625=EDGE_CURVE('',#795,#796,#975,.T.);
#626=EDGE_CURVE('',#797,#796,#976,.T.);
#627=EDGE_CURVE('',#797,#798,#977,.T.);
#628=EDGE_CURVE('',#798,#799,#978,.T.);
#629=EDGE_CURVE('',#800,#799,#979,.T.);
#630=EDGE_CURVE('',#801,#800,#980,.T.);
#631=EDGE_CURVE('',#802,#801,#981,.T.);
#632=EDGE_CURVE('',#802,#794,#982,.T.);
#633=EDGE_CURVE('',#788,#803,#983,.T.);
#634=EDGE_CURVE('',#804,#787,#984,.F.);
#635=EDGE_CURVE('',#804,#803,#13,.F.);
#636=EDGE_CURVE('',#805,#806,#985,.T.);
#637=EDGE_CURVE('',#805,#807,#14,.T.);
#638=EDGE_CURVE('',#808,#807,#986,.F.);
#639=EDGE_CURVE('',#808,#806,#15,.F.);
#640=EDGE_CURVE('',#798,#809,#987,.T.);
#641=EDGE_CURVE('',#809,#810,#988,.T.);
#642=EDGE_CURVE('',#799,#810,#989,.T.);
#643=EDGE_CURVE('',#811,#812,#990,.T.);
#644=EDGE_CURVE('',#812,#813,#991,.T.);
#645=EDGE_CURVE('',#814,#813,#992,.T.);
#646=EDGE_CURVE('',#811,#814,#993,.T.);
#647=EDGE_CURVE('',#804,#815,#994,.T.);
#648=EDGE_CURVE('',#816,#815,#995,.T.);
#649=EDGE_CURVE('',#817,#816,#996,.T.);
#650=EDGE_CURVE('',#817,#803,#997,.T.);
#651=EDGE_CURVE('',#808,#818,#998,.T.);
#652=EDGE_CURVE('',#797,#818,#999,.T.);
#653=EDGE_CURVE('',#796,#806,#1000,.T.);
#654=EDGE_CURVE('',#801,#819,#1001,.T.);
#655=EDGE_CURVE('',#800,#820,#1002,.T.);
#656=EDGE_CURVE('',#819,#820,#1003,.T.);
#657=EDGE_CURVE('',#821,#822,#1004,.T.);
#658=EDGE_CURVE('',#822,#823,#1005,.T.);
#659=EDGE_CURVE('',#824,#823,#1006,.T.);
#660=EDGE_CURVE('',#821,#824,#1007,.T.);
#661=EDGE_CURVE('',#811,#821,#1008,.T.);
#662=EDGE_CURVE('',#814,#822,#1009,.T.);
#663=EDGE_CURVE('',#812,#824,#1010,.T.);
#664=EDGE_CURVE('',#813,#823,#1011,.T.);
#665=EDGE_CURVE('',#825,#826,#1012,.T.);
#666=EDGE_CURVE('',#827,#825,#1013,.T.);
#667=EDGE_CURVE('',#827,#783,#1014,.T.);
#668=EDGE_CURVE('',#817,#782,#1015,.T.);
#669=EDGE_CURVE('',#816,#809,#1016,.T.);
#670=EDGE_CURVE('',#828,#818,#1017,.T.);
#671=EDGE_CURVE('',#826,#828,#1018,.T.);
#672=EDGE_CURVE('',#820,#810,#1019,.T.);
#673=EDGE_CURVE('',#829,#785,#1020,.T.);
#674=EDGE_CURVE('',#830,#829,#1021,.T.);
#675=EDGE_CURVE('',#830,#831,#1022,.T.);
#676=EDGE_CURVE('',#832,#831,#1023,.T.);
#677=EDGE_CURVE('',#832,#819,#1024,.T.);
#678=EDGE_CURVE('',#786,#815,#1025,.T.);
#679=EDGE_CURVE('',#807,#828,#1026,.T.);
#680=EDGE_CURVE('',#795,#805,#1027,.T.);
#681=EDGE_CURVE('',#826,#791,#1028,.T.);
#682=EDGE_CURVE('',#802,#832,#1029,.T.);
#683=EDGE_CURVE('',#794,#831,#1030,.T.);
#684=EDGE_CURVE('',#780,#790,#1031,.T.);
#685=EDGE_CURVE('',#793,#830,#1032,.T.);
#686=EDGE_CURVE('',#833,#829,#1033,.T.);
#687=EDGE_CURVE('',#833,#781,#1034,.T.);
#688=EDGE_CURVE('',#833,#784,#1035,.T.);
#689=EDGE_CURVE('',#834,#778,#1036,.T.);
#690=EDGE_CURVE('',#835,#779,#1037,.T.);
#691=EDGE_CURVE('',#834,#835,#1038,.T.);
#692=EDGE_CURVE('',#827,#835,#1039,.T.);
#693=EDGE_CURVE('',#825,#834,#1040,.T.);
#694=VERTEX_POINT('',#2297);
#695=VERTEX_POINT('',#2298);
#696=VERTEX_POINT('',#2300);
#697=VERTEX_POINT('',#2302);
#698=VERTEX_POINT('',#2306);
#699=VERTEX_POINT('',#2307);
#700=VERTEX_POINT('',#2312);
#701=VERTEX_POINT('',#2313);
#702=VERTEX_POINT('',#2321);
#703=VERTEX_POINT('',#2322);
#704=VERTEX_POINT('',#2324);
#705=VERTEX_POINT('',#2326);
#706=VERTEX_POINT('',#2340);
#707=VERTEX_POINT('',#2341);
#708=VERTEX_POINT('',#2343);
#709=VERTEX_POINT('',#2345);
#710=VERTEX_POINT('',#2349);
#711=VERTEX_POINT('',#2351);
#712=VERTEX_POINT('',#2355);
#713=VERTEX_POINT('',#2357);
#714=VERTEX_POINT('',#2367);
#715=VERTEX_POINT('',#2368);
#716=VERTEX_POINT('',#2370);
#717=VERTEX_POINT('',#2372);
#718=VERTEX_POINT('',#2376);
#719=VERTEX_POINT('',#2378);
#720=VERTEX_POINT('',#2382);
#721=VERTEX_POINT('',#2384);
#722=VERTEX_POINT('',#2394);
#723=VERTEX_POINT('',#2395);
#724=VERTEX_POINT('',#2397);
#725=VERTEX_POINT('',#2399);
#726=VERTEX_POINT('',#2403);
#727=VERTEX_POINT('',#2405);
#728=VERTEX_POINT('',#2409);
#729=VERTEX_POINT('',#2411);
#730=VERTEX_POINT('',#2421);
#731=VERTEX_POINT('',#2422);
#732=VERTEX_POINT('',#2424);
#733=VERTEX_POINT('',#2426);
#734=VERTEX_POINT('',#2430);
#735=VERTEX_POINT('',#2432);
#736=VERTEX_POINT('',#2436);
#737=VERTEX_POINT('',#2438);
#738=VERTEX_POINT('',#2448);
#739=VERTEX_POINT('',#2449);
#740=VERTEX_POINT('',#2451);
#741=VERTEX_POINT('',#2453);
#742=VERTEX_POINT('',#2457);
#743=VERTEX_POINT('',#2459);
#744=VERTEX_POINT('',#2463);
#745=VERTEX_POINT('',#2465);
#746=VERTEX_POINT('',#2475);
#747=VERTEX_POINT('',#2476);
#748=VERTEX_POINT('',#2478);
#749=VERTEX_POINT('',#2480);
#750=VERTEX_POINT('',#2484);
#751=VERTEX_POINT('',#2486);
#752=VERTEX_POINT('',#2490);
#753=VERTEX_POINT('',#2492);
#754=VERTEX_POINT('',#2502);
#755=VERTEX_POINT('',#2503);
#756=VERTEX_POINT('',#2505);
#757=VERTEX_POINT('',#2507);
#758=VERTEX_POINT('',#2511);
#759=VERTEX_POINT('',#2513);
#760=VERTEX_POINT('',#2517);
#761=VERTEX_POINT('',#2519);
#762=VERTEX_POINT('',#2529);
#763=VERTEX_POINT('',#2530);
#764=VERTEX_POINT('',#2532);
#765=VERTEX_POINT('',#2534);
#766=VERTEX_POINT('',#2538);
#767=VERTEX_POINT('',#2540);
#768=VERTEX_POINT('',#2544);
#769=VERTEX_POINT('',#2546);
#770=VERTEX_POINT('',#2556);
#771=VERTEX_POINT('',#2557);
#772=VERTEX_POINT('',#2559);
#773=VERTEX_POINT('',#2561);
#774=VERTEX_POINT('',#2565);
#775=VERTEX_POINT('',#2567);
#776=VERTEX_POINT('',#2571);
#777=VERTEX_POINT('',#2573);
#778=VERTEX_POINT('',#2583);
#779=VERTEX_POINT('',#2584);
#780=VERTEX_POINT('',#2586);
#781=VERTEX_POINT('',#2588);
#782=VERTEX_POINT('',#2592);
#783=VERTEX_POINT('',#2593);
#784=VERTEX_POINT('',#2595);
#785=VERTEX_POINT('',#2597);
#786=VERTEX_POINT('',#2599);
#787=VERTEX_POINT('',#2601);
#788=VERTEX_POINT('',#2603);
#789=VERTEX_POINT('',#2607);
#790=VERTEX_POINT('',#2608);
#791=VERTEX_POINT('',#2610);
#792=VERTEX_POINT('',#2612);
#793=VERTEX_POINT('',#2616);
#794=VERTEX_POINT('',#2617);
#795=VERTEX_POINT('',#2620);
#796=VERTEX_POINT('',#2622);
#797=VERTEX_POINT('',#2624);
#798=VERTEX_POINT('',#2626);
#799=VERTEX_POINT('',#2628);
#800=VERTEX_POINT('',#2630);
#801=VERTEX_POINT('',#2632);
#802=VERTEX_POINT('',#2634);
#803=VERTEX_POINT('',#2638);
#804=VERTEX_POINT('',#2640);
#805=VERTEX_POINT('',#2644);
#806=VERTEX_POINT('',#2645);
#807=VERTEX_POINT('',#2647);
#808=VERTEX_POINT('',#2649);
#809=VERTEX_POINT('',#2653);
#810=VERTEX_POINT('',#2655);
#811=VERTEX_POINT('',#2658);
#812=VERTEX_POINT('',#2659);
#813=VERTEX_POINT('',#2661);
#814=VERTEX_POINT('',#2663);
#815=VERTEX_POINT('',#2667);
#816=VERTEX_POINT('',#2669);
#817=VERTEX_POINT('',#2671);
#818=VERTEX_POINT('',#2674);
#819=VERTEX_POINT('',#2678);
#820=VERTEX_POINT('',#2680);
#821=VERTEX_POINT('',#2683);
#822=VERTEX_POINT('',#2684);
#823=VERTEX_POINT('',#2686);
#824=VERTEX_POINT('',#2688);
#825=VERTEX_POINT('',#2700);
#826=VERTEX_POINT('',#2701);
#827=VERTEX_POINT('',#2703);
#828=VERTEX_POINT('',#2708);
#829=VERTEX_POINT('',#2714);
#830=VERTEX_POINT('',#2716);
#831=VERTEX_POINT('',#2718);
#832=VERTEX_POINT('',#2720);
#833=VERTEX_POINT('',#2739);
#834=VERTEX_POINT('',#2746);
#835=VERTEX_POINT('',#2748);
#836=LINE('',#2296,#1041);
#837=LINE('',#2299,#1042);
#838=LINE('',#2301,#1043);
#839=LINE('',#2303,#1044);
#840=LINE('',#2305,#1045);
#841=LINE('',#2308,#1046);
#842=LINE('',#2309,#1047);
#843=LINE('',#2311,#1048);
#844=LINE('',#2314,#1049);
#845=LINE('',#2315,#1050);
#846=LINE('',#2317,#1051);
#847=LINE('',#2318,#1052);
#848=LINE('',#2320,#1053);
#849=LINE('',#2323,#1054);
#850=LINE('',#2325,#1055);
#851=LINE('',#2327,#1056);
#852=LINE('',#2339,#1057);
#853=LINE('',#2342,#1058);
#854=LINE('',#2344,#1059);
#855=LINE('',#2346,#1060);
#856=LINE('',#2348,#1061);
#857=LINE('',#2350,#1062);
#858=LINE('',#2352,#1063);
#859=LINE('',#2354,#1064);
#860=LINE('',#2356,#1065);
#861=LINE('',#2358,#1066);
#862=LINE('',#2360,#1067);
#863=LINE('',#2361,#1068);
#864=LINE('',#2366,#1069);
#865=LINE('',#2369,#1070);
#866=LINE('',#2371,#1071);
#867=LINE('',#2373,#1072);
#868=LINE('',#2375,#1073);
#869=LINE('',#2377,#1074);
#870=LINE('',#2379,#1075);
#871=LINE('',#2381,#1076);
#872=LINE('',#2383,#1077);
#873=LINE('',#2385,#1078);
#874=LINE('',#2387,#1079);
#875=LINE('',#2388,#1080);
#876=LINE('',#2393,#1081);
#877=LINE('',#2396,#1082);
#878=LINE('',#2398,#1083);
#879=LINE('',#2400,#1084);
#880=LINE('',#2402,#1085);
#881=LINE('',#2404,#1086);
#882=LINE('',#2406,#1087);
#883=LINE('',#2408,#1088);
#884=LINE('',#2410,#1089);
#885=LINE('',#2412,#1090);
#886=LINE('',#2414,#1091);
#887=LINE('',#2415,#1092);
#888=LINE('',#2420,#1093);
#889=LINE('',#2423,#1094);
#890=LINE('',#2425,#1095);
#891=LINE('',#2427,#1096);
#892=LINE('',#2429,#1097);
#893=LINE('',#2431,#1098);
#894=LINE('',#2433,#1099);
#895=LINE('',#2435,#1100);
#896=LINE('',#2437,#1101);
#897=LINE('',#2439,#1102);
#898=LINE('',#2441,#1103);
#899=LINE('',#2442,#1104);
#900=LINE('',#2447,#1105);
#901=LINE('',#2450,#1106);
#902=LINE('',#2452,#1107);
#903=LINE('',#2454,#1108);
#904=LINE('',#2456,#1109);
#905=LINE('',#2458,#1110);
#906=LINE('',#2460,#1111);
#907=LINE('',#2462,#1112);
#908=LINE('',#2464,#1113);
#909=LINE('',#2466,#1114);
#910=LINE('',#2468,#1115);
#911=LINE('',#2469,#1116);
#912=LINE('',#2474,#1117);
#913=LINE('',#2477,#1118);
#914=LINE('',#2479,#1119);
#915=LINE('',#2481,#1120);
#916=LINE('',#2483,#1121);
#917=LINE('',#2485,#1122);
#918=LINE('',#2487,#1123);
#919=LINE('',#2489,#1124);
#920=LINE('',#2491,#1125);
#921=LINE('',#2493,#1126);
#922=LINE('',#2495,#1127);
#923=LINE('',#2496,#1128);
#924=LINE('',#2501,#1129);
#925=LINE('',#2504,#1130);
#926=LINE('',#2506,#1131);
#927=LINE('',#2508,#1132);
#928=LINE('',#2510,#1133);
#929=LINE('',#2512,#1134);
#930=LINE('',#2514,#1135);
#931=LINE('',#2516,#1136);
#932=LINE('',#2518,#1137);
#933=LINE('',#2520,#1138);
#934=LINE('',#2522,#1139);
#935=LINE('',#2523,#1140);
#936=LINE('',#2528,#1141);
#937=LINE('',#2531,#1142);
#938=LINE('',#2533,#1143);
#939=LINE('',#2535,#1144);
#940=LINE('',#2537,#1145);
#941=LINE('',#2539,#1146);
#942=LINE('',#2541,#1147);
#943=LINE('',#2543,#1148);
#944=LINE('',#2545,#1149);
#945=LINE('',#2547,#1150);
#946=LINE('',#2549,#1151);
#947=LINE('',#2550,#1152);
#948=LINE('',#2555,#1153);
#949=LINE('',#2558,#1154);
#950=LINE('',#2560,#1155);
#951=LINE('',#2562,#1156);
#952=LINE('',#2564,#1157);
#953=LINE('',#2566,#1158);
#954=LINE('',#2568,#1159);
#955=LINE('',#2570,#1160);
#956=LINE('',#2572,#1161);
#957=LINE('',#2574,#1162);
#958=LINE('',#2576,#1163);
#959=LINE('',#2577,#1164);
#960=LINE('',#2582,#1165);
#961=LINE('',#2587,#1166);
#962=LINE('',#2591,#1167);
#963=LINE('',#2594,#1168);
#964=LINE('',#2596,#1169);
#965=LINE('',#2598,#1170);
#966=LINE('',#2600,#1171);
#967=LINE('',#2604,#1172);
#968=LINE('',#2606,#1173);
#969=LINE('',#2609,#1174);
#970=LINE('',#2611,#1175);
#971=LINE('',#2613,#1176);
#972=LINE('',#2615,#1177);
#973=LINE('',#2618,#1178);
#974=LINE('',#2619,#1179);
#975=LINE('',#2621,#1180);
#976=LINE('',#2623,#1181);
#977=LINE('',#2625,#1182);
#978=LINE('',#2627,#1183);
#979=LINE('',#2629,#1184);
#980=LINE('',#2631,#1185);
#981=LINE('',#2633,#1186);
#982=LINE('',#2635,#1187);
#983=LINE('',#2637,#1188);
#984=LINE('',#2639,#1189);
#985=LINE('',#2643,#1190);
#986=LINE('',#2648,#1191);
#987=LINE('',#2652,#1192);
#988=LINE('',#2654,#1193);
#989=LINE('',#2656,#1194);
#990=LINE('',#2657,#1195);
#991=LINE('',#2660,#1196);
#992=LINE('',#2662,#1197);
#993=LINE('',#2664,#1198);
#994=LINE('',#2666,#1199);
#995=LINE('',#2668,#1200);
#996=LINE('',#2670,#1201);
#997=LINE('',#2672,#1202);
#998=LINE('',#2673,#1203);
#999=LINE('',#2675,#1204);
#1000=LINE('',#2676,#1205);
#1001=LINE('',#2677,#1206);
#1002=LINE('',#2679,#1207);
#1003=LINE('',#2681,#1208);
#1004=LINE('',#2682,#1209);
#1005=LINE('',#2685,#1210);
#1006=LINE('',#2687,#1211);
#1007=LINE('',#2689,#1212);
#1008=LINE('',#2691,#1213);
#1009=LINE('',#2692,#1214);
#1010=LINE('',#2694,#1215);
#1011=LINE('',#2696,#1216);
#1012=LINE('',#2699,#1217);
#1013=LINE('',#2702,#1218);
#1014=LINE('',#2704,#1219);
#1015=LINE('',#2705,#1220);
#1016=LINE('',#2706,#1221);
#1017=LINE('',#2707,#1222);
#1018=LINE('',#2709,#1223);
#1019=LINE('',#2711,#1224);
#1020=LINE('',#2713,#1225);
#1021=LINE('',#2715,#1226);
#1022=LINE('',#2717,#1227);
#1023=LINE('',#2719,#1228);
#1024=LINE('',#2721,#1229);
#1025=LINE('',#2722,#1230);
#1026=LINE('',#2726,#1231);
#1027=LINE('',#2728,#1232);
#1028=LINE('',#2730,#1233);
#1029=LINE('',#2732,#1234);
#1030=LINE('',#2734,#1235);
#1031=LINE('',#2736,#1236);
#1032=LINE('',#2737,#1237);
#1033=LINE('',#2738,#1238);
#1034=LINE('',#2740,#1239);
#1035=LINE('',#2743,#1240);
#1036=LINE('',#2745,#1241);
#1037=LINE('',#2747,#1242);
#1038=LINE('',#2749,#1243);
#1039=LINE('',#2751,#1244);
#1040=LINE('',#2753,#1245);
#1041=VECTOR('',#1865,1.);
#1042=VECTOR('',#1866,1.);
#1043=VECTOR('',#1867,1.);
#1044=VECTOR('',#1868,1.);
#1045=VECTOR('',#1871,1.);
#1046=VECTOR('',#1872,1.);
#1047=VECTOR('',#1873,1.);
#1048=VECTOR('',#1876,1.);
#1049=VECTOR('',#1877,1.);
#1050=VECTOR('',#1878,1.);
#1051=VECTOR('',#1881,1.);
#1052=VECTOR('',#1882,1.);
#1053=VECTOR('',#1885,1.);
#1054=VECTOR('',#1886,1.);
#1055=VECTOR('',#1887,1.);
#1056=VECTOR('',#1888,1.);
#1057=VECTOR('',#1911,1.);
#1058=VECTOR('',#1912,1.);
#1059=VECTOR('',#1913,1.);
#1060=VECTOR('',#1914,1.);
#1061=VECTOR('',#1917,1.);
#1062=VECTOR('',#1918,1.);
#1063=VECTOR('',#1919,1.);
#1064=VECTOR('',#1922,1.);
#1065=VECTOR('',#1923,1.);
#1066=VECTOR('',#1924,1.);
#1067=VECTOR('',#1927,1.);
#1068=VECTOR('',#1928,1.);
#1069=VECTOR('',#1937,1.);
#1070=VECTOR('',#1938,1.);
#1071=VECTOR('',#1939,1.);
#1072=VECTOR('',#1940,1.);
#1073=VECTOR('',#1943,1.);
#1074=VECTOR('',#1944,1.);
#1075=VECTOR('',#1945,1.);
#1076=VECTOR('',#1948,1.);
#1077=VECTOR('',#1949,1.);
#1078=VECTOR('',#1950,1.);
#1079=VECTOR('',#1953,1.);
#1080=VECTOR('',#1954,1.);
#1081=VECTOR('',#1963,1.);
#1082=VECTOR('',#1964,1.);
#1083=VECTOR('',#1965,1.);
#1084=VECTOR('',#1966,1.);
#1085=VECTOR('',#1969,1.);
#1086=VECTOR('',#1970,1.);
#1087=VECTOR('',#1971,1.);
#1088=VECTOR('',#1974,1.);
#1089=VECTOR('',#1975,1.);
#1090=VECTOR('',#1976,1.);
#1091=VECTOR('',#1979,1.);
#1092=VECTOR('',#1980,1.);
#1093=VECTOR('',#1989,1.);
#1094=VECTOR('',#1990,1.);
#1095=VECTOR('',#1991,1.);
#1096=VECTOR('',#1992,1.);
#1097=VECTOR('',#1995,1.);
#1098=VECTOR('',#1996,1.);
#1099=VECTOR('',#1997,1.);
#1100=VECTOR('',#2000,1.);
#1101=VECTOR('',#2001,1.);
#1102=VECTOR('',#2002,1.);
#1103=VECTOR('',#2005,1.);
#1104=VECTOR('',#2006,1.);
#1105=VECTOR('',#2015,1.);
#1106=VECTOR('',#2016,1.);
#1107=VECTOR('',#2017,1.);
#1108=VECTOR('',#2018,1.);
#1109=VECTOR('',#2021,1.);
#1110=VECTOR('',#2022,1.);
#1111=VECTOR('',#2023,1.);
#1112=VECTOR('',#2026,1.);
#1113=VECTOR('',#2027,1.);
#1114=VECTOR('',#2028,1.);
#1115=VECTOR('',#2031,1.);
#1116=VECTOR('',#2032,1.);
#1117=VECTOR('',#2041,1.);
#1118=VECTOR('',#2042,1.);
#1119=VECTOR('',#2043,1.);
#1120=VECTOR('',#2044,1.);
#1121=VECTOR('',#2047,1.);
#1122=VECTOR('',#2048,1.);
#1123=VECTOR('',#2049,1.);
#1124=VECTOR('',#2052,1.);
#1125=VECTOR('',#2053,1.);
#1126=VECTOR('',#2054,1.);
#1127=VECTOR('',#2057,1.);
#1128=VECTOR('',#2058,1.);
#1129=VECTOR('',#2067,1.);
#1130=VECTOR('',#2068,1.);
#1131=VECTOR('',#2069,1.);
#1132=VECTOR('',#2070,1.);
#1133=VECTOR('',#2073,1.);
#1134=VECTOR('',#2074,1.);
#1135=VECTOR('',#2075,1.);
#1136=VECTOR('',#2078,1.);
#1137=VECTOR('',#2079,1.);
#1138=VECTOR('',#2080,1.);
#1139=VECTOR('',#2083,1.);
#1140=VECTOR('',#2084,1.);
#1141=VECTOR('',#2093,1.);
#1142=VECTOR('',#2094,1.);
#1143=VECTOR('',#2095,1.);
#1144=VECTOR('',#2096,1.);
#1145=VECTOR('',#2099,1.);
#1146=VECTOR('',#2100,1.);
#1147=VECTOR('',#2101,1.);
#1148=VECTOR('',#2104,1.);
#1149=VECTOR('',#2105,1.);
#1150=VECTOR('',#2106,1.);
#1151=VECTOR('',#2109,1.);
#1152=VECTOR('',#2110,1.);
#1153=VECTOR('',#2119,1.);
#1154=VECTOR('',#2120,1.);
#1155=VECTOR('',#2121,1.);
#1156=VECTOR('',#2122,1.);
#1157=VECTOR('',#2125,1.);
#1158=VECTOR('',#2126,1.);
#1159=VECTOR('',#2127,1.);
#1160=VECTOR('',#2130,1.);
#1161=VECTOR('',#2131,1.);
#1162=VECTOR('',#2132,1.);
#1163=VECTOR('',#2135,1.);
#1164=VECTOR('',#2136,1.);
#1165=VECTOR('',#2145,1.);
#1166=VECTOR('',#2148,1.);
#1167=VECTOR('',#2153,1.);
#1168=VECTOR('',#2154,1.);
#1169=VECTOR('',#2155,1.);
#1170=VECTOR('',#2156,1.);
#1171=VECTOR('',#2157,1.);
#1172=VECTOR('',#2160,1.);
#1173=VECTOR('',#2163,1.);
#1174=VECTOR('',#2164,1.);
#1175=VECTOR('',#2165,1.);
#1176=VECTOR('',#2166,1.);
#1177=VECTOR('',#2169,1.);
#1178=VECTOR('',#2170,1.);
#1179=VECTOR('',#2171,1.);
#1180=VECTOR('',#2172,1.);
#1181=VECTOR('',#2173,1.);
#1182=VECTOR('',#2174,1.);
#1183=VECTOR('',#2175,1.);
#1184=VECTOR('',#2176,1.);
#1185=VECTOR('',#2177,1.);
#1186=VECTOR('',#2178,1.);
#1187=VECTOR('',#2179,1.);
#1188=VECTOR('',#2182,1.);
#1189=VECTOR('',#2183,1.);
#1190=VECTOR('',#2188,1.);
#1191=VECTOR('',#2191,1.);
#1192=VECTOR('',#2196,1.);
#1193=VECTOR('',#2197,1.);
#1194=VECTOR('',#2198,1.);
#1195=VECTOR('',#2199,1.);
#1196=VECTOR('',#2200,1.);
#1197=VECTOR('',#2201,1.);
#1198=VECTOR('',#2202,1.);
#1199=VECTOR('',#2205,1.);
#1200=VECTOR('',#2206,1.);
#1201=VECTOR('',#2207,1.);
#1202=VECTOR('',#2208,1.);
#1203=VECTOR('',#2209,1.);
#1204=VECTOR('',#2210,1.);
#1205=VECTOR('',#2211,1.);
#1206=VECTOR('',#2212,1.);
#1207=VECTOR('',#2213,1.);
#1208=VECTOR('',#2214,1.);
#1209=VECTOR('',#2215,1.);
#1210=VECTOR('',#2216,1.);
#1211=VECTOR('',#2217,1.);
#1212=VECTOR('',#2218,1.);
#1213=VECTOR('',#2221,1.);
#1214=VECTOR('',#2222,1.);
#1215=VECTOR('',#2225,1.);
#1216=VECTOR('',#2228,1.);
#1217=VECTOR('',#2233,1.);
#1218=VECTOR('',#2234,1.);
#1219=VECTOR('',#2235,1.);
#1220=VECTOR('',#2236,1.);
#1221=VECTOR('',#2237,1.);
#1222=VECTOR('',#2238,1.);
#1223=VECTOR('',#2239,1.);
#1224=VECTOR('',#2242,1.);
#1225=VECTOR('',#2245,1.);
#1226=VECTOR('',#2246,1.);
#1227=VECTOR('',#2247,1.);
#1228=VECTOR('',#2248,1.);
#1229=VECTOR('',#2249,1.);
#1230=VECTOR('',#2250,1.);
#1231=VECTOR('',#2257,1.);
#1232=VECTOR('',#2260,1.);
#1233=VECTOR('',#2263,1.);
#1234=VECTOR('',#2266,1.);
#1235=VECTOR('',#2269,1.);
#1236=VECTOR('',#2272,1.);
#1237=VECTOR('',#2273,1.);
#1238=VECTOR('',#2274,1.);
#1239=VECTOR('',#2275,1.);
#1240=VECTOR('',#2280,1.);
#1241=VECTOR('',#2283,1.);
#1242=VECTOR('',#2284,1.);
#1243=VECTOR('',#2285,1.);
#1244=VECTOR('',#2288,1.);
#1245=VECTOR('',#2291,1.);
#1246=EDGE_LOOP('',(#49,#50,#51,#52));
#1247=EDGE_LOOP('',(#53,#54,#55,#56));
#1248=EDGE_LOOP('',(#57,#58,#59,#60));
#1249=EDGE_LOOP('',(#61,#62,#63,#64));
#1250=EDGE_LOOP('',(#65,#66,#67,#68));
#1251=EDGE_LOOP('',(#69,#70,#71,#72));
#1252=EDGE_LOOP('',(#73,#74,#75,#76));
#1253=EDGE_LOOP('',(#77,#78,#79,#80));
#1254=EDGE_LOOP('',(#81,#82,#83,#84));
#1255=EDGE_LOOP('',(#85,#86,#87,#88));
#1256=EDGE_LOOP('',(#89,#90,#91,#92));
#1257=EDGE_LOOP('',(#93,#94,#95,#96));
#1258=EDGE_LOOP('',(#97,#98,#99,#100));
#1259=EDGE_LOOP('',(#101,#102,#103,#104));
#1260=EDGE_LOOP('',(#105,#106,#107,#108));
#1261=EDGE_LOOP('',(#109,#110,#111,#112));
#1262=EDGE_LOOP('',(#113,#114,#115,#116));
#1263=EDGE_LOOP('',(#117,#118,#119,#120));
#1264=EDGE_LOOP('',(#121,#122,#123,#124));
#1265=EDGE_LOOP('',(#125,#126,#127,#128));
#1266=EDGE_LOOP('',(#129,#130,#131,#132));
#1267=EDGE_LOOP('',(#133,#134,#135,#136));
#1268=EDGE_LOOP('',(#137,#138,#139,#140));
#1269=EDGE_LOOP('',(#141,#142,#143,#144));
#1270=EDGE_LOOP('',(#145,#146,#147,#148));
#1271=EDGE_LOOP('',(#149,#150,#151,#152));
#1272=EDGE_LOOP('',(#153,#154,#155,#156));
#1273=EDGE_LOOP('',(#157,#158,#159,#160));
#1274=EDGE_LOOP('',(#161,#162,#163,#164));
#1275=EDGE_LOOP('',(#165,#166,#167,#168));
#1276=EDGE_LOOP('',(#169,#170,#171,#172));
#1277=EDGE_LOOP('',(#173,#174,#175,#176));
#1278=EDGE_LOOP('',(#177,#178,#179,#180));
#1279=EDGE_LOOP('',(#181,#182,#183,#184));
#1280=EDGE_LOOP('',(#185,#186,#187,#188));
#1281=EDGE_LOOP('',(#189,#190,#191,#192));
#1282=EDGE_LOOP('',(#193,#194,#195,#196));
#1283=EDGE_LOOP('',(#197,#198,#199,#200));
#1284=EDGE_LOOP('',(#201,#202,#203,#204));
#1285=EDGE_LOOP('',(#205,#206,#207,#208));
#1286=EDGE_LOOP('',(#209,#210,#211,#212));
#1287=EDGE_LOOP('',(#213,#214,#215,#216));
#1288=EDGE_LOOP('',(#217,#218,#219,#220));
#1289=EDGE_LOOP('',(#221,#222,#223,#224));
#1290=EDGE_LOOP('',(#225,#226,#227,#228));
#1291=EDGE_LOOP('',(#229,#230,#231,#232));
#1292=EDGE_LOOP('',(#233,#234,#235,#236));
#1293=EDGE_LOOP('',(#237,#238,#239,#240));
#1294=EDGE_LOOP('',(#241,#242,#243,#244));
#1295=EDGE_LOOP('',(#245,#246,#247,#248));
#1296=EDGE_LOOP('',(#249,#250,#251,#252));
#1297=EDGE_LOOP('',(#253,#254,#255,#256));
#1298=EDGE_LOOP('',(#257,#258,#259,#260));
#1299=EDGE_LOOP('',(#261,#262,#263,#264));
#1300=EDGE_LOOP('',(#265,#266,#267,#268));
#1301=EDGE_LOOP('',(#269,#270,#271,#272));
#1302=EDGE_LOOP('',(#273,#274,#275,#276));
#1303=EDGE_LOOP('',(#277,#278,#279,#280));
#1304=EDGE_LOOP('',(#281,#282,#283,#284));
#1305=EDGE_LOOP('',(#285,#286,#287,#288));
#1306=EDGE_LOOP('',(#289,#290,#291,#292));
#1307=EDGE_LOOP('',(#293,#294,#295,#296));
#1308=EDGE_LOOP('',(#297,#298,#299,#300));
#1309=EDGE_LOOP('',(#301,#302,#303,#304));
#1310=EDGE_LOOP('',(#305,#306,#307,#308));
#1311=EDGE_LOOP('',(#309,#310,#311,#312,#313,#314,#315));
#1312=EDGE_LOOP('',(#316,#317,#318,#319));
#1313=EDGE_LOOP('',(#320,#321,#322,#323,#324,#325,#326,#327,#328,#329,#330,
#331));
#1314=EDGE_LOOP('',(#332,#333,#334,#335));
#1315=EDGE_LOOP('',(#336,#337,#338,#339));
#1316=EDGE_LOOP('',(#340,#341,#342,#343));
#1317=EDGE_LOOP('',(#344,#345,#346,#347));
#1318=EDGE_LOOP('',(#348,#349,#350,#351,#352));
#1319=EDGE_LOOP('',(#353,#354,#355,#356,#357));
#1320=EDGE_LOOP('',(#358,#359,#360,#361));
#1321=EDGE_LOOP('',(#362,#363,#364,#365));
#1322=EDGE_LOOP('',(#366,#367,#368,#369));
#1323=EDGE_LOOP('',(#370,#371,#372,#373));
#1324=EDGE_LOOP('',(#374,#375,#376,#377));
#1325=EDGE_LOOP('',(#378,#379,#380,#381));
#1326=EDGE_LOOP('',(#382,#383,#384,#385,#386,#387,#388,#389,#390,#391,#392,
#393));
#1327=EDGE_LOOP('',(#394,#395,#396,#397));
#1328=EDGE_LOOP('',(#398,#399,#400,#401,#402,#403,#404,#405,#406,#407,#408,
#409));
#1329=EDGE_LOOP('',(#410,#411,#412,#413));
#1330=EDGE_LOOP('',(#414,#415,#416,#417));
#1331=EDGE_LOOP('',(#418,#419,#420,#421));
#1332=EDGE_LOOP('',(#422,#423,#424,#425));
#1333=EDGE_LOOP('',(#426,#427,#428,#429,#430,#431,#432));
#1334=EDGE_LOOP('',(#433,#434,#435,#436));
#1335=EDGE_LOOP('',(#437,#438,#439,#440));
#1336=EDGE_LOOP('',(#441,#442,#443,#444,#445,#446,#447,#448));
#1337=EDGE_LOOP('',(#449,#450,#451,#452));
#1338=EDGE_LOOP('',(#453,#454,#455,#456));
#1339=EDGE_LOOP('',(#457,#458,#459,#460));
#1340=EDGE_LOOP('',(#461,#462,#463,#464,#465,#466,#467));
#1341=EDGE_LOOP('',(#468,#469,#470,#471));
#1342=EDGE_LOOP('',(#472,#473,#474,#475,#476,#477,#478));
#1343=FACE_BOUND('',#1246,.T.);
#1344=FACE_BOUND('',#1247,.T.);
#1345=FACE_BOUND('',#1248,.T.);
#1346=FACE_BOUND('',#1249,.T.);
#1347=FACE_BOUND('',#1250,.T.);
#1348=FACE_BOUND('',#1251,.T.);
#1349=FACE_BOUND('',#1252,.T.);
#1350=FACE_BOUND('',#1253,.T.);
#1351=FACE_BOUND('',#1254,.T.);
#1352=FACE_BOUND('',#1255,.T.);
#1353=FACE_BOUND('',#1256,.T.);
#1354=FACE_BOUND('',#1257,.T.);
#1355=FACE_BOUND('',#1258,.T.);
#1356=FACE_BOUND('',#1259,.T.);
#1357=FACE_BOUND('',#1260,.T.);
#1358=FACE_BOUND('',#1261,.T.);
#1359=FACE_BOUND('',#1262,.T.);
#1360=FACE_BOUND('',#1263,.T.);
#1361=FACE_BOUND('',#1264,.T.);
#1362=FACE_BOUND('',#1265,.T.);
#1363=FACE_BOUND('',#1266,.T.);
#1364=FACE_BOUND('',#1267,.T.);
#1365=FACE_BOUND('',#1268,.T.);
#1366=FACE_BOUND('',#1269,.T.);
#1367=FACE_BOUND('',#1270,.T.);
#1368=FACE_BOUND('',#1271,.T.);
#1369=FACE_BOUND('',#1272,.T.);
#1370=FACE_BOUND('',#1273,.T.);
#1371=FACE_BOUND('',#1274,.T.);
#1372=FACE_BOUND('',#1275,.T.);
#1373=FACE_BOUND('',#1276,.T.);
#1374=FACE_BOUND('',#1277,.T.);
#1375=FACE_BOUND('',#1278,.T.);
#1376=FACE_BOUND('',#1279,.T.);
#1377=FACE_BOUND('',#1280,.T.);
#1378=FACE_BOUND('',#1281,.T.);
#1379=FACE_BOUND('',#1282,.T.);
#1380=FACE_BOUND('',#1283,.T.);
#1381=FACE_BOUND('',#1284,.T.);
#1382=FACE_BOUND('',#1285,.T.);
#1383=FACE_BOUND('',#1286,.T.);
#1384=FACE_BOUND('',#1287,.T.);
#1385=FACE_BOUND('',#1288,.T.);
#1386=FACE_BOUND('',#1289,.T.);
#1387=FACE_BOUND('',#1290,.T.);
#1388=FACE_BOUND('',#1291,.T.);
#1389=FACE_BOUND('',#1292,.T.);
#1390=FACE_BOUND('',#1293,.T.);
#1391=FACE_BOUND('',#1294,.T.);
#1392=FACE_BOUND('',#1295,.T.);
#1393=FACE_BOUND('',#1296,.T.);
#1394=FACE_BOUND('',#1297,.T.);
#1395=FACE_BOUND('',#1298,.T.);
#1396=FACE_BOUND('',#1299,.T.);
#1397=FACE_BOUND('',#1300,.T.);
#1398=FACE_BOUND('',#1301,.T.);
#1399=FACE_BOUND('',#1302,.T.);
#1400=FACE_BOUND('',#1303,.T.);
#1401=FACE_BOUND('',#1304,.T.);
#1402=FACE_BOUND('',#1305,.T.);
#1403=FACE_BOUND('',#1306,.T.);
#1404=FACE_BOUND('',#1307,.T.);
#1405=FACE_BOUND('',#1308,.T.);
#1406=FACE_BOUND('',#1309,.T.);
#1407=FACE_BOUND('',#1310,.T.);
#1408=FACE_BOUND('',#1311,.T.);
#1409=FACE_BOUND('',#1312,.T.);
#1410=FACE_BOUND('',#1313,.T.);
#1411=FACE_BOUND('',#1314,.T.);
#1412=FACE_BOUND('',#1315,.T.);
#1413=FACE_BOUND('',#1316,.T.);
#1414=FACE_BOUND('',#1317,.T.);
#1415=FACE_BOUND('',#1318,.T.);
#1416=FACE_BOUND('',#1319,.T.);
#1417=FACE_BOUND('',#1320,.T.);
#1418=FACE_BOUND('',#1321,.T.);
#1419=FACE_BOUND('',#1322,.T.);
#1420=FACE_BOUND('',#1323,.T.);
#1421=FACE_BOUND('',#1324,.T.);
#1422=FACE_BOUND('',#1325,.T.);
#1423=FACE_BOUND('',#1326,.T.);
#1424=FACE_BOUND('',#1327,.T.);
#1425=FACE_BOUND('',#1328,.T.);
#1426=FACE_BOUND('',#1329,.T.);
#1427=FACE_BOUND('',#1330,.T.);
#1428=FACE_BOUND('',#1331,.T.);
#1429=FACE_BOUND('',#1332,.T.);
#1430=FACE_BOUND('',#1333,.T.);
#1431=FACE_BOUND('',#1334,.T.);
#1432=FACE_BOUND('',#1335,.T.);
#1433=FACE_BOUND('',#1336,.T.);
#1434=FACE_BOUND('',#1337,.T.);
#1435=FACE_BOUND('',#1338,.T.);
#1436=FACE_BOUND('',#1339,.T.);
#1437=FACE_BOUND('',#1340,.T.);
#1438=FACE_BOUND('',#1341,.T.);
#1439=FACE_BOUND('',#1342,.T.);
#1440=PLANE('',#1748);
#1441=PLANE('',#1749);
#1442=PLANE('',#1750);
#1443=PLANE('',#1751);
#1444=PLANE('',#1752);
#1445=PLANE('',#1753);
#1446=PLANE('',#1763);
#1447=PLANE('',#1764);
#1448=PLANE('',#1765);
#1449=PLANE('',#1766);
#1450=PLANE('',#1767);
#1451=PLANE('',#1768);
#1452=PLANE('',#1770);
#1453=PLANE('',#1771);
#1454=PLANE('',#1772);
#1455=PLANE('',#1773);
#1456=PLANE('',#1774);
#1457=PLANE('',#1775);
#1458=PLANE('',#1777);
#1459=PLANE('',#1778);
#1460=PLANE('',#1779);
#1461=PLANE('',#1780);
#1462=PLANE('',#1781);
#1463=PLANE('',#1782);
#1464=PLANE('',#1784);
#1465=PLANE('',#1785);
#1466=PLANE('',#1786);
#1467=PLANE('',#1787);
#1468=PLANE('',#1788);
#1469=PLANE('',#1789);
#1470=PLANE('',#1791);
#1471=PLANE('',#1792);
#1472=PLANE('',#1793);
#1473=PLANE('',#1794);
#1474=PLANE('',#1795);
#1475=PLANE('',#1796);
#1476=PLANE('',#1798);
#1477=PLANE('',#1799);
#1478=PLANE('',#1800);
#1479=PLANE('',#1801);
#1480=PLANE('',#1802);
#1481=PLANE('',#1803);
#1482=PLANE('',#1805);
#1483=PLANE('',#1806);
#1484=PLANE('',#1807);
#1485=PLANE('',#1808);
#1486=PLANE('',#1809);
#1487=PLANE('',#1810);
#1488=PLANE('',#1812);
#1489=PLANE('',#1813);
#1490=PLANE('',#1814);
#1491=PLANE('',#1815);
#1492=PLANE('',#1816);
#1493=PLANE('',#1817);
#1494=PLANE('',#1819);
#1495=PLANE('',#1820);
#1496=PLANE('',#1821);
#1497=PLANE('',#1822);
#1498=PLANE('',#1823);
#1499=PLANE('',#1824);
#1500=PLANE('',#1829);
#1501=PLANE('',#1831);
#1502=PLANE('',#1832);
#1503=PLANE('',#1838);
#1504=PLANE('',#1839);
#1505=PLANE('',#1840);
#1506=PLANE('',#1841);
#1507=PLANE('',#1842);
#1508=PLANE('',#1843);
#1509=PLANE('',#1844);
#1510=PLANE('',#1845);
#1511=PLANE('',#1846);
#1512=PLANE('',#1847);
#1513=PLANE('',#1848);
#1514=PLANE('',#1849);
#1515=PLANE('',#1850);
#1516=PLANE('',#1851);
#1517=PLANE('',#1852);
#1518=PLANE('',#1853);
#1519=PLANE('',#1854);
#1520=PLANE('',#1855);
#1521=PLANE('',#1856);
#1522=PLANE('',#1857);
#1523=PLANE('',#1858);
#1524=PLANE('',#1859);
#1525=PLANE('',#1860);
#1526=ADVANCED_FACE('',(#1343),#1440,.T.);
#1527=ADVANCED_FACE('',(#1344),#1441,.F.);
#1528=ADVANCED_FACE('',(#1345),#1442,.F.);
#1529=ADVANCED_FACE('',(#1346),#1443,.T.);
#1530=ADVANCED_FACE('',(#1347),#1444,.T.);
#1531=ADVANCED_FACE('',(#1348),#1445,.F.);
#1532=ADVANCED_FACE('',(#1349),#42,.T.);
#1533=ADVANCED_FACE('',(#1350),#43,.T.);
#1534=ADVANCED_FACE('',(#1351),#44,.T.);
#1535=ADVANCED_FACE('',(#1352),#45,.T.);
#1536=ADVANCED_FACE('',(#1353),#1446,.F.);
#1537=ADVANCED_FACE('',(#1354),#1447,.F.);
#1538=ADVANCED_FACE('',(#1355),#1448,.T.);
#1539=ADVANCED_FACE('',(#1356),#1449,.T.);
#1540=ADVANCED_FACE('',(#1357),#1450,.T.);
#1541=ADVANCED_FACE('',(#1358),#1451,.F.);
#1542=ADVANCED_FACE('',(#1359),#1452,.T.);
#1543=ADVANCED_FACE('',(#1360),#1453,.F.);
#1544=ADVANCED_FACE('',(#1361),#1454,.F.);
#1545=ADVANCED_FACE('',(#1362),#1455,.T.);
#1546=ADVANCED_FACE('',(#1363),#1456,.T.);
#1547=ADVANCED_FACE('',(#1364),#1457,.F.);
#1548=ADVANCED_FACE('',(#1365),#1458,.F.);
#1549=ADVANCED_FACE('',(#1366),#1459,.F.);
#1550=ADVANCED_FACE('',(#1367),#1460,.T.);
#1551=ADVANCED_FACE('',(#1368),#1461,.T.);
#1552=ADVANCED_FACE('',(#1369),#1462,.T.);
#1553=ADVANCED_FACE('',(#1370),#1463,.F.);
#1554=ADVANCED_FACE('',(#1371),#1464,.F.);
#1555=ADVANCED_FACE('',(#1372),#1465,.F.);
#1556=ADVANCED_FACE('',(#1373),#1466,.T.);
#1557=ADVANCED_FACE('',(#1374),#1467,.T.);
#1558=ADVANCED_FACE('',(#1375),#1468,.T.);
#1559=ADVANCED_FACE('',(#1376),#1469,.F.);
#1560=ADVANCED_FACE('',(#1377),#1470,.F.);
#1561=ADVANCED_FACE('',(#1378),#1471,.F.);
#1562=ADVANCED_FACE('',(#1379),#1472,.T.);
#1563=ADVANCED_FACE('',(#1380),#1473,.T.);
#1564=ADVANCED_FACE('',(#1381),#1474,.T.);
#1565=ADVANCED_FACE('',(#1382),#1475,.F.);
#1566=ADVANCED_FACE('',(#1383),#1476,.T.);
#1567=ADVANCED_FACE('',(#1384),#1477,.F.);
#1568=ADVANCED_FACE('',(#1385),#1478,.F.);
#1569=ADVANCED_FACE('',(#1386),#1479,.T.);
#1570=ADVANCED_FACE('',(#1387),#1480,.T.);
#1571=ADVANCED_FACE('',(#1388),#1481,.F.);
#1572=ADVANCED_FACE('',(#1389),#1482,.F.);
#1573=ADVANCED_FACE('',(#1390),#1483,.F.);
#1574=ADVANCED_FACE('',(#1391),#1484,.T.);
#1575=ADVANCED_FACE('',(#1392),#1485,.T.);
#1576=ADVANCED_FACE('',(#1393),#1486,.T.);
#1577=ADVANCED_FACE('',(#1394),#1487,.F.);
#1578=ADVANCED_FACE('',(#1395),#1488,.F.);
#1579=ADVANCED_FACE('',(#1396),#1489,.F.);
#1580=ADVANCED_FACE('',(#1397),#1490,.T.);
#1581=ADVANCED_FACE('',(#1398),#1491,.T.);
#1582=ADVANCED_FACE('',(#1399),#1492,.T.);
#1583=ADVANCED_FACE('',(#1400),#1493,.F.);
#1584=ADVANCED_FACE('',(#1401),#1494,.T.);
#1585=ADVANCED_FACE('',(#1402),#1495,.F.);
#1586=ADVANCED_FACE('',(#1403),#1496,.F.);
#1587=ADVANCED_FACE('',(#1404),#1497,.T.);
#1588=ADVANCED_FACE('',(#1405),#1498,.T.);
#1589=ADVANCED_FACE('',(#1406),#1499,.F.);
#1590=ADVANCED_FACE('',(#1407),#46,.F.);
#1591=ADVANCED_FACE('',(#1408),#1500,.T.);
#1592=ADVANCED_FACE('',(#1409),#1501,.T.);
#1593=ADVANCED_FACE('',(#1410),#1502,.F.);
#1594=ADVANCED_FACE('',(#1411),#47,.F.);
#1595=ADVANCED_FACE('',(#1412),#48,.F.);
#1596=ADVANCED_FACE('',(#1413,#1414),#1503,.T.);
#1597=ADVANCED_FACE('',(#1415,#1416,#1417,#1418),#1504,.F.);
#1598=ADVANCED_FACE('',(#1419),#1505,.T.);
#1599=ADVANCED_FACE('',(#1420),#1506,.F.);
#1600=ADVANCED_FACE('',(#1421),#1507,.F.);
#1601=ADVANCED_FACE('',(#1422),#1508,.T.);
#1602=ADVANCED_FACE('',(#1423),#1509,.T.);
#1603=ADVANCED_FACE('',(#1424),#1510,.F.);
#1604=ADVANCED_FACE('',(#1425),#1511,.T.);
#1605=ADVANCED_FACE('',(#1426),#1512,.T.);
#1606=ADVANCED_FACE('',(#1427),#1513,.T.);
#1607=ADVANCED_FACE('',(#1428),#1514,.T.);
#1608=ADVANCED_FACE('',(#1429),#1515,.T.);
#1609=ADVANCED_FACE('',(#1430),#1516,.T.);
#1610=ADVANCED_FACE('',(#1431),#1517,.F.);
#1611=ADVANCED_FACE('',(#1432),#1518,.T.);
#1612=ADVANCED_FACE('',(#1433),#1519,.T.);
#1613=ADVANCED_FACE('',(#1434),#1520,.F.);
#1614=ADVANCED_FACE('',(#1435),#1521,.T.);
#1615=ADVANCED_FACE('',(#1436),#1522,.F.);
#1616=ADVANCED_FACE('',(#1437),#1523,.T.);
#1617=ADVANCED_FACE('',(#1438),#1524,.T.);
#1618=ADVANCED_FACE('',(#1439),#1525,.F.);
#1619=CLOSED_SHELL('',(#1526,#1527,#1528,#1529,#1530,#1531,#1532,#1533,
#1534,#1535));
#1620=CLOSED_SHELL('',(#1536,#1537,#1538,#1539,#1540,#1541));
#1621=CLOSED_SHELL('',(#1542,#1543,#1544,#1545,#1546,#1547));
#1622=CLOSED_SHELL('',(#1548,#1549,#1550,#1551,#1552,#1553));
#1623=CLOSED_SHELL('',(#1554,#1555,#1556,#1557,#1558,#1559));
#1624=CLOSED_SHELL('',(#1560,#1561,#1562,#1563,#1564,#1565));
#1625=CLOSED_SHELL('',(#1566,#1567,#1568,#1569,#1570,#1571));
#1626=CLOSED_SHELL('',(#1572,#1573,#1574,#1575,#1576,#1577));
#1627=CLOSED_SHELL('',(#1578,#1579,#1580,#1581,#1582,#1583));
#1628=CLOSED_SHELL('',(#1584,#1585,#1586,#1587,#1588,#1589));
#1629=CLOSED_SHELL('',(#1590,#1591,#1592,#1593,#1594,#1595,#1596,#1597,
#1598,#1599,#1600,#1601,#1602,#1603,#1604,#1605,#1606,#1607,#1608,#1609,
#1610,#1611,#1612,#1613,#1614,#1615,#1616,#1617,#1618));
#1630=STYLED_ITEM('',(#1641),#1714);
#1631=STYLED_ITEM('',(#1642),#1715);
#1632=STYLED_ITEM('',(#1643),#1716);
#1633=STYLED_ITEM('',(#1644),#1717);
#1634=STYLED_ITEM('',(#1645),#1718);
#1635=STYLED_ITEM('',(#1646),#1719);
#1636=STYLED_ITEM('',(#1647),#1720);
#1637=STYLED_ITEM('',(#1648),#1721);
#1638=STYLED_ITEM('',(#1649),#1722);
#1639=STYLED_ITEM('',(#1650),#1723);
#1640=STYLED_ITEM('',(#1651),#1724);
#1641=PRESENTATION_STYLE_ASSIGNMENT((#1652));
#1642=PRESENTATION_STYLE_ASSIGNMENT((#1653));
#1643=PRESENTATION_STYLE_ASSIGNMENT((#1654));
#1644=PRESENTATION_STYLE_ASSIGNMENT((#1655));
#1645=PRESENTATION_STYLE_ASSIGNMENT((#1656));
#1646=PRESENTATION_STYLE_ASSIGNMENT((#1657));
#1647=PRESENTATION_STYLE_ASSIGNMENT((#1658));
#1648=PRESENTATION_STYLE_ASSIGNMENT((#1659));
#1649=PRESENTATION_STYLE_ASSIGNMENT((#1660));
#1650=PRESENTATION_STYLE_ASSIGNMENT((#1661));
#1651=PRESENTATION_STYLE_ASSIGNMENT((#1662));
#1652=SURFACE_STYLE_USAGE(.BOTH.,#1663);
#1653=SURFACE_STYLE_USAGE(.BOTH.,#1664);
#1654=SURFACE_STYLE_USAGE(.BOTH.,#1665);
#1655=SURFACE_STYLE_USAGE(.BOTH.,#1666);
#1656=SURFACE_STYLE_USAGE(.BOTH.,#1667);
#1657=SURFACE_STYLE_USAGE(.BOTH.,#1668);
#1658=SURFACE_STYLE_USAGE(.BOTH.,#1669);
#1659=SURFACE_STYLE_USAGE(.BOTH.,#1670);
#1660=SURFACE_STYLE_USAGE(.BOTH.,#1671);
#1661=SURFACE_STYLE_USAGE(.BOTH.,#1672);
#1662=SURFACE_STYLE_USAGE(.BOTH.,#1673);
#1663=SURFACE_SIDE_STYLE('',(#1674));
#1664=SURFACE_SIDE_STYLE('',(#1675));
#1665=SURFACE_SIDE_STYLE('',(#1676));
#1666=SURFACE_SIDE_STYLE('',(#1677));
#1667=SURFACE_SIDE_STYLE('',(#1678));
#1668=SURFACE_SIDE_STYLE('',(#1679));
#1669=SURFACE_SIDE_STYLE('',(#1680));
#1670=SURFACE_SIDE_STYLE('',(#1681));
#1671=SURFACE_SIDE_STYLE('',(#1682));
#1672=SURFACE_SIDE_STYLE('',(#1683));
#1673=SURFACE_SIDE_STYLE('',(#1684));
#1674=SURFACE_STYLE_FILL_AREA(#1685);
#1675=SURFACE_STYLE_FILL_AREA(#1686);
#1676=SURFACE_STYLE_FILL_AREA(#1687);
#1677=SURFACE_STYLE_FILL_AREA(#1688);
#1678=SURFACE_STYLE_FILL_AREA(#1689);
#1679=SURFACE_STYLE_FILL_AREA(#1690);
#1680=SURFACE_STYLE_FILL_AREA(#1691);
#1681=SURFACE_STYLE_FILL_AREA(#1692);
#1682=SURFACE_STYLE_FILL_AREA(#1693);
#1683=SURFACE_STYLE_FILL_AREA(#1694);
#1684=SURFACE_STYLE_FILL_AREA(#1695);
#1685=FILL_AREA_STYLE('',(#1696));
#1686=FILL_AREA_STYLE('',(#1697));
#1687=FILL_AREA_STYLE('',(#1698));
#1688=FILL_AREA_STYLE('',(#1699));
#1689=FILL_AREA_STYLE('',(#1700));
#1690=FILL_AREA_STYLE('',(#1701));
#1691=FILL_AREA_STYLE('',(#1702));
#1692=FILL_AREA_STYLE('',(#1703));
#1693=FILL_AREA_STYLE('',(#1704));
#1694=FILL_AREA_STYLE('',(#1705));
#1695=FILL_AREA_STYLE('',(#1706));
#1696=FILL_AREA_STYLE_COLOUR('',#1707);
#1697=FILL_AREA_STYLE_COLOUR('',#1708);
#1698=FILL_AREA_STYLE_COLOUR('',#1709);
#1699=FILL_AREA_STYLE_COLOUR('',#1710);
#1700=FILL_AREA_STYLE_COLOUR('',#1711);
#1701=FILL_AREA_STYLE_COLOUR('',#1712);
#1702=FILL_AREA_STYLE_COLOUR('',#1708);
#1703=FILL_AREA_STYLE_COLOUR('',#1709);
#1704=FILL_AREA_STYLE_COLOUR('',#1710);
#1705=FILL_AREA_STYLE_COLOUR('',#1707);
#1706=FILL_AREA_STYLE_COLOUR('',#1713);
#1707=COLOUR_RGB('',0.980392156862745,0.713725490196078,0.00392156862745098);
#1708=COLOUR_RGB('',0.231372549019608,0.380392156862745,0.705882352941177);
#1709=COLOUR_RGB('',0.917647058823529,0.917647058823529,0.917647058823529);
#1710=COLOUR_RGB('',0.768627450980392,0.886274509803922,0.952941176470588);
#1711=COLOUR_RGB('',0.972549019607843,0.529411764705882,0.00392156862745098);
#1712=COLOUR_RGB('',0.647058823529412,0.647058823529412,0.647058823529412);
#1713=COLOUR_RGB('',0.615686274509804,0.811764705882353,0.929411764705882);
#1714=MANIFOLD_SOLID_BREP('Part 6',#1619);
#1715=MANIFOLD_SOLID_BREP('Part 2',#1620);
#1716=MANIFOLD_SOLID_BREP('Part 3',#1621);
#1717=MANIFOLD_SOLID_BREP('Part 4',#1622);
#1718=MANIFOLD_SOLID_BREP('Part 5',#1623);
#1719=MANIFOLD_SOLID_BREP('Part 7',#1624);
#1720=MANIFOLD_SOLID_BREP('Part 8',#1625);
#1721=MANIFOLD_SOLID_BREP('Part 9',#1626);
#1722=MANIFOLD_SOLID_BREP('Part 10',#1627);
#1723=MANIFOLD_SOLID_BREP('Part 11',#1628);
#1724=MANIFOLD_SOLID_BREP('Part 1',#1629);
#1725=SHAPE_DEFINITION_REPRESENTATION(#2821,#1736);
#1726=SHAPE_DEFINITION_REPRESENTATION(#2822,#1737);
#1727=SHAPE_DEFINITION_REPRESENTATION(#2823,#1738);
#1728=SHAPE_DEFINITION_REPRESENTATION(#2824,#1739);
#1729=SHAPE_DEFINITION_REPRESENTATION(#2825,#1740);
#1730=SHAPE_DEFINITION_REPRESENTATION(#2826,#1741);
#1731=SHAPE_DEFINITION_REPRESENTATION(#2827,#1742);
#1732=SHAPE_DEFINITION_REPRESENTATION(#2828,#1743);
#1733=SHAPE_DEFINITION_REPRESENTATION(#2829,#1744);
#1734=SHAPE_DEFINITION_REPRESENTATION(#2830,#1745);
#1735=SHAPE_DEFINITION_REPRESENTATION(#2831,#1746);
#1736=SHAPE_REPRESENTATION('Part 6',(#1747),#2766);
#1737=SHAPE_REPRESENTATION('Part 2',(#1762),#2767);
#1738=SHAPE_REPRESENTATION('Part 3',(#1769),#2768);
#1739=SHAPE_REPRESENTATION('Part 4',(#1776),#2769);
#1740=SHAPE_REPRESENTATION('Part 5',(#1783),#2770);
#1741=SHAPE_REPRESENTATION('Part 7',(#1790),#2771);
#1742=SHAPE_REPRESENTATION('Part 8',(#1797),#2772);
#1743=SHAPE_REPRESENTATION('Part 9',(#1804),#2773);
#1744=SHAPE_REPRESENTATION('Part 10',(#1811),#2774);
#1745=SHAPE_REPRESENTATION('Part 11',(#1818),#2775);
#1746=SHAPE_REPRESENTATION('Part 1',(#1825),#2776);
#1747=AXIS2_PLACEMENT_3D('',#2294,#1861,#1862);
#1748=AXIS2_PLACEMENT_3D('',#2295,#1863,#1864);
#1749=AXIS2_PLACEMENT_3D('',#2304,#1869,#1870);
#1750=AXIS2_PLACEMENT_3D('',#2310,#1874,#1875);
#1751=AXIS2_PLACEMENT_3D('',#2316,#1879,#1880);
#1752=AXIS2_PLACEMENT_3D('',#2319,#1883,#1884);
#1753=AXIS2_PLACEMENT_3D('',#2328,#1889,#1890);
#1754=AXIS2_PLACEMENT_3D('',#2329,#1891,#1892);
#1755=AXIS2_PLACEMENT_3D('',#2330,#1893,#1894);
#1756=AXIS2_PLACEMENT_3D('',#2331,#1895,#1896);
#1757=AXIS2_PLACEMENT_3D('',#2332,#1897,#1898);
#1758=AXIS2_PLACEMENT_3D('',#2333,#1899,#1900);
#1759=AXIS2_PLACEMENT_3D('',#2334,#1901,#1902);
#1760=AXIS2_PLACEMENT_3D('',#2335,#1903,#1904);
#1761=AXIS2_PLACEMENT_3D('',#2336,#1905,#1906);
#1762=AXIS2_PLACEMENT_3D('',#2337,#1907,#1908);
#1763=AXIS2_PLACEMENT_3D('',#2338,#1909,#1910);
#1764=AXIS2_PLACEMENT_3D('',#2347,#1915,#1916);
#1765=AXIS2_PLACEMENT_3D('',#2353,#1920,#1921);
#1766=AXIS2_PLACEMENT_3D('',#2359,#1925,#1926);
#1767=AXIS2_PLACEMENT_3D('',#2362,#1929,#1930);
#1768=AXIS2_PLACEMENT_3D('',#2363,#1931,#1932);
#1769=AXIS2_PLACEMENT_3D('',#2364,#1933,#1934);
#1770=AXIS2_PLACEMENT_3D('',#2365,#1935,#1936);
#1771=AXIS2_PLACEMENT_3D('',#2374,#1941,#1942);
#1772=AXIS2_PLACEMENT_3D('',#2380,#1946,#1947);
#1773=AXIS2_PLACEMENT_3D('',#2386,#1951,#1952);
#1774=AXIS2_PLACEMENT_3D('',#2389,#1955,#1956);
#1775=AXIS2_PLACEMENT_3D('',#2390,#1957,#1958);
#1776=AXIS2_PLACEMENT_3D('',#2391,#1959,#1960);
#1777=AXIS2_PLACEMENT_3D('',#2392,#1961,#1962);
#1778=AXIS2_PLACEMENT_3D('',#2401,#1967,#1968);
#1779=AXIS2_PLACEMENT_3D('',#2407,#1972,#1973);
#1780=AXIS2_PLACEMENT_3D('',#2413,#1977,#1978);
#1781=AXIS2_PLACEMENT_3D('',#2416,#1981,#1982);
#1782=AXIS2_PLACEMENT_3D('',#2417,#1983,#1984);
#1783=AXIS2_PLACEMENT_3D('',#2418,#1985,#1986);
#1784=AXIS2_PLACEMENT_3D('',#2419,#1987,#1988);
#1785=AXIS2_PLACEMENT_3D('',#2428,#1993,#1994);
#1786=AXIS2_PLACEMENT_3D('',#2434,#1998,#1999);
#1787=AXIS2_PLACEMENT_3D('',#2440,#2003,#2004);
#1788=AXIS2_PLACEMENT_3D('',#2443,#2007,#2008);
#1789=AXIS2_PLACEMENT_3D('',#2444,#2009,#2010);
#1790=AXIS2_PLACEMENT_3D('',#2445,#2011,#2012);
#1791=AXIS2_PLACEMENT_3D('',#2446,#2013,#2014);
#1792=AXIS2_PLACEMENT_3D('',#2455,#2019,#2020);
#1793=AXIS2_PLACEMENT_3D('',#2461,#2024,#2025);
#1794=AXIS2_PLACEMENT_3D('',#2467,#2029,#2030);
#1795=AXIS2_PLACEMENT_3D('',#2470,#2033,#2034);
#1796=AXIS2_PLACEMENT_3D('',#2471,#2035,#2036);
#1797=AXIS2_PLACEMENT_3D('',#2472,#2037,#2038);
#1798=AXIS2_PLACEMENT_3D('',#2473,#2039,#2040);
#1799=AXIS2_PLACEMENT_3D('',#2482,#2045,#2046);
#1800=AXIS2_PLACEMENT_3D('',#2488,#2050,#2051);
#1801=AXIS2_PLACEMENT_3D('',#2494,#2055,#2056);
#1802=AXIS2_PLACEMENT_3D('',#2497,#2059,#2060);
#1803=AXIS2_PLACEMENT_3D('',#2498,#2061,#2062);
#1804=AXIS2_PLACEMENT_3D('',#2499,#2063,#2064);
#1805=AXIS2_PLACEMENT_3D('',#2500,#2065,#2066);
#1806=AXIS2_PLACEMENT_3D('',#2509,#2071,#2072);
#1807=AXIS2_PLACEMENT_3D('',#2515,#2076,#2077);
#1808=AXIS2_PLACEMENT_3D('',#2521,#2081,#2082);
#1809=AXIS2_PLACEMENT_3D('',#2524,#2085,#2086);
#1810=AXIS2_PLACEMENT_3D('',#2525,#2087,#2088);
#1811=AXIS2_PLACEMENT_3D('',#2526,#2089,#2090);
#1812=AXIS2_PLACEMENT_3D('',#2527,#2091,#2092);
#1813=AXIS2_PLACEMENT_3D('',#2536,#2097,#2098);
#1814=AXIS2_PLACEMENT_3D('',#2542,#2102,#2103);
#1815=AXIS2_PLACEMENT_3D('',#2548,#2107,#2108);
#1816=AXIS2_PLACEMENT_3D('',#2551,#2111,#2112);
#1817=AXIS2_PLACEMENT_3D('',#2552,#2113,#2114);
#1818=AXIS2_PLACEMENT_3D('',#2553,#2115,#2116);
#1819=AXIS2_PLACEMENT_3D('',#2554,#2117,#2118);
#1820=AXIS2_PLACEMENT_3D('',#2563,#2123,#2124);
#1821=AXIS2_PLACEMENT_3D('',#2569,#2128,#2129);
#1822=AXIS2_PLACEMENT_3D('',#2575,#2133,#2134);
#1823=AXIS2_PLACEMENT_3D('',#2578,#2137,#2138);
#1824=AXIS2_PLACEMENT_3D('',#2579,#2139,#2140);
#1825=AXIS2_PLACEMENT_3D('',#2580,#2141,#2142);
#1826=AXIS2_PLACEMENT_3D('',#2581,#2143,#2144);
#1827=AXIS2_PLACEMENT_3D('',#2585,#2146,#2147);
#1828=AXIS2_PLACEMENT_3D('',#2589,#2149,#2150);
#1829=AXIS2_PLACEMENT_3D('',#2590,#2151,#2152);
#1830=AXIS2_PLACEMENT_3D('',#2602,#2158,#2159);
#1831=AXIS2_PLACEMENT_3D('',#2605,#2161,#2162);
#1832=AXIS2_PLACEMENT_3D('',#2614,#2167,#2168);
#1833=AXIS2_PLACEMENT_3D('',#2636,#2180,#2181);
#1834=AXIS2_PLACEMENT_3D('',#2641,#2184,#2185);
#1835=AXIS2_PLACEMENT_3D('',#2642,#2186,#2187);
#1836=AXIS2_PLACEMENT_3D('',#2646,#2189,#2190);
#1837=AXIS2_PLACEMENT_3D('',#2650,#2192,#2193);
#1838=AXIS2_PLACEMENT_3D('',#2651,#2194,#2195);
#1839=AXIS2_PLACEMENT_3D('',#2665,#2203,#2204);
#1840=AXIS2_PLACEMENT_3D('',#2690,#2219,#2220);
#1841=AXIS2_PLACEMENT_3D('',#2693,#2223,#2224);
#1842=AXIS2_PLACEMENT_3D('',#2695,#2226,#2227);
#1843=AXIS2_PLACEMENT_3D('',#2697,#2229,#2230);
#1844=AXIS2_PLACEMENT_3D('',#2698,#2231,#2232);
#1845=AXIS2_PLACEMENT_3D('',#2710,#2240,#2241);
#1846=AXIS2_PLACEMENT_3D('',#2712,#2243,#2244);
#1847=AXIS2_PLACEMENT_3D('',#2723,#2251,#2252);
#1848=AXIS2_PLACEMENT_3D('',#2724,#2253,#2254);
#1849=AXIS2_PLACEMENT_3D('',#2725,#2255,#2256);
#1850=AXIS2_PLACEMENT_3D('',#2727,#2258,#2259);
#1851=AXIS2_PLACEMENT_3D('',#2729,#2261,#2262);
#1852=AXIS2_PLACEMENT_3D('',#2731,#2264,#2265);
#1853=AXIS2_PLACEMENT_3D('',#2733,#2267,#2268);
#1854=AXIS2_PLACEMENT_3D('',#2735,#2270,#2271);
#1855=AXIS2_PLACEMENT_3D('',#2741,#2276,#2277);
#1856=AXIS2_PLACEMENT_3D('',#2742,#2278,#2279);
#1857=AXIS2_PLACEMENT_3D('',#2744,#2281,#2282);
#1858=AXIS2_PLACEMENT_3D('',#2750,#2286,#2287);
#1859=AXIS2_PLACEMENT_3D('',#2752,#2289,#2290);
#1860=AXIS2_PLACEMENT_3D('',#2754,#2292,#2293);
#1861=DIRECTION('',(0.,0.,1.));
#1862=DIRECTION('',(1.,0.,0.));
#1863=DIRECTION('',(0.,1.,0.));
#1864=DIRECTION('',(0.,0.,1.));
#1865=DIRECTION('',(0.,0.,-1.));
#1866=DIRECTION('',(1.,0.,0.));
#1867=DIRECTION('',(0.,0.,-1.));
#1868=DIRECTION('',(1.,0.,0.));
#1869=DIRECTION('',(1.,2.64338815386942E-16,0.));
#1870=DIRECTION('',(-2.64338815386942E-16,1.,0.));
#1871=DIRECTION('',(0.,0.,-1.));
#1872=DIRECTION('',(2.64338815386942E-16,-1.,0.));
#1873=DIRECTION('',(2.64338815386942E-16,-1.,0.));
#1874=DIRECTION('',(0.,1.,0.));
#1875=DIRECTION('',(0.,0.,1.));
#1876=DIRECTION('',(0.,0.,-1.));
#1877=DIRECTION('',(1.,0.,0.));
#1878=DIRECTION('',(1.,0.,0.));
#1879=DIRECTION('',(1.,0.,0.));
#1880=DIRECTION('',(0.,0.,-1.));
#1881=DIRECTION('',(0.,-1.,0.));
#1882=DIRECTION('',(0.,-1.,0.));
#1883=DIRECTION('',(0.,0.,1.));
#1884=DIRECTION('',(1.,0.,0.));
#1885=DIRECTION('',(1.,0.,0.));
#1886=DIRECTION('',(2.64338815386942E-16,-1.,0.));
#1887=DIRECTION('',(1.,0.,0.));
#1888=DIRECTION('',(0.,-1.,0.));
#1889=DIRECTION('',(0.,0.,1.));
#1890=DIRECTION('',(1.,0.,0.));
#1891=DIRECTION('',(1.,0.,0.));
#1892=DIRECTION('',(0.,0.,-1.));
#1893=DIRECTION('',(0.707106781186548,-0.707106781186548,0.));
#1894=DIRECTION('',(-0.707106781186548,-0.707106781186548,0.));
#1895=DIRECTION('',(0.707106781186548,0.707106781186548,0.));
#1896=DIRECTION('',(-0.707106781186548,0.707106781186548,0.));
#1897=DIRECTION('',(-2.64338815386942E-16,1.,0.));
#1898=DIRECTION('',(-1.,-2.64338815386942E-16,0.));
#1899=DIRECTION('',(-0.707106781186548,0.707106781186548,0.));
#1900=DIRECTION('',(0.707106781186548,0.707106781186548,0.));
#1901=DIRECTION('',(0.,-1.,0.));
#1902=DIRECTION('',(0.,0.,-1.));
#1903=DIRECTION('',(-0.707106781186548,-0.707106781186548,0.));
#1904=DIRECTION('',(0.707106781186548,-0.707106781186548,0.));
#1905=DIRECTION('',(-1.,0.,0.));
#1906=DIRECTION('',(0.,0.,1.));
#1907=DIRECTION('',(0.,0.,1.));
#1908=DIRECTION('',(1.,0.,0.));
#1909=DIRECTION('',(1.,0.,0.));
#1910=DIRECTION('',(0.,0.,-1.));
#1911=DIRECTION('',(0.,-1.,0.));
#1912=DIRECTION('',(0.,0.,-1.));
#1913=DIRECTION('',(0.,-1.,0.));
#1914=DIRECTION('',(0.,0.,-1.));
#1915=DIRECTION('',(0.,1.,0.));
#1916=DIRECTION('',(0.,0.,1.));
#1917=DIRECTION('',(1.,0.,0.));
#1918=DIRECTION('',(0.,0.,-1.));
#1919=DIRECTION('',(1.,0.,0.));
#1920=DIRECTION('',(1.,1.38777878078144E-15,0.));
#1921=DIRECTION('',(-1.38777878078144E-15,1.,0.));
#1922=DIRECTION('',(1.38777878078144E-15,-1.,0.));
#1923=DIRECTION('',(0.,0.,-1.));
#1924=DIRECTION('',(1.38777878078144E-15,-1.,0.));
#1925=DIRECTION('',(0.,1.,0.));
#1926=DIRECTION('',(0.,0.,1.));
#1927=DIRECTION('',(1.,0.,0.));
#1928=DIRECTION('',(1.,0.,0.));
#1929=DIRECTION('',(0.,0.,1.));
#1930=DIRECTION('',(1.,0.,0.));
#1931=DIRECTION('',(0.,0.,1.));
#1932=DIRECTION('',(1.,0.,0.));
#1933=DIRECTION('',(0.,0.,1.));
#1934=DIRECTION('',(1.,0.,0.));
#1935=DIRECTION('',(0.,1.,0.));
#1936=DIRECTION('',(0.,0.,1.));
#1937=DIRECTION('',(1.,0.,0.));
#1938=DIRECTION('',(0.,0.,-1.));
#1939=DIRECTION('',(1.,0.,0.));
#1940=DIRECTION('',(0.,0.,-1.));
#1941=DIRECTION('',(1.,1.38777878078144E-15,0.));
#1942=DIRECTION('',(-1.38777878078144E-15,1.,0.));
#1943=DIRECTION('',(1.38777878078144E-15,-1.,0.));
#1944=DIRECTION('',(0.,0.,-1.));
#1945=DIRECTION('',(1.38777878078144E-15,-1.,0.));
#1946=DIRECTION('',(0.,1.,0.));
#1947=DIRECTION('',(0.,0.,1.));
#1948=DIRECTION('',(1.,0.,0.));
#1949=DIRECTION('',(0.,0.,-1.));
#1950=DIRECTION('',(1.,0.,0.));
#1951=DIRECTION('',(1.,1.38777878078144E-15,0.));
#1952=DIRECTION('',(-1.38777878078144E-15,1.,0.));
#1953=DIRECTION('',(1.38777878078144E-15,-1.,0.));
#1954=DIRECTION('',(1.38777878078144E-15,-1.,0.));
#1955=DIRECTION('',(0.,0.,1.));
#1956=DIRECTION('',(1.,0.,0.));
#1957=DIRECTION('',(0.,0.,1.));
#1958=DIRECTION('',(1.,0.,0.));
#1959=DIRECTION('',(0.,0.,1.));
#1960=DIRECTION('',(1.,0.,0.));
#1961=DIRECTION('',(1.,0.,0.));
#1962=DIRECTION('',(0.,0.,-1.));
#1963=DIRECTION('',(0.,-1.,0.));
#1964=DIRECTION('',(0.,0.,-1.));
#1965=DIRECTION('',(0.,-1.,0.));
#1966=DIRECTION('',(0.,0.,-1.));
#1967=DIRECTION('',(0.,1.,0.));
#1968=DIRECTION('',(0.,0.,1.));
#1969=DIRECTION('',(1.,0.,0.));
#1970=DIRECTION('',(0.,0.,-1.));
#1971=DIRECTION('',(1.,0.,0.));
#1972=DIRECTION('',(1.,0.,0.));
#1973=DIRECTION('',(0.,0.,-1.));
#1974=DIRECTION('',(0.,-1.,0.));
#1975=DIRECTION('',(0.,0.,-1.));
#1976=DIRECTION('',(0.,-1.,0.));
#1977=DIRECTION('',(0.,1.,0.));
#1978=DIRECTION('',(0.,0.,1.));
#1979=DIRECTION('',(1.,0.,0.));
#1980=DIRECTION('',(1.,0.,0.));
#1981=DIRECTION('',(0.,0.,1.));
#1982=DIRECTION('',(1.,0.,0.));
#1983=DIRECTION('',(0.,0.,1.));
#1984=DIRECTION('',(1.,0.,0.));
#1985=DIRECTION('',(0.,0.,1.));
#1986=DIRECTION('',(1.,0.,0.));
#1987=DIRECTION('',(1.,0.,0.));
#1988=DIRECTION('',(0.,0.,-1.));
#1989=DIRECTION('',(0.,-1.,0.));
#1990=DIRECTION('',(0.,0.,-1.));
#1991=DIRECTION('',(0.,-1.,0.));
#1992=DIRECTION('',(0.,0.,-1.));
#1993=DIRECTION('',(0.,1.,0.));
#1994=DIRECTION('',(0.,0.,1.));
#1995=DIRECTION('',(1.,0.,0.));
#1996=DIRECTION('',(0.,0.,-1.));
#1997=DIRECTION('',(1.,0.,0.));
#1998=DIRECTION('',(1.,0.,0.));
#1999=DIRECTION('',(0.,0.,-1.));
#2000=DIRECTION('',(0.,-1.,0.));
#2001=DIRECTION('',(0.,0.,-1.));
#2002=DIRECTION('',(0.,-1.,0.));
#2003=DIRECTION('',(0.,1.,0.));
#2004=DIRECTION('',(0.,0.,1.));
#2005=DIRECTION('',(1.,0.,0.));
#2006=DIRECTION('',(1.,0.,0.));
#2007=DIRECTION('',(0.,0.,1.));
#2008=DIRECTION('',(1.,0.,0.));
#2009=DIRECTION('',(0.,0.,1.));
#2010=DIRECTION('',(1.,0.,0.));
#2011=DIRECTION('',(0.,0.,1.));
#2012=DIRECTION('',(1.,0.,0.));
#2013=DIRECTION('',(1.,0.,0.));
#2014=DIRECTION('',(0.,0.,-1.));
#2015=DIRECTION('',(0.,-1.,0.));
#2016=DIRECTION('',(0.,0.,-1.));
#2017=DIRECTION('',(0.,-1.,0.));
#2018=DIRECTION('',(0.,0.,-1.));
#2019=DIRECTION('',(0.,1.,0.));
#2020=DIRECTION('',(0.,0.,1.));
#2021=DIRECTION('',(1.,0.,0.));
#2022=DIRECTION('',(0.,0.,-1.));
#2023=DIRECTION('',(1.,0.,0.));
#2024=DIRECTION('',(1.,1.38777878078144E-15,0.));
#2025=DIRECTION('',(-1.38777878078144E-15,1.,0.));
#2026=DIRECTION('',(1.38777878078144E-15,-1.,0.));
#2027=DIRECTION('',(0.,0.,-1.));
#2028=DIRECTION('',(1.38777878078144E-15,-1.,0.));
#2029=DIRECTION('',(0.,1.,0.));
#2030=DIRECTION('',(0.,0.,1.));
#2031=DIRECTION('',(1.,0.,0.));
#2032=DIRECTION('',(1.,0.,0.));
#2033=DIRECTION('',(0.,0.,1.));
#2034=DIRECTION('',(1.,0.,0.));
#2035=DIRECTION('',(0.,0.,1.));
#2036=DIRECTION('',(1.,0.,0.));
#2037=DIRECTION('',(0.,0.,1.));
#2038=DIRECTION('',(1.,0.,0.));
#2039=DIRECTION('',(0.,1.,0.));
#2040=DIRECTION('',(0.,0.,1.));
#2041=DIRECTION('',(1.,0.,0.));
#2042=DIRECTION('',(0.,0.,-1.));
#2043=DIRECTION('',(1.,0.,0.));
#2044=DIRECTION('',(0.,0.,-1.));
#2045=DIRECTION('',(1.,1.38777878078144E-15,0.));
#2046=DIRECTION('',(-1.38777878078144E-15,1.,0.));
#2047=DIRECTION('',(1.38777878078144E-15,-1.,0.));
#2048=DIRECTION('',(0.,0.,-1.));
#2049=DIRECTION('',(1.38777878078144E-15,-1.,0.));
#2050=DIRECTION('',(0.,1.,0.));
#2051=DIRECTION('',(0.,0.,1.));
#2052=DIRECTION('',(1.,0.,0.));
#2053=DIRECTION('',(0.,0.,-1.));
#2054=DIRECTION('',(1.,0.,0.));
#2055=DIRECTION('',(1.,1.38777878078144E-15,0.));
#2056=DIRECTION('',(-1.38777878078144E-15,1.,0.));
#2057=DIRECTION('',(1.38777878078144E-15,-1.,0.));
#2058=DIRECTION('',(1.38777878078144E-15,-1.,0.));
#2059=DIRECTION('',(0.,0.,1.));
#2060=DIRECTION('',(1.,0.,0.));
#2061=DIRECTION('',(0.,0.,1.));
#2062=DIRECTION('',(1.,0.,0.));
#2063=DIRECTION('',(0.,0.,1.));
#2064=DIRECTION('',(1.,0.,0.));
#2065=DIRECTION('',(1.,0.,0.));
#2066=DIRECTION('',(0.,0.,-1.));
#2067=DIRECTION('',(0.,-1.,0.));
#2068=DIRECTION('',(0.,0.,-1.));
#2069=DIRECTION('',(0.,-1.,0.));
#2070=DIRECTION('',(0.,0.,-1.));
#2071=DIRECTION('',(0.,1.,0.));
#2072=DIRECTION('',(0.,0.,1.));
#2073=DIRECTION('',(1.,0.,0.));
#2074=DIRECTION('',(0.,0.,-1.));
#2075=DIRECTION('',(1.,0.,0.));
#2076=DIRECTION('',(1.,0.,0.));
#2077=DIRECTION('',(0.,0.,-1.));
#2078=DIRECTION('',(0.,-1.,0.));
#2079=DIRECTION('',(0.,0.,-1.));
#2080=DIRECTION('',(0.,-1.,0.));
#2081=DIRECTION('',(0.,1.,0.));
#2082=DIRECTION('',(0.,0.,1.));
#2083=DIRECTION('',(1.,0.,0.));
#2084=DIRECTION('',(1.,0.,0.));
#2085=DIRECTION('',(0.,0.,1.));
#2086=DIRECTION('',(1.,0.,0.));
#2087=DIRECTION('',(0.,0.,1.));
#2088=DIRECTION('',(1.,0.,0.));
#2089=DIRECTION('',(0.,0.,1.));
#2090=DIRECTION('',(1.,0.,0.));
#2091=DIRECTION('',(1.,0.,0.));
#2092=DIRECTION('',(0.,0.,-1.));
#2093=DIRECTION('',(0.,-1.,0.));
#2094=DIRECTION('',(0.,0.,-1.));
#2095=DIRECTION('',(0.,-1.,0.));
#2096=DIRECTION('',(0.,0.,-1.));
#2097=DIRECTION('',(0.,1.,0.));
#2098=DIRECTION('',(0.,0.,1.));
#2099=DIRECTION('',(1.,0.,0.));
#2100=DIRECTION('',(0.,0.,-1.));
#2101=DIRECTION('',(1.,0.,0.));
#2102=DIRECTION('',(1.,0.,0.));
#2103=DIRECTION('',(0.,0.,-1.));
#2104=DIRECTION('',(0.,-1.,0.));
#2105=DIRECTION('',(0.,0.,-1.));
#2106=DIRECTION('',(0.,-1.,0.));
#2107=DIRECTION('',(0.,1.,0.));
#2108=DIRECTION('',(0.,0.,1.));
#2109=DIRECTION('',(1.,0.,0.));
#2110=DIRECTION('',(1.,0.,0.));
#2111=DIRECTION('',(0.,0.,1.));
#2112=DIRECTION('',(1.,0.,0.));
#2113=DIRECTION('',(0.,0.,1.));
#2114=DIRECTION('',(1.,0.,0.));
#2115=DIRECTION('',(0.,0.,1.));
#2116=DIRECTION('',(1.,0.,0.));
#2117=DIRECTION('',(1.,2.64338815386942E-16,0.));
#2118=DIRECTION('',(-2.64338815386942E-16,1.,0.));
#2119=DIRECTION('',(2.64338815386942E-16,-1.,0.));
#2120=DIRECTION('',(0.,0.,-1.));
#2121=DIRECTION('',(2.64338815386942E-16,-1.,0.));
#2122=DIRECTION('',(0.,0.,-1.));
#2123=DIRECTION('',(0.,-1.,0.));
#2124=DIRECTION('',(0.,0.,-1.));
#2125=DIRECTION('',(-1.,0.,0.));
#2126=DIRECTION('',(0.,0.,-1.));
#2127=DIRECTION('',(-1.,0.,0.));
#2128=DIRECTION('',(1.,0.,0.));
#2129=DIRECTION('',(0.,0.,-1.));
#2130=DIRECTION('',(0.,-1.,0.));
#2131=DIRECTION('',(0.,0.,-1.));
#2132=DIRECTION('',(0.,-1.,0.));
#2133=DIRECTION('',(0.,-1.,0.));
#2134=DIRECTION('',(0.,0.,-1.));
#2135=DIRECTION('',(-1.,0.,0.));
#2136=DIRECTION('',(-1.,0.,0.));
#2137=DIRECTION('',(0.,0.,1.));
#2138=DIRECTION('',(1.,0.,0.));
#2139=DIRECTION('',(0.,0.,1.));
#2140=DIRECTION('',(1.,0.,0.));
#2141=DIRECTION('',(0.,0.,1.));
#2142=DIRECTION('',(1.,0.,0.));
#2143=DIRECTION('',(1.,0.,0.));
#2144=DIRECTION('',(0.,0.,-1.));
#2145=DIRECTION('',(1.,0.,0.));
#2146=DIRECTION('',(1.,3.36431219583381E-16,0.));
#2147=DIRECTION('',(-3.36431219583381E-16,1.,0.));
#2148=DIRECTION('',(1.,0.,0.));
#2149=DIRECTION('',(1.,0.,0.));
#2150=DIRECTION('',(0.,0.,-1.));
#2151=DIRECTION('',(0.,0.,1.));
#2152=DIRECTION('',(1.,0.,0.));
#2153=DIRECTION('',(-1.,0.,0.));
#2154=DIRECTION('',(0.,-1.,0.));
#2155=DIRECTION('',(1.,0.,0.));
#2156=DIRECTION('',(0.,1.,0.));
#2157=DIRECTION('',(1.,0.,0.));
#2158=DIRECTION('',(0.,0.,1.));
#2159=DIRECTION('',(1.,0.,0.));
#2160=DIRECTION('',(0.,-1.,0.));
#2161=DIRECTION('',(0.,1.,0.));
#2162=DIRECTION('',(0.,0.,1.));
#2163=DIRECTION('',(1.,0.,0.));
#2164=DIRECTION('',(0.,0.,-1.));
#2165=DIRECTION('',(1.,0.,0.));
#2166=DIRECTION('',(0.,0.,-1.));
#2167=DIRECTION('',(-1.,0.,0.));
#2168=DIRECTION('',(0.,0.,1.));
#2169=DIRECTION('',(0.,0.,-1.));
#2170=DIRECTION('',(0.,1.,0.));
#2171=DIRECTION('',(0.,1.,0.));
#2172=DIRECTION('',(0.,0.,-1.));
#2173=DIRECTION('',(0.,-1.,0.));
#2174=DIRECTION('',(0.,0.,1.));
#2175=DIRECTION('',(0.,-1.,0.));
#2176=DIRECTION('',(0.,0.,1.));
#2177=DIRECTION('',(0.,-1.,0.));
#2178=DIRECTION('',(0.,0.,-1.));
#2179=DIRECTION('',(0.,1.,0.));
#2180=DIRECTION('',(0.,0.,1.));
#2181=DIRECTION('',(1.,0.,0.));
#2182=DIRECTION('',(0.,0.,-1.));
#2183=DIRECTION('',(0.,0.,-1.));
#2184=DIRECTION('',(0.,0.,1.));
#2185=DIRECTION('',(1.,0.,0.));
#2186=DIRECTION('',(0.,0.,1.));
#2187=DIRECTION('',(1.,0.,0.));
#2188=DIRECTION('',(0.,0.,-1.));
#2189=DIRECTION('',(0.,0.,1.));
#2190=DIRECTION('',(1.,0.,0.));
#2191=DIRECTION('',(0.,0.,-1.));
#2192=DIRECTION('',(0.,0.,1.));
#2193=DIRECTION('',(1.,0.,0.));
#2194=DIRECTION('',(0.,0.,1.));
#2195=DIRECTION('',(1.,0.,0.));
#2196=DIRECTION('',(1.,0.,0.));
#2197=DIRECTION('',(2.64338815386942E-16,-1.,0.));
#2198=DIRECTION('',(1.,0.,0.));
#2199=DIRECTION('',(0.,-1.,0.));
#2200=DIRECTION('',(1.,0.,0.));
#2201=DIRECTION('',(5.04646829375071E-17,-1.,0.));
#2202=DIRECTION('',(1.,0.,0.));
#2203=DIRECTION('',(0.,0.,1.));
#2204=DIRECTION('',(1.,0.,0.));
#2205=DIRECTION('',(1.,0.,0.));
#2206=DIRECTION('',(2.64338815386942E-16,-1.,0.));
#2207=DIRECTION('',(1.,0.,0.));
#2208=DIRECTION('',(0.,-1.,0.));
#2209=DIRECTION('',(0.,1.,0.));
#2210=DIRECTION('',(1.,0.,0.));
#2211=DIRECTION('',(1.,0.,0.));
#2212=DIRECTION('',(1.,0.,0.));
#2213=DIRECTION('',(1.,0.,0.));
#2214=DIRECTION('',(2.64338815386942E-16,-1.,0.));
#2215=DIRECTION('',(1.,0.,0.));
#2216=DIRECTION('',(5.04646829375071E-17,-1.,0.));
#2217=DIRECTION('',(1.,0.,0.));
#2218=DIRECTION('',(0.,-1.,0.));
#2219=DIRECTION('',(0.,1.,0.));
#2220=DIRECTION('',(0.,0.,1.));
#2221=DIRECTION('',(0.,0.,-1.));
#2222=DIRECTION('',(0.,0.,-1.));
#2223=DIRECTION('',(1.,0.,0.));
#2224=DIRECTION('',(0.,0.,-1.));
#2225=DIRECTION('',(0.,0.,-1.));
#2226=DIRECTION('',(0.,1.,0.));
#2227=DIRECTION('',(0.,0.,1.));
#2228=DIRECTION('',(0.,0.,-1.));
#2229=DIRECTION('',(1.,5.04646829375071E-17,0.));
#2230=DIRECTION('',(-5.04646829375071E-17,1.,0.));
#2231=DIRECTION('',(0.,-1.,0.));
#2232=DIRECTION('',(0.,0.,-1.));
#2233=DIRECTION('',(0.,0.,-1.));
#2234=DIRECTION('',(-1.,0.,0.));
#2235=DIRECTION('',(0.,0.,-1.));
#2236=DIRECTION('',(0.,0.,1.));
#2237=DIRECTION('',(0.,0.,1.));
#2238=DIRECTION('',(0.,0.,-1.));
#2239=DIRECTION('',(-1.,0.,0.));
#2240=DIRECTION('',(0.,-1.,0.));
#2241=DIRECTION('',(0.,0.,-1.));
#2242=DIRECTION('',(0.,0.,1.));
#2243=DIRECTION('',(-1.,-2.64338815386942E-16,0.));
#2244=DIRECTION('',(2.64338815386942E-16,-1.,0.));
#2245=DIRECTION('',(0.,0.,-1.));
#2246=DIRECTION('',(0.,1.,0.));
#2247=DIRECTION('',(0.,0.,-1.));
#2248=DIRECTION('',(0.,1.,0.));
#2249=DIRECTION('',(0.,0.,-1.));
#2250=DIRECTION('',(0.,0.,-1.));
#2251=DIRECTION('',(0.,1.,0.));
#2252=DIRECTION('',(0.,0.,1.));
#2253=DIRECTION('',(1.,0.,0.));
#2254=DIRECTION('',(0.,0.,-1.));
#2255=DIRECTION('',(-1.,0.,0.));
#2256=DIRECTION('',(0.,0.,1.));
#2257=DIRECTION('',(0.,1.,0.));
#2258=DIRECTION('',(0.,1.,0.));
#2259=DIRECTION('',(0.,0.,1.));
#2260=DIRECTION('',(1.,0.,0.));
#2261=DIRECTION('',(0.,0.,1.));
#2262=DIRECTION('',(1.,0.,0.));
#2263=DIRECTION('',(3.36431219583381E-16,-1.,0.));
#2264=DIRECTION('',(0.,1.,0.));
#2265=DIRECTION('',(0.,0.,1.));
#2266=DIRECTION('',(1.,0.,0.));
#2267=DIRECTION('',(0.,0.,1.));
#2268=DIRECTION('',(1.,0.,0.));
#2269=DIRECTION('',(1.,0.,0.));
#2270=DIRECTION('',(0.,0.,1.));
#2271=DIRECTION('',(1.,0.,0.));
#2272=DIRECTION('',(-3.36431219583381E-16,1.,0.));
#2273=DIRECTION('',(1.,0.,0.));
#2274=DIRECTION('',(1.,0.,0.));
#2275=DIRECTION('',(0.,-1.,0.));
#2276=DIRECTION('',(0.,1.,0.));
#2277=DIRECTION('',(0.,0.,1.));
#2278=DIRECTION('',(0.,1.,0.));
#2279=DIRECTION('',(0.,0.,1.));
#2280=DIRECTION('',(0.,0.,-1.));
#2281=DIRECTION('',(0.,1.,0.));
#2282=DIRECTION('',(0.,0.,1.));
#2283=DIRECTION('',(0.,0.,-1.));
#2284=DIRECTION('',(0.,0.,-1.));
#2285=DIRECTION('',(1.,0.,0.));
#2286=DIRECTION('',(1.,0.,0.));
#2287=DIRECTION('',(0.,0.,-1.));
#2288=DIRECTION('',(0.,-1.,0.));
#2289=DIRECTION('',(0.,0.,1.));
#2290=DIRECTION('',(1.,0.,0.));
#2291=DIRECTION('',(3.36431219583381E-16,-1.,0.));
#2292=DIRECTION('',(1.,3.36431219583381E-16,0.));
#2293=DIRECTION('',(-3.36431219583381E-16,1.,0.));
#2294=CARTESIAN_POINT('',(0.,0.,0.));
#2295=CARTESIAN_POINT('',(0.68912340477109,1.1174181304872,0.035));
#2296=CARTESIAN_POINT('',(0.67662340477109,1.1174181304872,0.035));
#2297=CARTESIAN_POINT('',(0.67662340477109,1.1174181304872,0.028));
#2298=CARTESIAN_POINT('',(0.67662340477109,1.1174181304872,0.025));
#2299=CARTESIAN_POINT('',(0.68912340477109,1.1174181304872,0.028));
#2300=CARTESIAN_POINT('',(0.70162340477109,1.1174181304872,0.028));
#2301=CARTESIAN_POINT('',(0.70162340477109,1.1174181304872,0.035));
#2302=CARTESIAN_POINT('',(0.70162340477109,1.1174181304872,0.025));
#2303=CARTESIAN_POINT('',(0.68912340477109,1.1174181304872,0.025));
#2304=CARTESIAN_POINT('',(0.67662340477109,0.854918130487203,0.035));
#2305=CARTESIAN_POINT('',(0.67662340477109,0.592418130487204,0.035));
#2306=CARTESIAN_POINT('',(0.67662340477109,0.592418130487204,0.028));
#2307=CARTESIAN_POINT('',(0.67662340477109,0.592418130487204,0.025));
#2308=CARTESIAN_POINT('',(0.67662340477109,1.1174181304872,0.028));
#2309=CARTESIAN_POINT('',(0.67662340477109,0.854918130487203,0.025));
#2310=CARTESIAN_POINT('',(0.68912340477109,0.592418130487204,0.035));
#2311=CARTESIAN_POINT('',(0.70162340477109,0.592418130487204,0.035));
#2312=CARTESIAN_POINT('',(0.70162340477109,0.592418130487204,0.028));
#2313=CARTESIAN_POINT('',(0.70162340477109,0.592418130487204,0.025));
#2314=CARTESIAN_POINT('',(0.67662340477109,0.592418130487204,0.028));
#2315=CARTESIAN_POINT('',(0.68912340477109,0.592418130487204,0.025));
#2316=CARTESIAN_POINT('',(0.70162340477109,0.854918130487203,0.035));
#2317=CARTESIAN_POINT('',(0.70162340477109,0.854918130487203,0.028));
#2318=CARTESIAN_POINT('',(0.70162340477109,0.854918130487203,0.025));
#2319=CARTESIAN_POINT('',(0.60162340477109,0.654918130487204,0.035));
#2320=CARTESIAN_POINT('',(0.60162340477109,1.1104181304872,0.035));
#2321=CARTESIAN_POINT('',(0.69462340477109,1.1104181304872,0.035));
#2322=CARTESIAN_POINT('',(0.68362340477109,1.1104181304872,0.035));
#2323=CARTESIAN_POINT('',(0.68362340477109,0.592418130487204,0.035));
#2324=CARTESIAN_POINT('',(0.68362340477109,0.599418130487204,0.035));
#2325=CARTESIAN_POINT('',(0.70162340477109,0.599418130487204,0.035));
#2326=CARTESIAN_POINT('',(0.69462340477109,0.599418130487204,0.035));
#2327=CARTESIAN_POINT('',(0.69462340477109,0.654918130487204,0.035));
#2328=CARTESIAN_POINT('',(0.60162340477109,0.654918130487204,0.025));
#2329=CARTESIAN_POINT('',(0.68912340477109,1.1104181304872,0.028));
#2330=CARTESIAN_POINT('',(0.69462340477109,1.1104181304872,0.028));
#2331=CARTESIAN_POINT('',(0.68362340477109,1.1104181304872,0.028));
#2332=CARTESIAN_POINT('',(0.68362340477109,0.654918130487204,0.028));
#2333=CARTESIAN_POINT('',(0.68362340477109,0.599418130487204,0.028));
#2334=CARTESIAN_POINT('',(0.69462340477109,0.854918130487203,0.028));
#2335=CARTESIAN_POINT('',(0.69462340477109,0.599418130487204,0.028));
#2336=CARTESIAN_POINT('',(0.60162340477109,0.599418130487204,0.028));
#2337=CARTESIAN_POINT('',(0.,0.,0.));
#2338=CARTESIAN_POINT('',(-0.0733765952289102,1.1299181304872,0.035));
#2339=CARTESIAN_POINT('',(-0.0733765952289102,1.1299181304872,0.025));
#2340=CARTESIAN_POINT('',(-0.0733765952289102,1.1424181304872,0.025));
#2341=CARTESIAN_POINT('',(-0.0733765952289102,1.1174181304872,0.025));
#2342=CARTESIAN_POINT('',(-0.0733765952289102,1.1174181304872,0.035));
#2343=CARTESIAN_POINT('',(-0.0733765952289102,1.1174181304872,0.035));
#2344=CARTESIAN_POINT('',(-0.0733765952289102,1.1299181304872,0.035));
#2345=CARTESIAN_POINT('',(-0.0733765952289102,1.1424181304872,0.035));
#2346=CARTESIAN_POINT('',(-0.0733765952289102,1.1424181304872,0.035));
#2347=CARTESIAN_POINT('',(0.30162340477109,1.1174181304872,0.035));
#2348=CARTESIAN_POINT('',(0.30162340477109,1.1174181304872,0.025));
#2349=CARTESIAN_POINT('',(0.67662340477109,1.1174181304872,0.025));
#2350=CARTESIAN_POINT('',(0.67662340477109,1.1174181304872,0.035));
#2351=CARTESIAN_POINT('',(0.67662340477109,1.1174181304872,0.035));
#2352=CARTESIAN_POINT('',(0.30162340477109,1.1174181304872,0.035));
#2353=CARTESIAN_POINT('',(0.67662340477109,1.1299181304872,0.035));
#2354=CARTESIAN_POINT('',(0.67662340477109,1.1299181304872,0.025));
#2355=CARTESIAN_POINT('',(0.67662340477109,1.1424181304872,0.025));
#2356=CARTESIAN_POINT('',(0.67662340477109,1.1424181304872,0.035));
#2357=CARTESIAN_POINT('',(0.67662340477109,1.1424181304872,0.035));
#2358=CARTESIAN_POINT('',(0.67662340477109,1.1299181304872,0.035));
#2359=CARTESIAN_POINT('',(0.30162340477109,1.1424181304872,0.035));
#2360=CARTESIAN_POINT('',(0.30162340477109,1.1424181304872,0.025));
#2361=CARTESIAN_POINT('',(0.30162340477109,1.1424181304872,0.035));
#2362=CARTESIAN_POINT('',(0.60162340477109,0.654918130487204,0.035));
#2363=CARTESIAN_POINT('',(0.60162340477109,0.654918130487204,0.025));
#2364=CARTESIAN_POINT('',(0.,0.,0.));
#2365=CARTESIAN_POINT('',(0.68912340477109,1.1424181304872,0.035));
#2366=CARTESIAN_POINT('',(0.68912340477109,1.1424181304872,0.025));
#2367=CARTESIAN_POINT('',(0.67662340477109,1.1424181304872,0.025));
#2368=CARTESIAN_POINT('',(0.70162340477109,1.1424181304872,0.025));
#2369=CARTESIAN_POINT('',(0.67662340477109,1.1424181304872,0.035));
#2370=CARTESIAN_POINT('',(0.67662340477109,1.1424181304872,0.035));
#2371=CARTESIAN_POINT('',(0.68912340477109,1.1424181304872,0.035));
#2372=CARTESIAN_POINT('',(0.70162340477109,1.1424181304872,0.035));
#2373=CARTESIAN_POINT('',(0.70162340477109,1.1424181304872,0.035));
#2374=CARTESIAN_POINT('',(0.67662340477109,1.1299181304872,0.035));
#2375=CARTESIAN_POINT('',(0.67662340477109,1.1299181304872,0.025));
#2376=CARTESIAN_POINT('',(0.67662340477109,1.1174181304872,0.025));
#2377=CARTESIAN_POINT('',(0.67662340477109,1.1174181304872,0.035));
#2378=CARTESIAN_POINT('',(0.67662340477109,1.1174181304872,0.035));
#2379=CARTESIAN_POINT('',(0.67662340477109,1.1299181304872,0.035));
#2380=CARTESIAN_POINT('',(0.68912340477109,1.1174181304872,0.035));
#2381=CARTESIAN_POINT('',(0.68912340477109,1.1174181304872,0.025));
#2382=CARTESIAN_POINT('',(0.70162340477109,1.1174181304872,0.025));
#2383=CARTESIAN_POINT('',(0.70162340477109,1.1174181304872,0.035));
#2384=CARTESIAN_POINT('',(0.70162340477109,1.1174181304872,0.035));
#2385=CARTESIAN_POINT('',(0.68912340477109,1.1174181304872,0.035));
#2386=CARTESIAN_POINT('',(0.70162340477109,1.1299181304872,0.035));
#2387=CARTESIAN_POINT('',(0.70162340477109,1.1299181304872,0.025));
#2388=CARTESIAN_POINT('',(0.70162340477109,1.1299181304872,0.035));
#2389=CARTESIAN_POINT('',(0.60162340477109,0.654918130487204,0.035));
#2390=CARTESIAN_POINT('',(0.60162340477109,0.654918130487204,0.025));
#2391=CARTESIAN_POINT('',(0.,0.,0.));
#2392=CARTESIAN_POINT('',(-0.0733765952289102,0.579918130487204,0.035));
#2393=CARTESIAN_POINT('',(-0.0733765952289102,0.579918130487204,0.025));
#2394=CARTESIAN_POINT('',(-0.0733765952289102,0.592418130487204,0.025));
#2395=CARTESIAN_POINT('',(-0.0733765952289102,0.567418130487204,0.025));
#2396=CARTESIAN_POINT('',(-0.0733765952289102,0.567418130487204,0.035));
#2397=CARTESIAN_POINT('',(-0.0733765952289102,0.567418130487204,0.035));
#2398=CARTESIAN_POINT('',(-0.0733765952289102,0.579918130487204,0.035));
#2399=CARTESIAN_POINT('',(-0.0733765952289102,0.592418130487204,0.035));
#2400=CARTESIAN_POINT('',(-0.0733765952289102,0.592418130487204,0.035));
#2401=CARTESIAN_POINT('',(0.30162340477109,0.567418130487204,0.035));
#2402=CARTESIAN_POINT('',(0.30162340477109,0.567418130487204,0.025));
#2403=CARTESIAN_POINT('',(0.67662340477109,0.567418130487204,0.025));
#2404=CARTESIAN_POINT('',(0.67662340477109,0.567418130487204,0.035));
#2405=CARTESIAN_POINT('',(0.67662340477109,0.567418130487204,0.035));
#2406=CARTESIAN_POINT('',(0.30162340477109,0.567418130487204,0.035));
#2407=CARTESIAN_POINT('',(0.67662340477109,0.579918130487204,0.035));
#2408=CARTESIAN_POINT('',(0.67662340477109,0.579918130487204,0.025));
#2409=CARTESIAN_POINT('',(0.67662340477109,0.592418130487204,0.025));
#2410=CARTESIAN_POINT('',(0.67662340477109,0.592418130487204,0.035));
#2411=CARTESIAN_POINT('',(0.67662340477109,0.592418130487204,0.035));
#2412=CARTESIAN_POINT('',(0.67662340477109,0.579918130487204,0.035));
#2413=CARTESIAN_POINT('',(0.30162340477109,0.592418130487204,0.035));
#2414=CARTESIAN_POINT('',(0.30162340477109,0.592418130487204,0.025));
#2415=CARTESIAN_POINT('',(0.30162340477109,0.592418130487204,0.035));
#2416=CARTESIAN_POINT('',(0.60162340477109,0.654918130487204,0.035));
#2417=CARTESIAN_POINT('',(0.60162340477109,0.654918130487204,0.025));
#2418=CARTESIAN_POINT('',(0.,0.,0.));
#2419=CARTESIAN_POINT('',(0.67662340477109,0.579918130487204,0.035));
#2420=CARTESIAN_POINT('',(0.67662340477109,0.579918130487204,0.025));
#2421=CARTESIAN_POINT('',(0.67662340477109,0.592418130487204,0.025));
#2422=CARTESIAN_POINT('',(0.67662340477109,0.567418130487204,0.025));
#2423=CARTESIAN_POINT('',(0.67662340477109,0.567418130487204,0.035));
#2424=CARTESIAN_POINT('',(0.67662340477109,0.567418130487204,0.035));
#2425=CARTESIAN_POINT('',(0.67662340477109,0.579918130487204,0.035));
#2426=CARTESIAN_POINT('',(0.67662340477109,0.592418130487204,0.035));
#2427=CARTESIAN_POINT('',(0.67662340477109,0.592418130487204,0.035));
#2428=CARTESIAN_POINT('',(0.68912340477109,0.567418130487204,0.035));
#2429=CARTESIAN_POINT('',(0.68912340477109,0.567418130487204,0.025));
#2430=CARTESIAN_POINT('',(0.70162340477109,0.567418130487204,0.025));
#2431=CARTESIAN_POINT('',(0.70162340477109,0.567418130487204,0.035));
#2432=CARTESIAN_POINT('',(0.70162340477109,0.567418130487204,0.035));
#2433=CARTESIAN_POINT('',(0.68912340477109,0.567418130487204,0.035));
#2434=CARTESIAN_POINT('',(0.70162340477109,0.579918130487204,0.035));
#2435=CARTESIAN_POINT('',(0.70162340477109,0.579918130487204,0.025));
#2436=CARTESIAN_POINT('',(0.70162340477109,0.592418130487204,0.025));
#2437=CARTESIAN_POINT('',(0.70162340477109,0.592418130487204,0.035));
#2438=CARTESIAN_POINT('',(0.70162340477109,0.592418130487204,0.035));
#2439=CARTESIAN_POINT('',(0.70162340477109,0.579918130487204,0.035));
#2440=CARTESIAN_POINT('',(0.68912340477109,0.592418130487204,0.035));
#2441=CARTESIAN_POINT('',(0.68912340477109,0.592418130487204,0.025));
#2442=CARTESIAN_POINT('',(0.68912340477109,0.592418130487204,0.035));
#2443=CARTESIAN_POINT('',(0.60162340477109,0.654918130487204,0.035));
#2444=CARTESIAN_POINT('',(0.60162340477109,0.654918130487204,0.025));
#2445=CARTESIAN_POINT('',(0.,0.,0.));
#2446=CARTESIAN_POINT('',(-0.0733765952289102,1.1299181304872,0.045));
#2447=CARTESIAN_POINT('',(-0.0733765952289102,1.1299181304872,0.035));
#2448=CARTESIAN_POINT('',(-0.0733765952289102,1.1424181304872,0.035));
#2449=CARTESIAN_POINT('',(-0.0733765952289102,1.1174181304872,0.035));
#2450=CARTESIAN_POINT('',(-0.0733765952289102,1.1174181304872,0.045));
#2451=CARTESIAN_POINT('',(-0.0733765952289102,1.1174181304872,0.045));
#2452=CARTESIAN_POINT('',(-0.0733765952289102,1.1299181304872,0.045));
#2453=CARTESIAN_POINT('',(-0.0733765952289102,1.1424181304872,0.045));
#2454=CARTESIAN_POINT('',(-0.0733765952289102,1.1424181304872,0.045));
#2455=CARTESIAN_POINT('',(0.30162340477109,1.1174181304872,0.045));
#2456=CARTESIAN_POINT('',(0.30162340477109,1.1174181304872,0.035));
#2457=CARTESIAN_POINT('',(0.67662340477109,1.1174181304872,0.035));
#2458=CARTESIAN_POINT('',(0.67662340477109,1.1174181304872,0.045));
#2459=CARTESIAN_POINT('',(0.67662340477109,1.1174181304872,0.045));
#2460=CARTESIAN_POINT('',(0.30162340477109,1.1174181304872,0.045));
#2461=CARTESIAN_POINT('',(0.67662340477109,1.1299181304872,0.045));
#2462=CARTESIAN_POINT('',(0.67662340477109,1.1299181304872,0.035));
#2463=CARTESIAN_POINT('',(0.67662340477109,1.1424181304872,0.035));
#2464=CARTESIAN_POINT('',(0.67662340477109,1.1424181304872,0.045));
#2465=CARTESIAN_POINT('',(0.67662340477109,1.1424181304872,0.045));
#2466=CARTESIAN_POINT('',(0.67662340477109,1.1299181304872,0.045));
#2467=CARTESIAN_POINT('',(0.30162340477109,1.1424181304872,0.045));
#2468=CARTESIAN_POINT('',(0.30162340477109,1.1424181304872,0.035));
#2469=CARTESIAN_POINT('',(0.30162340477109,1.1424181304872,0.045));
#2470=CARTESIAN_POINT('',(0.60162340477109,0.654918130487204,0.045));
#2471=CARTESIAN_POINT('',(0.60162340477109,0.654918130487204,0.035));
#2472=CARTESIAN_POINT('',(0.,0.,0.));
#2473=CARTESIAN_POINT('',(0.68912340477109,1.1424181304872,0.045));
#2474=CARTESIAN_POINT('',(0.68912340477109,1.1424181304872,0.035));
#2475=CARTESIAN_POINT('',(0.67662340477109,1.1424181304872,0.035));
#2476=CARTESIAN_POINT('',(0.70162340477109,1.1424181304872,0.035));
#2477=CARTESIAN_POINT('',(0.67662340477109,1.1424181304872,0.045));
#2478=CARTESIAN_POINT('',(0.67662340477109,1.1424181304872,0.045));
#2479=CARTESIAN_POINT('',(0.68912340477109,1.1424181304872,0.045));
#2480=CARTESIAN_POINT('',(0.70162340477109,1.1424181304872,0.045));
#2481=CARTESIAN_POINT('',(0.70162340477109,1.1424181304872,0.045));
#2482=CARTESIAN_POINT('',(0.67662340477109,1.1299181304872,0.045));
#2483=CARTESIAN_POINT('',(0.67662340477109,1.1299181304872,0.035));
#2484=CARTESIAN_POINT('',(0.67662340477109,1.1174181304872,0.035));
#2485=CARTESIAN_POINT('',(0.67662340477109,1.1174181304872,0.045));
#2486=CARTESIAN_POINT('',(0.67662340477109,1.1174181304872,0.045));
#2487=CARTESIAN_POINT('',(0.67662340477109,1.1299181304872,0.045));
#2488=CARTESIAN_POINT('',(0.68912340477109,1.1174181304872,0.045));
#2489=CARTESIAN_POINT('',(0.68912340477109,1.1174181304872,0.035));
#2490=CARTESIAN_POINT('',(0.70162340477109,1.1174181304872,0.035));
#2491=CARTESIAN_POINT('',(0.70162340477109,1.1174181304872,0.045));
#2492=CARTESIAN_POINT('',(0.70162340477109,1.1174181304872,0.045));
#2493=CARTESIAN_POINT('',(0.68912340477109,1.1174181304872,0.045));
#2494=CARTESIAN_POINT('',(0.70162340477109,1.1299181304872,0.045));
#2495=CARTESIAN_POINT('',(0.70162340477109,1.1299181304872,0.035));
#2496=CARTESIAN_POINT('',(0.70162340477109,1.1299181304872,0.045));
#2497=CARTESIAN_POINT('',(0.60162340477109,0.654918130487204,0.045));
#2498=CARTESIAN_POINT('',(0.60162340477109,0.654918130487204,0.035));
#2499=CARTESIAN_POINT('',(0.,0.,0.));
#2500=CARTESIAN_POINT('',(-0.0733765952289102,0.579918130487204,0.045));
#2501=CARTESIAN_POINT('',(-0.0733765952289102,0.579918130487204,0.035));
#2502=CARTESIAN_POINT('',(-0.0733765952289102,0.592418130487204,0.035));
#2503=CARTESIAN_POINT('',(-0.0733765952289102,0.567418130487204,0.035));
#2504=CARTESIAN_POINT('',(-0.0733765952289102,0.567418130487204,0.045));
#2505=CARTESIAN_POINT('',(-0.0733765952289102,0.567418130487204,0.045));
#2506=CARTESIAN_POINT('',(-0.0733765952289102,0.579918130487204,0.045));
#2507=CARTESIAN_POINT('',(-0.0733765952289102,0.592418130487204,0.045));
#2508=CARTESIAN_POINT('',(-0.0733765952289102,0.592418130487204,0.045));
#2509=CARTESIAN_POINT('',(0.30162340477109,0.567418130487204,0.045));
#2510=CARTESIAN_POINT('',(0.30162340477109,0.567418130487204,0.035));
#2511=CARTESIAN_POINT('',(0.67662340477109,0.567418130487204,0.035));
#2512=CARTESIAN_POINT('',(0.67662340477109,0.567418130487204,0.045));
#2513=CARTESIAN_POINT('',(0.67662340477109,0.567418130487204,0.045));
#2514=CARTESIAN_POINT('',(0.30162340477109,0.567418130487204,0.045));
#2515=CARTESIAN_POINT('',(0.67662340477109,0.579918130487204,0.045));
#2516=CARTESIAN_POINT('',(0.67662340477109,0.579918130487204,0.035));
#2517=CARTESIAN_POINT('',(0.67662340477109,0.592418130487204,0.035));
#2518=CARTESIAN_POINT('',(0.67662340477109,0.592418130487204,0.045));
#2519=CARTESIAN_POINT('',(0.67662340477109,0.592418130487204,0.045));
#2520=CARTESIAN_POINT('',(0.67662340477109,0.579918130487204,0.045));
#2521=CARTESIAN_POINT('',(0.30162340477109,0.592418130487204,0.045));
#2522=CARTESIAN_POINT('',(0.30162340477109,0.592418130487204,0.035));
#2523=CARTESIAN_POINT('',(0.30162340477109,0.592418130487204,0.045));
#2524=CARTESIAN_POINT('',(0.60162340477109,0.654918130487204,0.045));
#2525=CARTESIAN_POINT('',(0.60162340477109,0.654918130487204,0.035));
#2526=CARTESIAN_POINT('',(0.,0.,0.));
#2527=CARTESIAN_POINT('',(0.67662340477109,0.579918130487204,0.045));
#2528=CARTESIAN_POINT('',(0.67662340477109,0.579918130487204,0.035));
#2529=CARTESIAN_POINT('',(0.67662340477109,0.592418130487204,0.035));
#2530=CARTESIAN_POINT('',(0.67662340477109,0.567418130487204,0.035));
#2531=CARTESIAN_POINT('',(0.67662340477109,0.567418130487204,0.045));
#2532=CARTESIAN_POINT('',(0.67662340477109,0.567418130487204,0.045));
#2533=CARTESIAN_POINT('',(0.67662340477109,0.579918130487204,0.045));
#2534=CARTESIAN_POINT('',(0.67662340477109,0.592418130487204,0.045));
#2535=CARTESIAN_POINT('',(0.67662340477109,0.592418130487204,0.045));
#2536=CARTESIAN_POINT('',(0.68912340477109,0.567418130487204,0.045));
#2537=CARTESIAN_POINT('',(0.68912340477109,0.567418130487204,0.035));
#2538=CARTESIAN_POINT('',(0.70162340477109,0.567418130487204,0.035));
#2539=CARTESIAN_POINT('',(0.70162340477109,0.567418130487204,0.045));
#2540=CARTESIAN_POINT('',(0.70162340477109,0.567418130487204,0.045));
#2541=CARTESIAN_POINT('',(0.68912340477109,0.567418130487204,0.045));
#2542=CARTESIAN_POINT('',(0.70162340477109,0.579918130487204,0.045));
#2543=CARTESIAN_POINT('',(0.70162340477109,0.579918130487204,0.035));
#2544=CARTESIAN_POINT('',(0.70162340477109,0.592418130487204,0.035));
#2545=CARTESIAN_POINT('',(0.70162340477109,0.592418130487204,0.045));
#2546=CARTESIAN_POINT('',(0.70162340477109,0.592418130487204,0.045));
#2547=CARTESIAN_POINT('',(0.70162340477109,0.579918130487204,0.045));
#2548=CARTESIAN_POINT('',(0.68912340477109,0.592418130487204,0.045));
#2549=CARTESIAN_POINT('',(0.68912340477109,0.592418130487204,0.035));
#2550=CARTESIAN_POINT('',(0.68912340477109,0.592418130487204,0.045));
#2551=CARTESIAN_POINT('',(0.60162340477109,0.654918130487204,0.045));
#2552=CARTESIAN_POINT('',(0.60162340477109,0.654918130487204,0.035));
#2553=CARTESIAN_POINT('',(0.,0.,0.));
#2554=CARTESIAN_POINT('',(0.70162340477109,0.854918130487203,0.04));
#2555=CARTESIAN_POINT('',(0.70162340477109,0.854918130487203,0.035));
#2556=CARTESIAN_POINT('',(0.70162340477109,1.1174181304872,0.035));
#2557=CARTESIAN_POINT('',(0.70162340477109,0.592418130487204,0.035));
#2558=CARTESIAN_POINT('',(0.70162340477109,1.1174181304872,0.04));
#2559=CARTESIAN_POINT('',(0.70162340477109,1.1174181304872,0.04));
#2560=CARTESIAN_POINT('',(0.70162340477109,0.854918130487203,0.04));
#2561=CARTESIAN_POINT('',(0.70162340477109,0.592418130487204,0.04));
#2562=CARTESIAN_POINT('',(0.70162340477109,0.592418130487204,0.04));
#2563=CARTESIAN_POINT('',(0.69537340477109,1.1174181304872,0.04));
#2564=CARTESIAN_POINT('',(0.69537340477109,1.1174181304872,0.035));
#2565=CARTESIAN_POINT('',(0.68912340477109,1.1174181304872,0.035));
#2566=CARTESIAN_POINT('',(0.68912340477109,1.1174181304872,0.04));
#2567=CARTESIAN_POINT('',(0.68912340477109,1.1174181304872,0.04));
#2568=CARTESIAN_POINT('',(0.69537340477109,1.1174181304872,0.04));
#2569=CARTESIAN_POINT('',(0.68912340477109,0.854918130487203,0.04));
#2570=CARTESIAN_POINT('',(0.68912340477109,0.854918130487203,0.035));
#2571=CARTESIAN_POINT('',(0.68912340477109,0.592418130487204,0.035));
#2572=CARTESIAN_POINT('',(0.68912340477109,0.592418130487204,0.04));
#2573=CARTESIAN_POINT('',(0.68912340477109,0.592418130487204,0.04));
#2574=CARTESIAN_POINT('',(0.68912340477109,0.854918130487203,0.04));
#2575=CARTESIAN_POINT('',(0.69537340477109,0.592418130487204,0.04));
#2576=CARTESIAN_POINT('',(0.69537340477109,0.592418130487204,0.035));
#2577=CARTESIAN_POINT('',(0.69537340477109,0.592418130487204,0.04));
#2578=CARTESIAN_POINT('',(0.30162340477109,0.854918130487203,0.04));
#2579=CARTESIAN_POINT('',(0.30162340477109,0.854918130487203,0.035));
#2580=CARTESIAN_POINT('',(0.,0.,0.));
#2581=CARTESIAN_POINT('',(0.107879167194011,0.699918130487204,0.017));
#2582=CARTESIAN_POINT('',(0.107879167194011,0.704918130487204,0.017));
#2583=CARTESIAN_POINT('',(0.29562340477109,0.704918130487204,0.017));
#2584=CARTESIAN_POINT('',(0.307621899265966,0.704918130487204,0.017));
#2585=CARTESIAN_POINT('',(0.29562340477109,0.699918130487204,0.017));
#2586=CARTESIAN_POINT('',(0.29562340477109,0.699918130487204,0.012));
#2587=CARTESIAN_POINT('',(0.30162340477109,0.699918130487204,0.012));
#2588=CARTESIAN_POINT('',(0.307621899265966,0.699918130487204,0.012));
#2589=CARTESIAN_POINT('',(0.307621899265966,0.699918130487204,0.017));
#2590=CARTESIAN_POINT('',(0.30162340477109,0.867418130487204,0.01));
#2591=CARTESIAN_POINT('',(0.30162340477109,1.1174181304872,0.01));
#2592=CARTESIAN_POINT('',(0.314108868914998,1.1174181304872,0.01));
#2593=CARTESIAN_POINT('',(0.307621899265966,1.1174181304872,0.01));
#2594=CARTESIAN_POINT('',(0.307621899265966,0.911168130487204,0.01));
#2595=CARTESIAN_POINT('',(0.307621899265966,0.704918130487204,0.01));
#2596=CARTESIAN_POINT('',(0.107879167194011,0.704918130487204,0.01));
#2597=CARTESIAN_POINT('',(0.67662340477109,0.704918130487204,0.01));
#2598=CARTESIAN_POINT('',(0.67662340477109,0.711168130487204,0.01));
#2599=CARTESIAN_POINT('',(0.67662340477109,0.717418130487204,0.01));
#2600=CARTESIAN_POINT('',(0.495366136843044,0.717418130487204,0.01));
#2601=CARTESIAN_POINT('',(0.364108868914998,0.717418130487204,0.01));
#2602=CARTESIAN_POINT('',(0.364108868914998,0.767418130487203,0.01));
#2603=CARTESIAN_POINT('',(0.314108868914998,0.767418130487204,0.01));
#2604=CARTESIAN_POINT('',(0.314108868914998,0.929918130487204,0.01));
#2605=CARTESIAN_POINT('',(0.107879167194011,0.704918130487204,0.012));
#2606=CARTESIAN_POINT('',(0.107879167194011,0.704918130487204,0.012));
#2607=CARTESIAN_POINT('',(-0.0733765952289102,0.704918130487204,0.012));
#2608=CARTESIAN_POINT('',(0.29562340477109,0.704918130487204,0.012));
#2609=CARTESIAN_POINT('',(0.29562340477109,0.704918130487204,0.02));
#2610=CARTESIAN_POINT('',(0.29562340477109,0.704918130487204,0.01));
#2611=CARTESIAN_POINT('',(0.107879167194011,0.704918130487204,0.01));
#2612=CARTESIAN_POINT('',(-0.0733765952289102,0.704918130487204,0.01));
#2613=CARTESIAN_POINT('',(-0.0733765952289102,0.704918130487204,0.012));
#2614=CARTESIAN_POINT('',(-0.0733765952289102,0.854918130487203,-0.025));
#2615=CARTESIAN_POINT('',(-0.0733765952289102,0.696480047194949,0.012));
#2616=CARTESIAN_POINT('',(-0.0733765952289102,0.696480047194949,0.012));
#2617=CARTESIAN_POINT('',(-0.0733765952289102,0.696480047194949,0.01));
#2618=CARTESIAN_POINT('',(-0.0733765952289102,0.700699088841076,0.012));
#2619=CARTESIAN_POINT('',(-0.0733765952289102,0.711168130487204,0.01));
#2620=CARTESIAN_POINT('',(-0.0733765952289102,0.717418130487204,0.01));
#2621=CARTESIAN_POINT('',(-0.0733765952289102,0.717418130487204,0.01));
#2622=CARTESIAN_POINT('',(-0.0733765952289102,0.717418130487204,0.));
#2623=CARTESIAN_POINT('',(-0.0733765952289102,0.654918130487204,0.));
#2624=CARTESIAN_POINT('',(-0.0733765952289102,1.1174181304872,0.));
#2625=CARTESIAN_POINT('',(-0.0733765952289102,1.1174181304872,-0.025));
#2626=CARTESIAN_POINT('',(-0.0733765952289102,1.1174181304872,0.025));
#2627=CARTESIAN_POINT('',(-0.0733765952289102,0.854918130487203,0.025));
#2628=CARTESIAN_POINT('',(-0.0733765952289102,0.592418130487204,0.025));
#2629=CARTESIAN_POINT('',(-0.0733765952289102,0.592418130487204,-0.025));
#2630=CARTESIAN_POINT('',(-0.0733765952289102,0.592418130487204,0.));
#2631=CARTESIAN_POINT('',(-0.0733765952289102,0.654918130487204,0.));
#2632=CARTESIAN_POINT('',(-0.0733765952289102,0.692418130487204,0.));
#2633=CARTESIAN_POINT('',(-0.0733765952289102,0.692418130487204,0.01));
#2634=CARTESIAN_POINT('',(-0.0733765952289102,0.692418130487204,0.01));
#2635=CARTESIAN_POINT('',(-0.0733765952289102,0.694449088841076,0.01));
#2636=CARTESIAN_POINT('',(0.364108868914998,0.767418130487203,0.01));
#2637=CARTESIAN_POINT('',(0.314108868914998,0.767418130487203,0.01));
#2638=CARTESIAN_POINT('',(0.314108868914998,0.767418130487204,0.));
#2639=CARTESIAN_POINT('',(0.364108868914998,0.717418130487204,0.01));
#2640=CARTESIAN_POINT('',(0.364108868914998,0.717418130487204,0.));
#2641=CARTESIAN_POINT('',(0.364108868914998,0.767418130487203,0.));
#2642=CARTESIAN_POINT('',(0.239134929616933,0.767418130487203,0.01));
#2643=CARTESIAN_POINT('',(0.239134929616933,0.717418130487204,0.01));
#2644=CARTESIAN_POINT('',(0.239134929616933,0.717418130487204,0.01));
#2645=CARTESIAN_POINT('',(0.239134929616933,0.717418130487204,0.));
#2646=CARTESIAN_POINT('',(0.239134929616933,0.767418130487203,0.01));
#2647=CARTESIAN_POINT('',(0.289134929616933,0.767418130487204,0.01));
#2648=CARTESIAN_POINT('',(0.289134929616933,0.767418130487203,0.01));
#2649=CARTESIAN_POINT('',(0.289134929616933,0.767418130487204,0.));
#2650=CARTESIAN_POINT('',(0.239134929616933,0.767418130487203,0.));
#2651=CARTESIAN_POINT('',(0.60162340477109,0.654918130487204,0.025));
#2652=CARTESIAN_POINT('',(0.30162340477109,1.1174181304872,0.025));
#2653=CARTESIAN_POINT('',(0.67662340477109,1.1174181304872,0.025));
#2654=CARTESIAN_POINT('',(0.67662340477109,0.854918130487203,0.025));
#2655=CARTESIAN_POINT('',(0.67662340477109,0.592418130487204,0.025));
#2656=CARTESIAN_POINT('',(0.30162340477109,0.592418130487204,0.025));
#2657=CARTESIAN_POINT('',(-0.0983765952289103,0.654918130487204,0.025));
#2658=CARTESIAN_POINT('',(-0.0983765952289103,1.3424181304872,0.025));
#2659=CARTESIAN_POINT('',(-0.0983765952289103,-0.0325818695127963,0.025));
#2660=CARTESIAN_POINT('',(0.60162340477109,-0.0325818695127963,0.025));
#2661=CARTESIAN_POINT('',(1.30162340477109,-0.0325818695127962,0.025));
#2662=CARTESIAN_POINT('',(1.30162340477109,0.654918130487204,0.025));
#2663=CARTESIAN_POINT('',(1.30162340477109,1.3424181304872,0.025));
#2664=CARTESIAN_POINT('',(0.60162340477109,1.3424181304872,0.025));
#2665=CARTESIAN_POINT('',(0.60162340477109,0.654918130487204,0.));
#2666=CARTESIAN_POINT('',(0.495366136843044,0.717418130487204,0.));
#2667=CARTESIAN_POINT('',(0.67662340477109,0.717418130487204,0.));
#2668=CARTESIAN_POINT('',(0.67662340477109,0.654918130487204,0.));
#2669=CARTESIAN_POINT('',(0.67662340477109,1.1174181304872,0.));
#2670=CARTESIAN_POINT('',(0.60162340477109,1.1174181304872,0.));
#2671=CARTESIAN_POINT('',(0.314108868914998,1.1174181304872,0.));
#2672=CARTESIAN_POINT('',(0.314108868914998,0.929918130487204,0.));
#2673=CARTESIAN_POINT('',(0.289134929616933,0.929918130487204,0.));
#2674=CARTESIAN_POINT('',(0.289134929616933,1.1174181304872,0.));
#2675=CARTESIAN_POINT('',(0.60162340477109,1.1174181304872,0.));
#2676=CARTESIAN_POINT('',(0.107879167194011,0.717418130487204,0.));
#2677=CARTESIAN_POINT('',(0.107879167194011,0.692418130487204,0.));
#2678=CARTESIAN_POINT('',(0.67662340477109,0.692418130487204,0.));
#2679=CARTESIAN_POINT('',(0.60162340477109,0.592418130487204,0.));
#2680=CARTESIAN_POINT('',(0.67662340477109,0.592418130487204,0.));
#2681=CARTESIAN_POINT('',(0.67662340477109,0.654918130487204,0.));
#2682=CARTESIAN_POINT('',(0.60162340477109,1.3424181304872,0.));
#2683=CARTESIAN_POINT('',(-0.0983765952289103,1.3424181304872,0.));
#2684=CARTESIAN_POINT('',(1.30162340477109,1.3424181304872,0.));
#2685=CARTESIAN_POINT('',(1.30162340477109,0.654918130487204,0.));
#2686=CARTESIAN_POINT('',(1.30162340477109,-0.0325818695127962,0.));
#2687=CARTESIAN_POINT('',(0.60162340477109,-0.0325818695127963,0.));
#2688=CARTESIAN_POINT('',(-0.0983765952289103,-0.0325818695127963,0.));
#2689=CARTESIAN_POINT('',(-0.0983765952289103,0.654918130487204,0.));
#2690=CARTESIAN_POINT('',(0.60162340477109,1.3424181304872,0.025));
#2691=CARTESIAN_POINT('',(-0.0983765952289103,1.3424181304872,0.025));
#2692=CARTESIAN_POINT('',(1.30162340477109,1.3424181304872,0.025));
#2693=CARTESIAN_POINT('',(-0.0983765952289103,0.654918130487204,0.025));
#2694=CARTESIAN_POINT('',(-0.0983765952289103,-0.0325818695127963,0.025));
#2695=CARTESIAN_POINT('',(0.60162340477109,-0.0325818695127963,0.025));
#2696=CARTESIAN_POINT('',(1.30162340477109,-0.0325818695127962,0.025));
#2697=CARTESIAN_POINT('',(1.30162340477109,0.654918130487204,0.025));
#2698=CARTESIAN_POINT('',(0.30162340477109,1.1174181304872,-0.025));
#2699=CARTESIAN_POINT('',(0.29562340477109,1.1174181304872,0.02));
#2700=CARTESIAN_POINT('',(0.29562340477109,1.1174181304872,0.02));
#2701=CARTESIAN_POINT('',(0.29562340477109,1.1174181304872,0.01));
#2702=CARTESIAN_POINT('',(0.30162340477109,1.1174181304872,0.02));
#2703=CARTESIAN_POINT('',(0.307621899265966,1.1174181304872,0.02));
#2704=CARTESIAN_POINT('',(0.307621899265966,1.1174181304872,0.02));
#2705=CARTESIAN_POINT('',(0.314108868914998,1.1174181304872,-0.025));
#2706=CARTESIAN_POINT('',(0.67662340477109,1.1174181304872,-0.025));
#2707=CARTESIAN_POINT('',(0.289134929616933,1.1174181304872,-0.025));
#2708=CARTESIAN_POINT('',(0.289134929616933,1.1174181304872,0.01));
#2709=CARTESIAN_POINT('',(0.30162340477109,1.1174181304872,0.01));
#2710=CARTESIAN_POINT('',(0.30162340477109,0.592418130487204,-0.025));
#2711=CARTESIAN_POINT('',(0.67662340477109,0.592418130487204,-0.025));
#2712=CARTESIAN_POINT('',(0.67662340477109,0.854918130487203,-0.025));
#2713=CARTESIAN_POINT('',(0.67662340477109,0.704918130487204,0.012));
#2714=CARTESIAN_POINT('',(0.67662340477109,0.704918130487204,0.012));
#2715=CARTESIAN_POINT('',(0.67662340477109,0.700699088841076,0.012));
#2716=CARTESIAN_POINT('',(0.67662340477109,0.696480047194949,0.012));
#2717=CARTESIAN_POINT('',(0.67662340477109,0.696480047194949,0.012));
#2718=CARTESIAN_POINT('',(0.67662340477109,0.696480047194949,0.01));
#2719=CARTESIAN_POINT('',(0.67662340477109,0.694449088841076,0.01));
#2720=CARTESIAN_POINT('',(0.67662340477109,0.692418130487204,0.01));
#2721=CARTESIAN_POINT('',(0.67662340477109,0.692418130487204,0.01));
#2722=CARTESIAN_POINT('',(0.67662340477109,0.717418130487204,0.01));
#2723=CARTESIAN_POINT('',(0.495366136843044,0.717418130487204,0.01));
#2724=CARTESIAN_POINT('',(0.314108868914998,0.929918130487204,0.01));
#2725=CARTESIAN_POINT('',(0.289134929616933,0.929918130487204,0.01));
#2726=CARTESIAN_POINT('',(0.289134929616933,0.929918130487204,0.01));
#2727=CARTESIAN_POINT('',(0.107879167194011,0.717418130487204,0.01));
#2728=CARTESIAN_POINT('',(0.107879167194011,0.717418130487204,0.01));
#2729=CARTESIAN_POINT('',(0.30162340477109,0.867418130487204,0.01));
#2730=CARTESIAN_POINT('',(0.29562340477109,0.911168130487203,0.01));
#2731=CARTESIAN_POINT('',(0.107879167194011,0.692418130487204,0.01));
#2732=CARTESIAN_POINT('',(0.107879167194011,0.692418130487204,0.01));
#2733=CARTESIAN_POINT('',(0.30162340477109,0.867418130487204,0.01));
#2734=CARTESIAN_POINT('',(0.107879167194011,0.696480047194949,0.01));
#2735=CARTESIAN_POINT('',(0.30162340477109,0.867418130487204,0.012));
#2736=CARTESIAN_POINT('',(0.29562340477109,0.867418130487204,0.012));
#2737=CARTESIAN_POINT('',(0.107879167194011,0.696480047194949,0.012));
#2738=CARTESIAN_POINT('',(0.107879167194011,0.704918130487204,0.012));
#2739=CARTESIAN_POINT('',(0.307621899265966,0.704918130487204,0.012));
#2740=CARTESIAN_POINT('',(0.307621899265966,0.911168130487204,0.012));
#2741=CARTESIAN_POINT('',(0.107879167194011,0.696480047194949,0.012));
#2742=CARTESIAN_POINT('',(0.107879167194011,0.704918130487204,0.012));
#2743=CARTESIAN_POINT('',(0.307621899265966,0.704918130487204,0.02));
#2744=CARTESIAN_POINT('',(0.107879167194011,0.704918130487204,0.02));
#2745=CARTESIAN_POINT('',(0.29562340477109,0.704918130487204,0.02));
#2746=CARTESIAN_POINT('',(0.29562340477109,0.704918130487204,0.02));
#2747=CARTESIAN_POINT('',(0.307621899265966,0.704918130487204,0.02));
#2748=CARTESIAN_POINT('',(0.307621899265966,0.704918130487204,0.02));
#2749=CARTESIAN_POINT('',(0.107879167194011,0.704918130487204,0.02));
#2750=CARTESIAN_POINT('',(0.307621899265966,0.911168130487204,0.02));
#2751=CARTESIAN_POINT('',(0.307621899265966,0.911168130487204,0.02));
#2752=CARTESIAN_POINT('',(0.30162340477109,0.911168130487204,0.02));
#2753=CARTESIAN_POINT('',(0.29562340477109,0.911168130487203,0.02));
#2754=CARTESIAN_POINT('',(0.29562340477109,0.911168130487203,0.02));
#2755=MECHANICAL_DESIGN_GEOMETRIC_PRESENTATION_REPRESENTATION('',(#1630),
#2766);
#2756=MECHANICAL_DESIGN_GEOMETRIC_PRESENTATION_REPRESENTATION('',(#1631),
#2767);
#2757=MECHANICAL_DESIGN_GEOMETRIC_PRESENTATION_REPRESENTATION('',(#1632),
#2768);
#2758=MECHANICAL_DESIGN_GEOMETRIC_PRESENTATION_REPRESENTATION('',(#1633),
#2769);
#2759=MECHANICAL_DESIGN_GEOMETRIC_PRESENTATION_REPRESENTATION('',(#1634),
#2770);
#2760=MECHANICAL_DESIGN_GEOMETRIC_PRESENTATION_REPRESENTATION('',(#1635),
#2771);
#2761=MECHANICAL_DESIGN_GEOMETRIC_PRESENTATION_REPRESENTATION('',(#1636),
#2772);
#2762=MECHANICAL_DESIGN_GEOMETRIC_PRESENTATION_REPRESENTATION('',(#1637),
#2773);
#2763=MECHANICAL_DESIGN_GEOMETRIC_PRESENTATION_REPRESENTATION('',(#1638),
#2774);
#2764=MECHANICAL_DESIGN_GEOMETRIC_PRESENTATION_REPRESENTATION('',(#1639),
#2775);
#2765=MECHANICAL_DESIGN_GEOMETRIC_PRESENTATION_REPRESENTATION('',(#1640),
#2776);
#2766=(
GEOMETRIC_REPRESENTATION_CONTEXT(3)
GLOBAL_UNCERTAINTY_ASSIGNED_CONTEXT((#2777))
GLOBAL_UNIT_ASSIGNED_CONTEXT((#2810,#2799,#2788))
REPRESENTATION_CONTEXT('Part 6','TOP_LEVEL_ASSEMBLY_PART')
);
#2767=(
GEOMETRIC_REPRESENTATION_CONTEXT(3)
GLOBAL_UNCERTAINTY_ASSIGNED_CONTEXT((#2778))
GLOBAL_UNIT_ASSIGNED_CONTEXT((#2811,#2800,#2789))
REPRESENTATION_CONTEXT('Part 2','TOP_LEVEL_ASSEMBLY_PART')
);
#2768=(
GEOMETRIC_REPRESENTATION_CONTEXT(3)
GLOBAL_UNCERTAINTY_ASSIGNED_CONTEXT((#2779))
GLOBAL_UNIT_ASSIGNED_CONTEXT((#2812,#2801,#2790))
REPRESENTATION_CONTEXT('Part 3','TOP_LEVEL_ASSEMBLY_PART')
);
#2769=(
GEOMETRIC_REPRESENTATION_CONTEXT(3)
GLOBAL_UNCERTAINTY_ASSIGNED_CONTEXT((#2780))
GLOBAL_UNIT_ASSIGNED_CONTEXT((#2813,#2802,#2791))
REPRESENTATION_CONTEXT('Part 4','TOP_LEVEL_ASSEMBLY_PART')
);
#2770=(
GEOMETRIC_REPRESENTATION_CONTEXT(3)
GLOBAL_UNCERTAINTY_ASSIGNED_CONTEXT((#2781))
GLOBAL_UNIT_ASSIGNED_CONTEXT((#2814,#2803,#2792))
REPRESENTATION_CONTEXT('Part 5','TOP_LEVEL_ASSEMBLY_PART')
);
#2771=(
GEOMETRIC_REPRESENTATION_CONTEXT(3)
GLOBAL_UNCERTAINTY_ASSIGNED_CONTEXT((#2782))
GLOBAL_UNIT_ASSIGNED_CONTEXT((#2815,#2804,#2793))
REPRESENTATION_CONTEXT('Part 7','TOP_LEVEL_ASSEMBLY_PART')
);
#2772=(
GEOMETRIC_REPRESENTATION_CONTEXT(3)
GLOBAL_UNCERTAINTY_ASSIGNED_CONTEXT((#2783))
GLOBAL_UNIT_ASSIGNED_CONTEXT((#2816,#2805,#2794))
REPRESENTATION_CONTEXT('Part 8','TOP_LEVEL_ASSEMBLY_PART')
);
#2773=(
GEOMETRIC_REPRESENTATION_CONTEXT(3)
GLOBAL_UNCERTAINTY_ASSIGNED_CONTEXT((#2784))
GLOBAL_UNIT_ASSIGNED_CONTEXT((#2817,#2806,#2795))
REPRESENTATION_CONTEXT('Part 9','TOP_LEVEL_ASSEMBLY_PART')
);
#2774=(
GEOMETRIC_REPRESENTATION_CONTEXT(3)
GLOBAL_UNCERTAINTY_ASSIGNED_CONTEXT((#2785))
GLOBAL_UNIT_ASSIGNED_CONTEXT((#2818,#2807,#2796))
REPRESENTATION_CONTEXT('Part 10','TOP_LEVEL_ASSEMBLY_PART')
);
#2775=(
GEOMETRIC_REPRESENTATION_CONTEXT(3)
GLOBAL_UNCERTAINTY_ASSIGNED_CONTEXT((#2786))
GLOBAL_UNIT_ASSIGNED_CONTEXT((#2819,#2808,#2797))
REPRESENTATION_CONTEXT('Part 11','TOP_LEVEL_ASSEMBLY_PART')
);
#2776=(
GEOMETRIC_REPRESENTATION_CONTEXT(3)
GLOBAL_UNCERTAINTY_ASSIGNED_CONTEXT((#2787))
GLOBAL_UNIT_ASSIGNED_CONTEXT((#2820,#2809,#2798))
REPRESENTATION_CONTEXT('Part 1','TOP_LEVEL_ASSEMBLY_PART')
);
#2777=UNCERTAINTY_MEASURE_WITH_UNIT(LENGTH_MEASURE(1.E-8),#2810,
'DISTANCE_ACCURACY_VALUE','Maximum Tolerance applied to model');
#2778=UNCERTAINTY_MEASURE_WITH_UNIT(LENGTH_MEASURE(1.E-8),#2811,
'DISTANCE_ACCURACY_VALUE','Maximum Tolerance applied to model');
#2779=UNCERTAINTY_MEASURE_WITH_UNIT(LENGTH_MEASURE(1.E-8),#2812,
'DISTANCE_ACCURACY_VALUE','Maximum Tolerance applied to model');
#2780=UNCERTAINTY_MEASURE_WITH_UNIT(LENGTH_MEASURE(1.E-8),#2813,
'DISTANCE_ACCURACY_VALUE','Maximum Tolerance applied to model');
#2781=UNCERTAINTY_MEASURE_WITH_UNIT(LENGTH_MEASURE(1.E-8),#2814,
'DISTANCE_ACCURACY_VALUE','Maximum Tolerance applied to model');
#2782=UNCERTAINTY_MEASURE_WITH_UNIT(LENGTH_MEASURE(1.E-8),#2815,
'DISTANCE_ACCURACY_VALUE','Maximum Tolerance applied to model');
#2783=UNCERTAINTY_MEASURE_WITH_UNIT(LENGTH_MEASURE(1.E-8),#2816,
'DISTANCE_ACCURACY_VALUE','Maximum Tolerance applied to model');
#2784=UNCERTAINTY_MEASURE_WITH_UNIT(LENGTH_MEASURE(1.E-8),#2817,
'DISTANCE_ACCURACY_VALUE','Maximum Tolerance applied to model');
#2785=UNCERTAINTY_MEASURE_WITH_UNIT(LENGTH_MEASURE(1.E-8),#2818,
'DISTANCE_ACCURACY_VALUE','Maximum Tolerance applied to model');
#2786=UNCERTAINTY_MEASURE_WITH_UNIT(LENGTH_MEASURE(1.E-8),#2819,
'DISTANCE_ACCURACY_VALUE','Maximum Tolerance applied to model');
#2787=UNCERTAINTY_MEASURE_WITH_UNIT(LENGTH_MEASURE(1.E-8),#2820,
'DISTANCE_ACCURACY_VALUE','Maximum Tolerance applied to model');
#2788=(
NAMED_UNIT(*)
SI_UNIT($,.STERADIAN.)
SOLID_ANGLE_UNIT()
);
#2789=(
NAMED_UNIT(*)
SI_UNIT($,.STERADIAN.)
SOLID_ANGLE_UNIT()
);
#2790=(
NAMED_UNIT(*)
SI_UNIT($,.STERADIAN.)
SOLID_ANGLE_UNIT()
);
#2791=(
NAMED_UNIT(*)
SI_UNIT($,.STERADIAN.)
SOLID_ANGLE_UNIT()
);
#2792=(
NAMED_UNIT(*)
SI_UNIT($,.STERADIAN.)
SOLID_ANGLE_UNIT()
);
#2793=(
NAMED_UNIT(*)
SI_UNIT($,.STERADIAN.)
SOLID_ANGLE_UNIT()
);
#2794=(
NAMED_UNIT(*)
SI_UNIT($,.STERADIAN.)
SOLID_ANGLE_UNIT()
);
#2795=(
NAMED_UNIT(*)
SI_UNIT($,.STERADIAN.)
SOLID_ANGLE_UNIT()
);
#2796=(
NAMED_UNIT(*)
SI_UNIT($,.STERADIAN.)
SOLID_ANGLE_UNIT()
);
#2797=(
NAMED_UNIT(*)
SI_UNIT($,.STERADIAN.)
SOLID_ANGLE_UNIT()
);
#2798=(
NAMED_UNIT(*)
SI_UNIT($,.STERADIAN.)
SOLID_ANGLE_UNIT()
);
#2799=(
NAMED_UNIT(*)
PLANE_ANGLE_UNIT()
SI_UNIT($,.RADIAN.)
);
#2800=(
NAMED_UNIT(*)
PLANE_ANGLE_UNIT()
SI_UNIT($,.RADIAN.)
);
#2801=(
NAMED_UNIT(*)
PLANE_ANGLE_UNIT()
SI_UNIT($,.RADIAN.)
);
#2802=(
NAMED_UNIT(*)
PLANE_ANGLE_UNIT()
SI_UNIT($,.RADIAN.)
);
#2803=(
NAMED_UNIT(*)
PLANE_ANGLE_UNIT()
SI_UNIT($,.RADIAN.)
);
#2804=(
NAMED_UNIT(*)
PLANE_ANGLE_UNIT()
SI_UNIT($,.RADIAN.)
);
#2805=(
NAMED_UNIT(*)
PLANE_ANGLE_UNIT()
SI_UNIT($,.RADIAN.)
);
#2806=(
NAMED_UNIT(*)
PLANE_ANGLE_UNIT()
SI_UNIT($,.RADIAN.)
);
#2807=(
NAMED_UNIT(*)
PLANE_ANGLE_UNIT()
SI_UNIT($,.RADIAN.)
);
#2808=(
NAMED_UNIT(*)
PLANE_ANGLE_UNIT()
SI_UNIT($,.RADIAN.)
);
#2809=(
NAMED_UNIT(*)
PLANE_ANGLE_UNIT()
SI_UNIT($,.RADIAN.)
);
#2810=(
LENGTH_UNIT()
NAMED_UNIT(*)
SI_UNIT($,.METRE.)
);
#2811=(
LENGTH_UNIT()
NAMED_UNIT(*)
SI_UNIT($,.METRE.)
);
#2812=(
LENGTH_UNIT()
NAMED_UNIT(*)
SI_UNIT($,.METRE.)
);
#2813=(
LENGTH_UNIT()
NAMED_UNIT(*)
SI_UNIT($,.METRE.)
);
#2814=(
LENGTH_UNIT()
NAMED_UNIT(*)
SI_UNIT($,.METRE.)
);
#2815=(
LENGTH_UNIT()
NAMED_UNIT(*)
SI_UNIT($,.METRE.)
);
#2816=(
LENGTH_UNIT()
NAMED_UNIT(*)
SI_UNIT($,.METRE.)
);
#2817=(
LENGTH_UNIT()
NAMED_UNIT(*)
SI_UNIT($,.METRE.)
);
#2818=(
LENGTH_UNIT()
NAMED_UNIT(*)
SI_UNIT($,.METRE.)
);
#2819=(
LENGTH_UNIT()
NAMED_UNIT(*)
SI_UNIT($,.METRE.)
);
#2820=(
LENGTH_UNIT()
NAMED_UNIT(*)
SI_UNIT($,.METRE.)
);
#2821=PRODUCT_DEFINITION_SHAPE('','',#2832);
#2822=PRODUCT_DEFINITION_SHAPE('','',#2833);
#2823=PRODUCT_DEFINITION_SHAPE('','',#2834);
#2824=PRODUCT_DEFINITION_SHAPE('','',#2835);
#2825=PRODUCT_DEFINITION_SHAPE('','',#2836);
#2826=PRODUCT_DEFINITION_SHAPE('','',#2837);
#2827=PRODUCT_DEFINITION_SHAPE('','',#2838);
#2828=PRODUCT_DEFINITION_SHAPE('','',#2839);
#2829=PRODUCT_DEFINITION_SHAPE('','',#2840);
#2830=PRODUCT_DEFINITION_SHAPE('','',#2841);
#2831=PRODUCT_DEFINITION_SHAPE('','',#2842);
#2832=PRODUCT_DEFINITION('','',#2854,#2843);
#2833=PRODUCT_DEFINITION('','',#2855,#2844);
#2834=PRODUCT_DEFINITION('','',#2856,#2845);
#2835=PRODUCT_DEFINITION('','',#2857,#2846);
#2836=PRODUCT_DEFINITION('','',#2858,#2847);
#2837=PRODUCT_DEFINITION('','',#2859,#2848);
#2838=PRODUCT_DEFINITION('','',#2860,#2849);
#2839=PRODUCT_DEFINITION('','',#2861,#2850);
#2840=PRODUCT_DEFINITION('','',#2862,#2851);
#2841=PRODUCT_DEFINITION('','',#2863,#2852);
#2842=PRODUCT_DEFINITION('','',#2864,#2853);
#2843=PRODUCT_DEFINITION_CONTEXT('',#2920,'design');
#2844=PRODUCT_DEFINITION_CONTEXT('',#2921,'design');
#2845=PRODUCT_DEFINITION_CONTEXT('',#2922,'design');
#2846=PRODUCT_DEFINITION_CONTEXT('',#2923,'design');
#2847=PRODUCT_DEFINITION_CONTEXT('',#2924,'design');
#2848=PRODUCT_DEFINITION_CONTEXT('',#2925,'design');
#2849=PRODUCT_DEFINITION_CONTEXT('',#2926,'design');
#2850=PRODUCT_DEFINITION_CONTEXT('',#2927,'design');
#2851=PRODUCT_DEFINITION_CONTEXT('',#2928,'design');
#2852=PRODUCT_DEFINITION_CONTEXT('',#2929,'design');
#2853=PRODUCT_DEFINITION_CONTEXT('',#2930,'design');
#2854=PRODUCT_DEFINITION_FORMATION_WITH_SPECIFIED_SOURCE('','',#2876,
 .NOT_KNOWN.);
#2855=PRODUCT_DEFINITION_FORMATION_WITH_SPECIFIED_SOURCE('','',#2877,
 .NOT_KNOWN.);
#2856=PRODUCT_DEFINITION_FORMATION_WITH_SPECIFIED_SOURCE('','',#2878,
 .NOT_KNOWN.);
#2857=PRODUCT_DEFINITION_FORMATION_WITH_SPECIFIED_SOURCE('','',#2879,
 .NOT_KNOWN.);
#2858=PRODUCT_DEFINITION_FORMATION_WITH_SPECIFIED_SOURCE('','',#2880,
 .NOT_KNOWN.);
#2859=PRODUCT_DEFINITION_FORMATION_WITH_SPECIFIED_SOURCE('','',#2881,
 .NOT_KNOWN.);
#2860=PRODUCT_DEFINITION_FORMATION_WITH_SPECIFIED_SOURCE('','',#2882,
 .NOT_KNOWN.);
#2861=PRODUCT_DEFINITION_FORMATION_WITH_SPECIFIED_SOURCE('','',#2883,
 .NOT_KNOWN.);
#2862=PRODUCT_DEFINITION_FORMATION_WITH_SPECIFIED_SOURCE('','',#2884,
 .NOT_KNOWN.);
#2863=PRODUCT_DEFINITION_FORMATION_WITH_SPECIFIED_SOURCE('','',#2885,
 .NOT_KNOWN.);
#2864=PRODUCT_DEFINITION_FORMATION_WITH_SPECIFIED_SOURCE('','',#2886,
 .NOT_KNOWN.);
#2865=PRODUCT_RELATED_PRODUCT_CATEGORY('','',(#2876));
#2866=PRODUCT_RELATED_PRODUCT_CATEGORY('','',(#2877));
#2867=PRODUCT_RELATED_PRODUCT_CATEGORY('','',(#2878));
#2868=PRODUCT_RELATED_PRODUCT_CATEGORY('','',(#2879));
#2869=PRODUCT_RELATED_PRODUCT_CATEGORY('','',(#2880));
#2870=PRODUCT_RELATED_PRODUCT_CATEGORY('','',(#2881));
#2871=PRODUCT_RELATED_PRODUCT_CATEGORY('','',(#2882));
#2872=PRODUCT_RELATED_PRODUCT_CATEGORY('','',(#2883));
#2873=PRODUCT_RELATED_PRODUCT_CATEGORY('','',(#2884));
#2874=PRODUCT_RELATED_PRODUCT_CATEGORY('','',(#2885));
#2875=PRODUCT_RELATED_PRODUCT_CATEGORY('','',(#2886));
#2876=PRODUCT('Part 6','Part 6','Part 6',(#2898));
#2877=PRODUCT('Part 2','Part 2','Part 2',(#2899));
#2878=PRODUCT('Part 3','Part 3','Part 3',(#2900));
#2879=PRODUCT('Part 4','Part 4','Part 4',(#2901));
#2880=PRODUCT('Part 5','Part 5','Part 5',(#2902));
#2881=PRODUCT('Part 7','Part 7','Part 7',(#2903));
#2882=PRODUCT('Part 8','Part 8','Part 8',(#2904));
#2883=PRODUCT('Part 9','Part 9','Part 9',(#2905));
#2884=PRODUCT('Part 10','Part 10','Part 10',(#2906));
#2885=PRODUCT('Part 11','Part 11','Part 11',(#2907));
#2886=PRODUCT('Part 1','Part 1','Part 1',(#2908));
#2887=PRODUCT_CATEGORY('','');
#2888=PRODUCT_CATEGORY('','');
#2889=PRODUCT_CATEGORY('','');
#2890=PRODUCT_CATEGORY('','');
#2891=PRODUCT_CATEGORY('','');
#2892=PRODUCT_CATEGORY('','');
#2893=PRODUCT_CATEGORY('','');
#2894=PRODUCT_CATEGORY('','');
#2895=PRODUCT_CATEGORY('','');
#2896=PRODUCT_CATEGORY('','');
#2897=PRODUCT_CATEGORY('','');
#2898=PRODUCT_CONTEXT('',#2920,'mechanical');
#2899=PRODUCT_CONTEXT('',#2921,'mechanical');
#2900=PRODUCT_CONTEXT('',#2922,'mechanical');
#2901=PRODUCT_CONTEXT('',#2923,'mechanical');
#2902=PRODUCT_CONTEXT('',#2924,'mechanical');
#2903=PRODUCT_CONTEXT('',#2925,'mechanical');
#2904=PRODUCT_CONTEXT('',#2926,'mechanical');
#2905=PRODUCT_CONTEXT('',#2927,'mechanical');
#2906=PRODUCT_CONTEXT('',#2928,'mechanical');
#2907=PRODUCT_CONTEXT('',#2929,'mechanical');
#2908=PRODUCT_CONTEXT('',#2930,'mechanical');
#2909=APPLICATION_PROTOCOL_DEFINITION('international standard',
'ap242_managed_model_based_3d_engineering',2020,#2920);
#2910=APPLICATION_PROTOCOL_DEFINITION('international standard',
'ap242_managed_model_based_3d_engineering',2020,#2921);
#2911=APPLICATION_PROTOCOL_DEFINITION('international standard',
'ap242_managed_model_based_3d_engineering',2020,#2922);
#2912=APPLICATION_PROTOCOL_DEFINITION('international standard',
'ap242_managed_model_based_3d_engineering',2020,#2923);
#2913=APPLICATION_PROTOCOL_DEFINITION('international standard',
'ap242_managed_model_based_3d_engineering',2020,#2924);
#2914=APPLICATION_PROTOCOL_DEFINITION('international standard',
'ap242_managed_model_based_3d_engineering',2020,#2925);
#2915=APPLICATION_PROTOCOL_DEFINITION('international standard',
'ap242_managed_model_based_3d_engineering',2020,#2926);
#2916=APPLICATION_PROTOCOL_DEFINITION('international standard',
'ap242_managed_model_based_3d_engineering',2020,#2927);
#2917=APPLICATION_PROTOCOL_DEFINITION('international standard',
'ap242_managed_model_based_3d_engineering',2020,#2928);
#2918=APPLICATION_PROTOCOL_DEFINITION('international standard',
'ap242_managed_model_based_3d_engineering',2020,#2929);
#2919=APPLICATION_PROTOCOL_DEFINITION('international standard',
'ap242_managed_model_based_3d_engineering',2020,#2930);
#2920=APPLICATION_CONTEXT('managed model based 3d engineering');
#2921=APPLICATION_CONTEXT('managed model based 3d engineering');
#2922=APPLICATION_CONTEXT('managed model based 3d engineering');
#2923=APPLICATION_CONTEXT('managed model based 3d engineering');
#2924=APPLICATION_CONTEXT('managed model based 3d engineering');
#2925=APPLICATION_CONTEXT('managed model based 3d engineering');
#2926=APPLICATION_CONTEXT('managed model based 3d engineering');
#2927=APPLICATION_CONTEXT('managed model based 3d engineering');
#2928=APPLICATION_CONTEXT('managed model based 3d engineering');
#2929=APPLICATION_CONTEXT('managed model based 3d engineering');
#2930=APPLICATION_CONTEXT('managed model based 3d engineering');
ENDSEC;
END-ISO-10303-21;
