ISO-10303-21;
HEADER;
/* Generated by software containing ST-Developer
 * from STEP Tools, Inc. (www.steptools.com) 
 */
/* OPTION: using custom renumber hook */

FILE_DESCRIPTION(
/* description */ ('STEP AP242 Edition 2',
'CAx-IF Rec.Pracs.---Representation and Presentation of Product Manufa
cturing Information (PMI)---4.0---2014-10-13',
'CAx-IF Rec.Pracs.---3D Tessellated Geometry---0.4---2014-09-14','2;1',
'CAx-IF Rec.Pracs.---User Defined Attributes---1.5---2016-08-15'),
/* implementation_level */ '2;1');

FILE_NAME(
/* name */ 'Part Studio 1 - Part 1',
/* time_stamp */ '2026-09-03T18:21:46Z',
/* author */ (''),
/* organization */ (''),
/* preprocessor_version */ 'ST-DEVELOPER v20',
/* originating_system */ 'ONSHAPE BY PTC INC, 1.220',
/* authorisation */ '  ');

FILE_SCHEMA (('AP242_MANAGED_MODEL_BASED_3D_ENGINEERING_MIM_LF { 1 0 10303 442 3 1 4 }'));
ENDSEC;

DATA;
#10=SHAPE_REPRESENTATION_RELATIONSHIP('','',#2533,#11);
#11=ADVANCED_BREP_SHAPE_REPRESENTATION('',(#2531),#4463);
#12=B_SPLINE_SURFACE_WITH_KNOTS('',3,1,((#3527,#3528),(#3529,#3530),(#3531,
#3532),(#3533,#3534)),.SURF_OF_LINEAR_EXTRUSION.,.F.,.F.,.F.,(4,4),(2,2),
(0.,1.),(0.,1.),.PIECEWISE_BEZIER_KNOTS.);
#13=B_SPLINE_SURFACE_WITH_KNOTS('',3,1,((#3542,#3543),(#3544,#3545),(#3546,
#3547),(#3548,#3549)),.SURF_OF_LINEAR_EXTRUSION.,.F.,.F.,.F.,(4,4),(2,2),
(0.,1.),(0.,1.),.PIECEWISE_BEZIER_KNOTS.);
#14=B_SPLINE_SURFACE_WITH_KNOTS('',3,1,((#3555,#3556),(#3557,#3558),(#3559,
#3560),(#3561,#3562)),.SURF_OF_LINEAR_EXTRUSION.,.F.,.F.,.F.,(4,4),(2,2),
(0.,1.),(0.,1.),.PIECEWISE_BEZIER_KNOTS.);
#15=B_SPLINE_SURFACE_WITH_KNOTS('',3,1,((#3568,#3569),(#3570,#3571),(#3572,
#3573),(#3574,#3575)),.SURF_OF_LINEAR_EXTRUSION.,.F.,.F.,.F.,(4,4),(2,2),
(0.,1.),(0.,1.),.PIECEWISE_BEZIER_KNOTS.);
#16=B_SPLINE_SURFACE_WITH_KNOTS('',3,1,((#3581,#3582),(#3583,#3584),(#3585,
#3586),(#3587,#3588)),.SURF_OF_LINEAR_EXTRUSION.,.F.,.F.,.F.,(4,4),(2,2),
(0.,1.),(0.,1.),.PIECEWISE_BEZIER_KNOTS.);
#17=B_SPLINE_SURFACE_WITH_KNOTS('',3,1,((#3594,#3595),(#3596,#3597),(#3598,
#3599),(#3600,#3601)),.SURF_OF_LINEAR_EXTRUSION.,.F.,.F.,.F.,(4,4),(2,2),
(0.,1.),(0.,1.),.PIECEWISE_BEZIER_KNOTS.);
#18=B_SPLINE_SURFACE_WITH_KNOTS('',3,1,((#3607,#3608),(#3609,#3610),(#3611,
#3612),(#3613,#3614)),.SURF_OF_LINEAR_EXTRUSION.,.F.,.F.,.F.,(4,4),(2,2),
(0.,1.),(0.,1.),.PIECEWISE_BEZIER_KNOTS.);
#19=B_SPLINE_SURFACE_WITH_KNOTS('',3,1,((#3620,#3621),(#3622,#3623),(#3624,
#3625),(#3626,#3627)),.SURF_OF_LINEAR_EXTRUSION.,.F.,.F.,.F.,(4,4),(2,2),
(0.,1.),(0.,1.),.PIECEWISE_BEZIER_KNOTS.);
#20=B_SPLINE_SURFACE_WITH_KNOTS('',3,1,((#3695,#3696),(#3697,#3698),(#3699,
#3700),(#3701,#3702)),.SURF_OF_LINEAR_EXTRUSION.,.F.,.F.,.F.,(4,4),(2,2),
(0.,1.),(0.,1.),.PIECEWISE_BEZIER_KNOTS.);
#21=B_SPLINE_SURFACE_WITH_KNOTS('',3,1,((#3708,#3709),(#3710,#3711),(#3712,
#3713),(#3714,#3715)),.SURF_OF_LINEAR_EXTRUSION.,.F.,.F.,.F.,(4,4),(2,2),
(0.,1.),(0.,1.),.PIECEWISE_BEZIER_KNOTS.);
#22=B_SPLINE_SURFACE_WITH_KNOTS('',3,1,((#3721,#3722),(#3723,#3724),(#3725,
#3726),(#3727,#3728)),.SURF_OF_LINEAR_EXTRUSION.,.F.,.F.,.F.,(4,4),(2,2),
(0.,1.),(0.,1.),.PIECEWISE_BEZIER_KNOTS.);
#23=B_SPLINE_SURFACE_WITH_KNOTS('',3,1,((#3734,#3735),(#3736,#3737),(#3738,
#3739),(#3740,#3741)),.SURF_OF_LINEAR_EXTRUSION.,.F.,.F.,.F.,(4,4),(2,2),
(0.,1.),(0.,1.),.PIECEWISE_BEZIER_KNOTS.);
#24=B_SPLINE_SURFACE_WITH_KNOTS('',3,1,((#3747,#3748),(#3749,#3750),(#3751,
#3752),(#3753,#3754)),.SURF_OF_LINEAR_EXTRUSION.,.F.,.F.,.F.,(4,4),(2,2),
(0.,1.),(0.,1.),.PIECEWISE_BEZIER_KNOTS.);
#25=B_SPLINE_SURFACE_WITH_KNOTS('',3,1,((#3760,#3761),(#3762,#3763),(#3764,
#3765),(#3766,#3767)),.SURF_OF_LINEAR_EXTRUSION.,.F.,.F.,.F.,(4,4),(2,2),
(0.,1.),(0.,1.),.PIECEWISE_BEZIER_KNOTS.);
#26=B_SPLINE_SURFACE_WITH_KNOTS('',3,1,((#3773,#3774),(#3775,#3776),(#3777,
#3778),(#3779,#3780)),.SURF_OF_LINEAR_EXTRUSION.,.F.,.F.,.F.,(4,4),(2,2),
(0.,1.),(0.,1.),.PIECEWISE_BEZIER_KNOTS.);
#27=B_SPLINE_SURFACE_WITH_KNOTS('',3,1,((#3790,#3791),(#3792,#3793),(#3794,
#3795),(#3796,#3797)),.SURF_OF_LINEAR_EXTRUSION.,.F.,.F.,.F.,(4,4),(2,2),
(0.,1.),(0.,1.),.PIECEWISE_BEZIER_KNOTS.);
#28=B_SPLINE_SURFACE_WITH_KNOTS('',3,1,((#3803,#3804),(#3805,#3806),(#3807,
#3808),(#3809,#3810)),.SURF_OF_LINEAR_EXTRUSION.,.F.,.F.,.F.,(4,4),(2,2),
(0.,1.),(0.,1.),.PIECEWISE_BEZIER_KNOTS.);
#29=B_SPLINE_SURFACE_WITH_KNOTS('',3,1,((#3816,#3817),(#3818,#3819),(#3820,
#3821),(#3822,#3823)),.SURF_OF_LINEAR_EXTRUSION.,.F.,.F.,.F.,(4,4),(2,2),
(0.,1.),(0.,1.),.PIECEWISE_BEZIER_KNOTS.);
#30=B_SPLINE_SURFACE_WITH_KNOTS('',3,1,((#3829,#3830),(#3831,#3832),(#3833,
#3834),(#3835,#3836)),.SURF_OF_LINEAR_EXTRUSION.,.F.,.F.,.F.,(4,4),(2,2),
(0.,1.),(0.,1.),.PIECEWISE_BEZIER_KNOTS.);
#31=B_SPLINE_SURFACE_WITH_KNOTS('',3,1,((#3842,#3843),(#3844,#3845),(#3846,
#3847),(#3848,#3849)),.SURF_OF_LINEAR_EXTRUSION.,.F.,.F.,.F.,(4,4),(2,2),
(0.,1.),(0.,1.),.PIECEWISE_BEZIER_KNOTS.);
#32=B_SPLINE_SURFACE_WITH_KNOTS('',3,1,((#3855,#3856),(#3857,#3858),(#3859,
#3860),(#3861,#3862)),.SURF_OF_LINEAR_EXTRUSION.,.F.,.F.,.F.,(4,4),(2,2),
(0.,1.),(0.,1.),.PIECEWISE_BEZIER_KNOTS.);
#33=B_SPLINE_SURFACE_WITH_KNOTS('',3,1,((#3872,#3873),(#3874,#3875),(#3876,
#3877),(#3878,#3879)),.SURF_OF_LINEAR_EXTRUSION.,.F.,.F.,.F.,(4,4),(2,2),
(0.,1.),(0.,1.),.PIECEWISE_BEZIER_KNOTS.);
#34=B_SPLINE_SURFACE_WITH_KNOTS('',3,1,((#3885,#3886),(#3887,#3888),(#3889,
#3890),(#3891,#3892)),.SURF_OF_LINEAR_EXTRUSION.,.F.,.F.,.F.,(4,4),(2,2),
(0.,1.),(0.,1.),.PIECEWISE_BEZIER_KNOTS.);
#35=B_SPLINE_SURFACE_WITH_KNOTS('',3,1,((#3898,#3899),(#3900,#3901),(#3902,
#3903),(#3904,#3905)),.SURF_OF_LINEAR_EXTRUSION.,.F.,.F.,.F.,(4,4),(2,2),
(0.,1.),(0.,1.),.PIECEWISE_BEZIER_KNOTS.);
#36=B_SPLINE_SURFACE_WITH_KNOTS('',3,1,((#3911,#3912),(#3913,#3914),(#3915,
#3916),(#3917,#3918)),.SURF_OF_LINEAR_EXTRUSION.,.F.,.F.,.F.,(4,4),(2,2),
(0.,1.),(0.,1.),.PIECEWISE_BEZIER_KNOTS.);
#37=B_SPLINE_SURFACE_WITH_KNOTS('',3,1,((#3924,#3925),(#3926,#3927),(#3928,
#3929),(#3930,#3931)),.SURF_OF_LINEAR_EXTRUSION.,.F.,.F.,.F.,(4,4),(2,2),
(0.,1.),(0.,1.),.PIECEWISE_BEZIER_KNOTS.);
#38=B_SPLINE_SURFACE_WITH_KNOTS('',3,1,((#3937,#3938),(#3939,#3940),(#3941,
#3942),(#3943,#3944)),.SURF_OF_LINEAR_EXTRUSION.,.F.,.F.,.F.,(4,4),(2,2),
(0.,1.),(0.,1.),.PIECEWISE_BEZIER_KNOTS.);
#39=B_SPLINE_SURFACE_WITH_KNOTS('',3,1,((#3950,#3951),(#3952,#3953),(#3954,
#3955),(#3956,#3957)),.SURF_OF_LINEAR_EXTRUSION.,.F.,.F.,.F.,(4,4),(2,2),
(0.,1.),(0.,1.),.PIECEWISE_BEZIER_KNOTS.);
#40=B_SPLINE_SURFACE_WITH_KNOTS('',3,1,((#3967,#3968),(#3969,#3970),(#3971,
#3972),(#3973,#3974)),.SURF_OF_LINEAR_EXTRUSION.,.F.,.F.,.F.,(4,4),(2,2),
(0.,1.),(0.,1.),.PIECEWISE_BEZIER_KNOTS.);
#41=B_SPLINE_SURFACE_WITH_KNOTS('',3,1,((#3980,#3981),(#3982,#3983),(#3984,
#3985),(#3986,#3987)),.SURF_OF_LINEAR_EXTRUSION.,.F.,.F.,.F.,(4,4),(2,2),
(0.,1.),(0.,1.),.PIECEWISE_BEZIER_KNOTS.);
#42=B_SPLINE_SURFACE_WITH_KNOTS('',3,1,((#3993,#3994),(#3995,#3996),(#3997,
#3998),(#3999,#4000)),.SURF_OF_LINEAR_EXTRUSION.,.F.,.F.,.F.,(4,4),(2,2),
(0.,1.),(0.,1.),.PIECEWISE_BEZIER_KNOTS.);
#43=B_SPLINE_SURFACE_WITH_KNOTS('',3,1,((#4006,#4007),(#4008,#4009),(#4010,
#4011),(#4012,#4013)),.SURF_OF_LINEAR_EXTRUSION.,.F.,.F.,.F.,(4,4),(2,2),
(0.,1.),(0.,1.),.PIECEWISE_BEZIER_KNOTS.);
#44=B_SPLINE_SURFACE_WITH_KNOTS('',3,1,((#4019,#4020),(#4021,#4022),(#4023,
#4024),(#4025,#4026)),.SURF_OF_LINEAR_EXTRUSION.,.F.,.F.,.F.,(4,4),(2,2),
(0.,1.),(0.,1.),.PIECEWISE_BEZIER_KNOTS.);
#45=B_SPLINE_SURFACE_WITH_KNOTS('',3,1,((#4053,#4054),(#4055,#4056),(#4057,
#4058),(#4059,#4060)),.SURF_OF_LINEAR_EXTRUSION.,.F.,.F.,.F.,(4,4),(2,2),
(0.,1.),(0.,1.),.PIECEWISE_BEZIER_KNOTS.);
#46=B_SPLINE_SURFACE_WITH_KNOTS('',3,1,((#4070,#4071),(#4072,#4073),(#4074,
#4075),(#4076,#4077)),.SURF_OF_LINEAR_EXTRUSION.,.F.,.F.,.F.,(4,4),(2,2),
(0.,1.),(0.,1.),.PIECEWISE_BEZIER_KNOTS.);
#47=B_SPLINE_SURFACE_WITH_KNOTS('',3,1,((#4103,#4104),(#4105,#4106),(#4107,
#4108),(#4109,#4110)),.SURF_OF_LINEAR_EXTRUSION.,.F.,.F.,.F.,(4,4),(2,2),
(0.,1.),(0.,1.),.PIECEWISE_BEZIER_KNOTS.);
#48=B_SPLINE_SURFACE_WITH_KNOTS('',3,1,((#4116,#4117),(#4118,#4119),(#4120,
#4121),(#4122,#4123)),.SURF_OF_LINEAR_EXTRUSION.,.F.,.F.,.F.,(4,4),(2,2),
(0.,1.),(0.,1.),.PIECEWISE_BEZIER_KNOTS.);
#49=B_SPLINE_SURFACE_WITH_KNOTS('',3,1,((#4154,#4155),(#4156,#4157),(#4158,
#4159),(#4160,#4161)),.SURF_OF_LINEAR_EXTRUSION.,.F.,.F.,.F.,(4,4),(2,2),
(0.,1.),(0.,1.),.PIECEWISE_BEZIER_KNOTS.);
#50=B_SPLINE_SURFACE_WITH_KNOTS('',3,1,((#4167,#4168),(#4169,#4170),(#4171,
#4172),(#4173,#4174)),.SURF_OF_LINEAR_EXTRUSION.,.F.,.F.,.F.,(4,4),(2,2),
(0.,1.),(0.,1.),.PIECEWISE_BEZIER_KNOTS.);
#51=B_SPLINE_SURFACE_WITH_KNOTS('',3,1,((#4184,#4185),(#4186,#4187),(#4188,
#4189),(#4190,#4191)),.SURF_OF_LINEAR_EXTRUSION.,.F.,.F.,.F.,(4,4),(2,2),
(0.,1.),(0.,1.),.PIECEWISE_BEZIER_KNOTS.);
#52=B_SPLINE_SURFACE_WITH_KNOTS('',3,1,((#4197,#4198),(#4199,#4200),(#4201,
#4202),(#4203,#4204)),.SURF_OF_LINEAR_EXTRUSION.,.F.,.F.,.F.,(4,4),(2,2),
(0.,1.),(0.,1.),.PIECEWISE_BEZIER_KNOTS.);
#53=B_SPLINE_SURFACE_WITH_KNOTS('',3,1,((#4210,#4211),(#4212,#4213),(#4214,
#4215),(#4216,#4217)),.SURF_OF_LINEAR_EXTRUSION.,.F.,.F.,.F.,(4,4),(2,2),
(0.,1.),(0.,1.),.PIECEWISE_BEZIER_KNOTS.);
#54=B_SPLINE_SURFACE_WITH_KNOTS('',3,1,((#4223,#4224),(#4225,#4226),(#4227,
#4228),(#4229,#4230)),.SURF_OF_LINEAR_EXTRUSION.,.F.,.F.,.F.,(4,4),(2,2),
(0.,1.),(0.,1.),.PIECEWISE_BEZIER_KNOTS.);
#55=B_SPLINE_SURFACE_WITH_KNOTS('',3,1,((#4236,#4237),(#4238,#4239),(#4240,
#4241),(#4242,#4243)),.SURF_OF_LINEAR_EXTRUSION.,.F.,.F.,.F.,(4,4),(2,2),
(0.,1.),(0.,1.),.PIECEWISE_BEZIER_KNOTS.);
#56=B_SPLINE_SURFACE_WITH_KNOTS('',3,1,((#4249,#4250),(#4251,#4252),(#4253,
#4254),(#4255,#4256)),.SURF_OF_LINEAR_EXTRUSION.,.F.,.F.,.F.,(4,4),(2,2),
(0.,1.),(0.,1.),.PIECEWISE_BEZIER_KNOTS.);
#57=B_SPLINE_SURFACE_WITH_KNOTS('',3,1,((#4262,#4263),(#4264,#4265),(#4266,
#4267),(#4268,#4269)),.SURF_OF_LINEAR_EXTRUSION.,.F.,.F.,.F.,(4,4),(2,2),
(0.,1.),(0.,1.),.PIECEWISE_BEZIER_KNOTS.);
#58=B_SPLINE_SURFACE_WITH_KNOTS('',3,1,((#4275,#4276),(#4277,#4278),(#4279,
#4280),(#4281,#4282)),.SURF_OF_LINEAR_EXTRUSION.,.F.,.F.,.F.,(4,4),(2,2),
(0.,1.),(0.,1.),.PIECEWISE_BEZIER_KNOTS.);
#59=B_SPLINE_SURFACE_WITH_KNOTS('',3,1,((#4288,#4289),(#4290,#4291),(#4292,
#4293),(#4294,#4295)),.SURF_OF_LINEAR_EXTRUSION.,.F.,.F.,.F.,(4,4),(2,2),
(0.,1.),(0.,1.),.PIECEWISE_BEZIER_KNOTS.);
#60=B_SPLINE_SURFACE_WITH_KNOTS('',3,1,((#4301,#4302),(#4303,#4304),(#4305,
#4306),(#4307,#4308)),.SURF_OF_LINEAR_EXTRUSION.,.F.,.F.,.F.,(4,4),(2,2),
(0.,1.),(0.,1.),.PIECEWISE_BEZIER_KNOTS.);
#61=B_SPLINE_SURFACE_WITH_KNOTS('',3,1,((#4326,#4327),(#4328,#4329),(#4330,
#4331),(#4332,#4333)),.SURF_OF_LINEAR_EXTRUSION.,.F.,.F.,.F.,(4,4),(2,2),
(0.,1.),(0.,1.),.PIECEWISE_BEZIER_KNOTS.);
#62=B_SPLINE_SURFACE_WITH_KNOTS('',3,1,((#4339,#4340),(#4341,#4342),(#4343,
#4344),(#4345,#4346)),.SURF_OF_LINEAR_EXTRUSION.,.F.,.F.,.F.,(4,4),(2,2),
(0.,1.),(0.,1.),.PIECEWISE_BEZIER_KNOTS.);
#63=B_SPLINE_SURFACE_WITH_KNOTS('',3,1,((#4377,#4378),(#4379,#4380),(#4381,
#4382),(#4383,#4384)),.SURF_OF_LINEAR_EXTRUSION.,.F.,.F.,.F.,(4,4),(2,2),
(0.,1.),(0.,1.),.PIECEWISE_BEZIER_KNOTS.);
#64=B_SPLINE_SURFACE_WITH_KNOTS('',3,1,((#4394,#4395),(#4396,#4397),(#4398,
#4399),(#4400,#4401)),.SURF_OF_LINEAR_EXTRUSION.,.F.,.F.,.F.,(4,4),(2,2),
(0.,1.),(0.,1.),.PIECEWISE_BEZIER_KNOTS.);
#65=B_SPLINE_SURFACE_WITH_KNOTS('',3,1,((#4417,#4418),(#4419,#4420),(#4421,
#4422),(#4423,#4424)),.SURF_OF_LINEAR_EXTRUSION.,.F.,.F.,.F.,(4,4),(2,2),
(0.,1.),(0.,1.),.PIECEWISE_BEZIER_KNOTS.);
#66=B_SPLINE_SURFACE_WITH_KNOTS('',3,1,((#4431,#4432),(#4433,#4434),(#4435,
#4436),(#4437,#4438)),.SURF_OF_LINEAR_EXTRUSION.,.F.,.F.,.F.,(4,4),(2,2),
(0.,1.),(0.,1.),.PIECEWISE_BEZIER_KNOTS.);
#67=ELLIPSE('',#2548,0.0105777148848458,0.01);
#68=ELLIPSE('',#2551,0.0105791161345835,0.01);
#69=CYLINDRICAL_SURFACE('',#2547,0.01);
#70=CYLINDRICAL_SURFACE('',#2592,0.00159191100605586);
#71=CYLINDRICAL_SURFACE('',#2594,0.00139065494134448);
#72=CYLINDRICAL_SURFACE('',#2600,0.00202872770250337);
#73=CYLINDRICAL_SURFACE('',#2602,0.00503183948766008);
#74=CYLINDRICAL_SURFACE('',#2604,0.00413841416676112);
#75=CYLINDRICAL_SURFACE('',#2607,0.00328430409856617);
#76=CYLINDRICAL_SURFACE('',#2609,0.00440543640443688);
#77=CYLINDRICAL_SURFACE('',#2618,0.00430797989281442);
#78=CYLINDRICAL_SURFACE('',#2621,0.0017626715002126);
#79=CYLINDRICAL_SURFACE('',#2623,0.00180745708561889);
#80=CYLINDRICAL_SURFACE('',#2625,0.00204485662601764);
#81=CYLINDRICAL_SURFACE('',#2628,0.00228769258356652);
#82=CYLINDRICAL_SURFACE('',#2631,0.00215231503995134);
#83=CYLINDRICAL_SURFACE('',#2634,0.00196525100774296);
#84=CIRCLE('',#2536,0.00204485662601764);
#85=CIRCLE('',#2537,0.00180745708561889);
#86=CIRCLE('',#2538,0.0017626715002126);
#87=CIRCLE('',#2539,0.00430797989281442);
#88=CIRCLE('',#2540,0.00440543640443688);
#89=CIRCLE('',#2541,0.00328430409856617);
#90=CIRCLE('',#2542,0.00413841416676112);
#91=CIRCLE('',#2543,0.00503183948766008);
#92=CIRCLE('',#2544,0.00202872770250337);
#93=CIRCLE('',#2545,0.00139065494134448);
#94=CIRCLE('',#2546,0.00159191100605586);
#95=CIRCLE('',#2549,0.01);
#96=CIRCLE('',#2550,0.01);
#97=CIRCLE('',#2593,0.00159191100605586);
#98=CIRCLE('',#2595,0.00139065494134448);
#99=CIRCLE('',#2601,0.00202872770250337);
#100=CIRCLE('',#2603,0.00503183948766008);
#101=CIRCLE('',#2605,0.00413841416676112);
#102=CIRCLE('',#2608,0.00328430409856617);
#103=CIRCLE('',#2610,0.00440543640443688);
#104=CIRCLE('',#2619,0.00430797989281442);
#105=CIRCLE('',#2622,0.0017626715002126);
#106=CIRCLE('',#2624,0.00180745708561889);
#107=CIRCLE('',#2626,0.00204485662601764);
#108=CIRCLE('',#2629,0.00228769258356652);
#109=CIRCLE('',#2630,0.00228769258356652);
#110=CIRCLE('',#2632,0.00215231503995134);
#111=CIRCLE('',#2633,0.00215231503995134);
#112=CIRCLE('',#2635,0.00196525100774296);
#113=CIRCLE('',#2636,0.00196525100774296);
#114=B_SPLINE_CURVE_WITH_KNOTS('',2,(#3110,#3111,#3112),.UNSPECIFIED.,.F.,
 .F.,(3,3),(0.,1.),.PIECEWISE_BEZIER_KNOTS.);
#115=B_SPLINE_CURVE_WITH_KNOTS('',2,(#3116,#3117,#3118),.UNSPECIFIED.,.F.,
 .F.,(3,3),(0.,1.),.PIECEWISE_BEZIER_KNOTS.);
#116=B_SPLINE_CURVE_WITH_KNOTS('',2,(#3120,#3121,#3122),.UNSPECIFIED.,.F.,
 .F.,(3,3),(0.,1.),.PIECEWISE_BEZIER_KNOTS.);
#117=B_SPLINE_CURVE_WITH_KNOTS('',2,(#3130,#3131,#3132),.UNSPECIFIED.,.F.,
 .F.,(3,3),(0.,1.),.PIECEWISE_BEZIER_KNOTS.);
#118=B_SPLINE_CURVE_WITH_KNOTS('',2,(#3134,#3135,#3136),.UNSPECIFIED.,.F.,
 .F.,(3,3),(0.,1.),.PIECEWISE_BEZIER_KNOTS.);
#119=B_SPLINE_CURVE_WITH_KNOTS('',2,(#3138,#3139,#3140),.UNSPECIFIED.,.F.,
 .F.,(3,3),(0.,1.),.PIECEWISE_BEZIER_KNOTS.);
#120=B_SPLINE_CURVE_WITH_KNOTS('',2,(#3142,#3143,#3144),.UNSPECIFIED.,.F.,
 .F.,(3,3),(0.,1.),.PIECEWISE_BEZIER_KNOTS.);
#121=B_SPLINE_CURVE_WITH_KNOTS('',2,(#3146,#3147,#3148),.UNSPECIFIED.,.F.,
 .F.,(3,3),(0.,1.),.PIECEWISE_BEZIER_KNOTS.);
#122=B_SPLINE_CURVE_WITH_KNOTS('',2,(#3150,#3151,#3152),.UNSPECIFIED.,.F.,
 .F.,(3,3),(0.,1.),.PIECEWISE_BEZIER_KNOTS.);
#123=B_SPLINE_CURVE_WITH_KNOTS('',2,(#3154,#3155,#3156),.UNSPECIFIED.,.F.,
 .F.,(3,3),(0.,1.),.PIECEWISE_BEZIER_KNOTS.);
#124=B_SPLINE_CURVE_WITH_KNOTS('',2,(#3158,#3159,#3160),.UNSPECIFIED.,.F.,
 .F.,(3,3),(0.,1.),.PIECEWISE_BEZIER_KNOTS.);
#125=B_SPLINE_CURVE_WITH_KNOTS('',2,(#3162,#3163,#3164),.UNSPECIFIED.,.F.,
 .F.,(3,3),(0.,1.),.PIECEWISE_BEZIER_KNOTS.);
#126=B_SPLINE_CURVE_WITH_KNOTS('',2,(#3166,#3167,#3168),.UNSPECIFIED.,.F.,
 .F.,(3,3),(0.,1.),.PIECEWISE_BEZIER_KNOTS.);
#127=B_SPLINE_CURVE_WITH_KNOTS('',2,(#3172,#3173,#3174),.UNSPECIFIED.,.F.,
 .F.,(3,3),(0.,1.),.PIECEWISE_BEZIER_KNOTS.);
#128=B_SPLINE_CURVE_WITH_KNOTS('',2,(#3176,#3177,#3178),.UNSPECIFIED.,.F.,
 .F.,(3,3),(0.,1.),.PIECEWISE_BEZIER_KNOTS.);
#129=B_SPLINE_CURVE_WITH_KNOTS('',2,(#3192,#3193,#3194),.UNSPECIFIED.,.F.,
 .F.,(3,3),(0.,1.),.PIECEWISE_BEZIER_KNOTS.);
#130=B_SPLINE_CURVE_WITH_KNOTS('',2,(#3196,#3197,#3198),.UNSPECIFIED.,.F.,
 .F.,(3,3),(0.,1.),.PIECEWISE_BEZIER_KNOTS.);
#131=B_SPLINE_CURVE_WITH_KNOTS('',2,(#3210,#3211,#3212),.UNSPECIFIED.,.F.,
 .F.,(3,3),(0.,1.),.PIECEWISE_BEZIER_KNOTS.);
#132=B_SPLINE_CURVE_WITH_KNOTS('',2,(#3216,#3217,#3218),.UNSPECIFIED.,.F.,
 .F.,(3,3),(0.,1.),.PIECEWISE_BEZIER_KNOTS.);
#133=B_SPLINE_CURVE_WITH_KNOTS('',2,(#3221,#3222,#3223),.UNSPECIFIED.,.F.,
 .F.,(3,3),(0.,1.),.PIECEWISE_BEZIER_KNOTS.);
#134=B_SPLINE_CURVE_WITH_KNOTS('',2,(#3232,#3233,#3234),.UNSPECIFIED.,.F.,
 .F.,(3,3),(0.,1.),.PIECEWISE_BEZIER_KNOTS.);
#135=B_SPLINE_CURVE_WITH_KNOTS('',2,(#3236,#3237,#3238),.UNSPECIFIED.,.F.,
 .F.,(3,3),(0.,1.),.PIECEWISE_BEZIER_KNOTS.);
#136=B_SPLINE_CURVE_WITH_KNOTS('',2,(#3240,#3241,#3242),.UNSPECIFIED.,.F.,
 .F.,(3,3),(0.,1.),.PIECEWISE_BEZIER_KNOTS.);
#137=B_SPLINE_CURVE_WITH_KNOTS('',2,(#3244,#3245,#3246),.UNSPECIFIED.,.F.,
 .F.,(3,3),(0.,1.),.PIECEWISE_BEZIER_KNOTS.);
#138=B_SPLINE_CURVE_WITH_KNOTS('',2,(#3248,#3249,#3250),.UNSPECIFIED.,.F.,
 .F.,(3,3),(0.,1.),.PIECEWISE_BEZIER_KNOTS.);
#139=B_SPLINE_CURVE_WITH_KNOTS('',2,(#3254,#3255,#3256),.UNSPECIFIED.,.F.,
 .F.,(3,3),(0.,1.),.PIECEWISE_BEZIER_KNOTS.);
#140=B_SPLINE_CURVE_WITH_KNOTS('',2,(#3258,#3259,#3260),.UNSPECIFIED.,.F.,
 .F.,(3,3),(0.,1.),.PIECEWISE_BEZIER_KNOTS.);
#141=B_SPLINE_CURVE_WITH_KNOTS('',2,(#3262,#3263,#3264),.UNSPECIFIED.,.F.,
 .F.,(3,3),(0.,1.),.PIECEWISE_BEZIER_KNOTS.);
#142=B_SPLINE_CURVE_WITH_KNOTS('',2,(#3266,#3267,#3268),.UNSPECIFIED.,.F.,
 .F.,(3,3),(0.,1.),.PIECEWISE_BEZIER_KNOTS.);
#143=B_SPLINE_CURVE_WITH_KNOTS('',2,(#3270,#3271,#3272),.UNSPECIFIED.,.F.,
 .F.,(3,3),(0.,1.),.PIECEWISE_BEZIER_KNOTS.);
#144=B_SPLINE_CURVE_WITH_KNOTS('',2,(#3274,#3275,#3276),.UNSPECIFIED.,.F.,
 .F.,(3,3),(0.,1.),.PIECEWISE_BEZIER_KNOTS.);
#145=B_SPLINE_CURVE_WITH_KNOTS('',2,(#3278,#3279,#3280),.UNSPECIFIED.,.F.,
 .F.,(3,3),(0.,1.),.PIECEWISE_BEZIER_KNOTS.);
#146=B_SPLINE_CURVE_WITH_KNOTS('',2,(#3284,#3285,#3286),.UNSPECIFIED.,.F.,
 .F.,(3,3),(0.,1.),.PIECEWISE_BEZIER_KNOTS.);
#147=B_SPLINE_CURVE_WITH_KNOTS('',2,(#3288,#3289,#3290),.UNSPECIFIED.,.F.,
 .F.,(3,3),(0.,1.),.PIECEWISE_BEZIER_KNOTS.);
#148=B_SPLINE_CURVE_WITH_KNOTS('',2,(#3292,#3293,#3294),.UNSPECIFIED.,.F.,
 .F.,(3,3),(0.,1.),.PIECEWISE_BEZIER_KNOTS.);
#149=B_SPLINE_CURVE_WITH_KNOTS('',2,(#3296,#3297,#3298),.UNSPECIFIED.,.F.,
 .F.,(3,3),(0.,1.),.PIECEWISE_BEZIER_KNOTS.);
#150=B_SPLINE_CURVE_WITH_KNOTS('',2,(#3300,#3301,#3302),.UNSPECIFIED.,.F.,
 .F.,(3,3),(0.,1.),.PIECEWISE_BEZIER_KNOTS.);
#151=B_SPLINE_CURVE_WITH_KNOTS('',2,(#3304,#3305,#3306),.UNSPECIFIED.,.F.,
 .F.,(3,3),(0.,1.),.PIECEWISE_BEZIER_KNOTS.);
#152=B_SPLINE_CURVE_WITH_KNOTS('',2,(#3310,#3311,#3312),.UNSPECIFIED.,.F.,
 .F.,(3,3),(0.,1.),.PIECEWISE_BEZIER_KNOTS.);
#153=B_SPLINE_CURVE_WITH_KNOTS('',2,(#3314,#3315,#3316),.UNSPECIFIED.,.F.,
 .F.,(3,3),(0.,1.),.PIECEWISE_BEZIER_KNOTS.);
#154=B_SPLINE_CURVE_WITH_KNOTS('',2,(#3318,#3319,#3320),.UNSPECIFIED.,.F.,
 .F.,(3,3),(0.,1.),.PIECEWISE_BEZIER_KNOTS.);
#155=B_SPLINE_CURVE_WITH_KNOTS('',2,(#3322,#3323,#3324),.UNSPECIFIED.,.F.,
 .F.,(3,3),(0.,1.),.PIECEWISE_BEZIER_KNOTS.);
#156=B_SPLINE_CURVE_WITH_KNOTS('',2,(#3326,#3327,#3328),.UNSPECIFIED.,.F.,
 .F.,(3,3),(0.,1.),.PIECEWISE_BEZIER_KNOTS.);
#157=B_SPLINE_CURVE_WITH_KNOTS('',2,(#3330,#3331,#3332),.UNSPECIFIED.,.F.,
 .F.,(3,3),(0.,1.),.PIECEWISE_BEZIER_KNOTS.);
#158=B_SPLINE_CURVE_WITH_KNOTS('',2,(#3356,#3357,#3358),.UNSPECIFIED.,.F.,
 .F.,(3,3),(0.,1.),.PIECEWISE_BEZIER_KNOTS.);
#159=B_SPLINE_CURVE_WITH_KNOTS('',2,(#3360,#3361,#3362),.UNSPECIFIED.,.F.,
 .F.,(3,3),(0.,1.),.PIECEWISE_BEZIER_KNOTS.);
#160=B_SPLINE_CURVE_WITH_KNOTS('',2,(#3364,#3365,#3366),.UNSPECIFIED.,.F.,
 .F.,(3,3),(0.,1.),.PIECEWISE_BEZIER_KNOTS.);
#161=B_SPLINE_CURVE_WITH_KNOTS('',2,(#3368,#3369,#3370),.UNSPECIFIED.,.F.,
 .F.,(3,3),(0.,1.),.PIECEWISE_BEZIER_KNOTS.);
#162=B_SPLINE_CURVE_WITH_KNOTS('',2,(#3372,#3373,#3374),.UNSPECIFIED.,.F.,
 .F.,(3,3),(0.,1.),.PIECEWISE_BEZIER_KNOTS.);
#163=B_SPLINE_CURVE_WITH_KNOTS('',2,(#3376,#3377,#3378),.UNSPECIFIED.,.F.,
 .F.,(3,3),(0.,1.),.PIECEWISE_BEZIER_KNOTS.);
#164=B_SPLINE_CURVE_WITH_KNOTS('',3,(#3396,#3397,#3398,#3399),
 .UNSPECIFIED.,.F.,.F.,(4,4),(1.05428182053582E-12,0.000616029858257135),
 .UNSPECIFIED.);
#165=B_SPLINE_CURVE_WITH_KNOTS('',3,(#3401,#3402,#3403,#3404),
 .UNSPECIFIED.,.F.,.F.,(4,4),(0.,0.00121072191565576),.UNSPECIFIED.);
#166=B_SPLINE_CURVE_WITH_KNOTS('',3,(#3406,#3407,#3408,#3409),
 .UNSPECIFIED.,.F.,.F.,(4,4),(0.,0.00120975192096903),.UNSPECIFIED.);
#167=B_SPLINE_CURVE_WITH_KNOTS('',3,(#3411,#3412,#3413,#3414),
 .UNSPECIFIED.,.F.,.F.,(4,4),(0.,0.000616166760287644),.UNSPECIFIED.);
#168=B_SPLINE_CURVE_WITH_KNOTS('',2,(#3537,#3538,#3539),.UNSPECIFIED.,.F.,
 .F.,(3,3),(0.,1.),.PIECEWISE_BEZIER_KNOTS.);
#169=B_SPLINE_CURVE_WITH_KNOTS('',2,(#3552,#3553,#3554),.UNSPECIFIED.,.F.,
 .F.,(3,3),(0.,1.),.PIECEWISE_BEZIER_KNOTS.);
#170=B_SPLINE_CURVE_WITH_KNOTS('',2,(#3565,#3566,#3567),.UNSPECIFIED.,.F.,
 .F.,(3,3),(0.,1.),.PIECEWISE_BEZIER_KNOTS.);
#171=B_SPLINE_CURVE_WITH_KNOTS('',2,(#3578,#3579,#3580),.UNSPECIFIED.,.F.,
 .F.,(3,3),(0.,1.),.PIECEWISE_BEZIER_KNOTS.);
#172=B_SPLINE_CURVE_WITH_KNOTS('',2,(#3591,#3592,#3593),.UNSPECIFIED.,.F.,
 .F.,(3,3),(0.,1.),.PIECEWISE_BEZIER_KNOTS.);
#173=B_SPLINE_CURVE_WITH_KNOTS('',2,(#3604,#3605,#3606),.UNSPECIFIED.,.F.,
 .F.,(3,3),(0.,1.),.PIECEWISE_BEZIER_KNOTS.);
#174=B_SPLINE_CURVE_WITH_KNOTS('',2,(#3617,#3618,#3619),.UNSPECIFIED.,.F.,
 .F.,(3,3),(0.,1.),.PIECEWISE_BEZIER_KNOTS.);
#175=B_SPLINE_CURVE_WITH_KNOTS('',2,(#3628,#3629,#3630),.UNSPECIFIED.,.F.,
 .F.,(3,3),(0.,1.),.PIECEWISE_BEZIER_KNOTS.);
#176=B_SPLINE_CURVE_WITH_KNOTS('',2,(#3705,#3706,#3707),.UNSPECIFIED.,.F.,
 .F.,(3,3),(0.,1.),.PIECEWISE_BEZIER_KNOTS.);
#177=B_SPLINE_CURVE_WITH_KNOTS('',2,(#3718,#3719,#3720),.UNSPECIFIED.,.F.,
 .F.,(3,3),(0.,1.),.PIECEWISE_BEZIER_KNOTS.);
#178=B_SPLINE_CURVE_WITH_KNOTS('',2,(#3731,#3732,#3733),.UNSPECIFIED.,.F.,
 .F.,(3,3),(0.,1.),.PIECEWISE_BEZIER_KNOTS.);
#179=B_SPLINE_CURVE_WITH_KNOTS('',2,(#3744,#3745,#3746),.UNSPECIFIED.,.F.,
 .F.,(3,3),(0.,1.),.PIECEWISE_BEZIER_KNOTS.);
#180=B_SPLINE_CURVE_WITH_KNOTS('',2,(#3757,#3758,#3759),.UNSPECIFIED.,.F.,
 .F.,(3,3),(0.,1.),.PIECEWISE_BEZIER_KNOTS.);
#181=B_SPLINE_CURVE_WITH_KNOTS('',2,(#3770,#3771,#3772),.UNSPECIFIED.,.F.,
 .F.,(3,3),(0.,1.),.PIECEWISE_BEZIER_KNOTS.);
#182=B_SPLINE_CURVE_WITH_KNOTS('',2,(#3783,#3784,#3785),.UNSPECIFIED.,.F.,
 .F.,(3,3),(0.,1.),.PIECEWISE_BEZIER_KNOTS.);
#183=B_SPLINE_CURVE_WITH_KNOTS('',2,(#3800,#3801,#3802),.UNSPECIFIED.,.F.,
 .F.,(3,3),(0.,1.),.PIECEWISE_BEZIER_KNOTS.);
#184=B_SPLINE_CURVE_WITH_KNOTS('',2,(#3813,#3814,#3815),.UNSPECIFIED.,.F.,
 .F.,(3,3),(0.,1.),.PIECEWISE_BEZIER_KNOTS.);
#185=B_SPLINE_CURVE_WITH_KNOTS('',2,(#3826,#3827,#3828),.UNSPECIFIED.,.F.,
 .F.,(3,3),(0.,1.),.PIECEWISE_BEZIER_KNOTS.);
#186=B_SPLINE_CURVE_WITH_KNOTS('',2,(#3839,#3840,#3841),.UNSPECIFIED.,.F.,
 .F.,(3,3),(0.,1.),.PIECEWISE_BEZIER_KNOTS.);
#187=B_SPLINE_CURVE_WITH_KNOTS('',2,(#3852,#3853,#3854),.UNSPECIFIED.,.F.,
 .F.,(3,3),(0.,1.),.PIECEWISE_BEZIER_KNOTS.);
#188=B_SPLINE_CURVE_WITH_KNOTS('',2,(#3865,#3866,#3867),.UNSPECIFIED.,.F.,
 .F.,(3,3),(0.,1.),.PIECEWISE_BEZIER_KNOTS.);
#189=B_SPLINE_CURVE_WITH_KNOTS('',2,(#3882,#3883,#3884),.UNSPECIFIED.,.F.,
 .F.,(3,3),(0.,1.),.PIECEWISE_BEZIER_KNOTS.);
#190=B_SPLINE_CURVE_WITH_KNOTS('',2,(#3895,#3896,#3897),.UNSPECIFIED.,.F.,
 .F.,(3,3),(0.,1.),.PIECEWISE_BEZIER_KNOTS.);
#191=B_SPLINE_CURVE_WITH_KNOTS('',2,(#3908,#3909,#3910),.UNSPECIFIED.,.F.,
 .F.,(3,3),(0.,1.),.PIECEWISE_BEZIER_KNOTS.);
#192=B_SPLINE_CURVE_WITH_KNOTS('',2,(#3921,#3922,#3923),.UNSPECIFIED.,.F.,
 .F.,(3,3),(0.,1.),.PIECEWISE_BEZIER_KNOTS.);
#193=B_SPLINE_CURVE_WITH_KNOTS('',2,(#3934,#3935,#3936),.UNSPECIFIED.,.F.,
 .F.,(3,3),(0.,1.),.PIECEWISE_BEZIER_KNOTS.);
#194=B_SPLINE_CURVE_WITH_KNOTS('',2,(#3947,#3948,#3949),.UNSPECIFIED.,.F.,
 .F.,(3,3),(0.,1.),.PIECEWISE_BEZIER_KNOTS.);
#195=B_SPLINE_CURVE_WITH_KNOTS('',2,(#3960,#3961,#3962),.UNSPECIFIED.,.F.,
 .F.,(3,3),(0.,1.),.PIECEWISE_BEZIER_KNOTS.);
#196=B_SPLINE_CURVE_WITH_KNOTS('',2,(#3977,#3978,#3979),.UNSPECIFIED.,.F.,
 .F.,(3,3),(0.,1.),.PIECEWISE_BEZIER_KNOTS.);
#197=B_SPLINE_CURVE_WITH_KNOTS('',2,(#3990,#3991,#3992),.UNSPECIFIED.,.F.,
 .F.,(3,3),(0.,1.),.PIECEWISE_BEZIER_KNOTS.);
#198=B_SPLINE_CURVE_WITH_KNOTS('',2,(#4003,#4004,#4005),.UNSPECIFIED.,.F.,
 .F.,(3,3),(0.,1.),.PIECEWISE_BEZIER_KNOTS.);
#199=B_SPLINE_CURVE_WITH_KNOTS('',2,(#4016,#4017,#4018),.UNSPECIFIED.,.F.,
 .F.,(3,3),(0.,1.),.PIECEWISE_BEZIER_KNOTS.);
#200=B_SPLINE_CURVE_WITH_KNOTS('',2,(#4029,#4030,#4031),.UNSPECIFIED.,.F.,
 .F.,(3,3),(0.,1.),.PIECEWISE_BEZIER_KNOTS.);
#201=B_SPLINE_CURVE_WITH_KNOTS('',2,(#4063,#4064,#4065),.UNSPECIFIED.,.F.,
 .F.,(3,3),(0.,1.),.PIECEWISE_BEZIER_KNOTS.);
#202=B_SPLINE_CURVE_WITH_KNOTS('',2,(#4080,#4081,#4082),.UNSPECIFIED.,.F.,
 .F.,(3,3),(0.,1.),.PIECEWISE_BEZIER_KNOTS.);
#203=B_SPLINE_CURVE_WITH_KNOTS('',2,(#4113,#4114,#4115),.UNSPECIFIED.,.F.,
 .F.,(3,3),(0.,1.),.PIECEWISE_BEZIER_KNOTS.);
#204=B_SPLINE_CURVE_WITH_KNOTS('',2,(#4126,#4127,#4128),.UNSPECIFIED.,.F.,
 .F.,(3,3),(0.,1.),.PIECEWISE_BEZIER_KNOTS.);
#205=B_SPLINE_CURVE_WITH_KNOTS('',2,(#4164,#4165,#4166),.UNSPECIFIED.,.F.,
 .F.,(3,3),(0.,1.),.PIECEWISE_BEZIER_KNOTS.);
#206=B_SPLINE_CURVE_WITH_KNOTS('',2,(#4177,#4178,#4179),.UNSPECIFIED.,.F.,
 .F.,(3,3),(0.,1.),.PIECEWISE_BEZIER_KNOTS.);
#207=B_SPLINE_CURVE_WITH_KNOTS('',2,(#4194,#4195,#4196),.UNSPECIFIED.,.F.,
 .F.,(3,3),(0.,1.),.PIECEWISE_BEZIER_KNOTS.);
#208=B_SPLINE_CURVE_WITH_KNOTS('',2,(#4207,#4208,#4209),.UNSPECIFIED.,.F.,
 .F.,(3,3),(0.,1.),.PIECEWISE_BEZIER_KNOTS.);
#209=B_SPLINE_CURVE_WITH_KNOTS('',2,(#4220,#4221,#4222),.UNSPECIFIED.,.F.,
 .F.,(3,3),(0.,1.),.PIECEWISE_BEZIER_KNOTS.);
#210=B_SPLINE_CURVE_WITH_KNOTS('',2,(#4233,#4234,#4235),.UNSPECIFIED.,.F.,
 .F.,(3,3),(0.,1.),.PIECEWISE_BEZIER_KNOTS.);
#211=B_SPLINE_CURVE_WITH_KNOTS('',2,(#4246,#4247,#4248),.UNSPECIFIED.,.F.,
 .F.,(3,3),(0.,1.),.PIECEWISE_BEZIER_KNOTS.);
#212=B_SPLINE_CURVE_WITH_KNOTS('',2,(#4259,#4260,#4261),.UNSPECIFIED.,.F.,
 .F.,(3,3),(0.,1.),.PIECEWISE_BEZIER_KNOTS.);
#213=B_SPLINE_CURVE_WITH_KNOTS('',2,(#4272,#4273,#4274),.UNSPECIFIED.,.F.,
 .F.,(3,3),(0.,1.),.PIECEWISE_BEZIER_KNOTS.);
#214=B_SPLINE_CURVE_WITH_KNOTS('',2,(#4285,#4286,#4287),.UNSPECIFIED.,.F.,
 .F.,(3,3),(0.,1.),.PIECEWISE_BEZIER_KNOTS.);
#215=B_SPLINE_CURVE_WITH_KNOTS('',2,(#4298,#4299,#4300),.UNSPECIFIED.,.F.,
 .F.,(3,3),(0.,1.),.PIECEWISE_BEZIER_KNOTS.);
#216=B_SPLINE_CURVE_WITH_KNOTS('',2,(#4311,#4312,#4313),.UNSPECIFIED.,.F.,
 .F.,(3,3),(0.,1.),.PIECEWISE_BEZIER_KNOTS.);
#217=B_SPLINE_CURVE_WITH_KNOTS('',2,(#4336,#4337,#4338),.UNSPECIFIED.,.F.,
 .F.,(3,3),(0.,1.),.PIECEWISE_BEZIER_KNOTS.);
#218=B_SPLINE_CURVE_WITH_KNOTS('',2,(#4349,#4350,#4351),.UNSPECIFIED.,.F.,
 .F.,(3,3),(0.,1.),.PIECEWISE_BEZIER_KNOTS.);
#219=B_SPLINE_CURVE_WITH_KNOTS('',2,(#4385,#4386,#4387),.UNSPECIFIED.,.F.,
 .F.,(3,3),(0.,1.),.PIECEWISE_BEZIER_KNOTS.);
#220=B_SPLINE_CURVE_WITH_KNOTS('',2,(#4391,#4392,#4393),.UNSPECIFIED.,.F.,
 .F.,(3,3),(0.,1.),.PIECEWISE_BEZIER_KNOTS.);
#221=B_SPLINE_CURVE_WITH_KNOTS('',2,(#4402,#4403,#4404),.UNSPECIFIED.,.F.,
 .F.,(3,3),(0.,1.),.PIECEWISE_BEZIER_KNOTS.);
#222=B_SPLINE_CURVE_WITH_KNOTS('',2,(#4408,#4409,#4410),.UNSPECIFIED.,.F.,
 .F.,(3,3),(0.,1.),.PIECEWISE_BEZIER_KNOTS.);
#223=B_SPLINE_CURVE_WITH_KNOTS('',2,(#4425,#4426,#4427),.UNSPECIFIED.,.F.,
 .F.,(3,3),(0.,1.),.PIECEWISE_BEZIER_KNOTS.);
#224=B_SPLINE_CURVE_WITH_KNOTS('',2,(#4428,#4429,#4430),.UNSPECIFIED.,.F.,
 .F.,(3,3),(0.,1.),.PIECEWISE_BEZIER_KNOTS.);
#225=B_SPLINE_CURVE_WITH_KNOTS('',2,(#4439,#4440,#4441),.UNSPECIFIED.,.F.,
 .F.,(3,3),(0.,1.),.PIECEWISE_BEZIER_KNOTS.);
#226=ORIENTED_EDGE('',*,*,#970,.T.);
#227=ORIENTED_EDGE('',*,*,#971,.T.);
#228=ORIENTED_EDGE('',*,*,#972,.T.);
#229=ORIENTED_EDGE('',*,*,#973,.T.);
#230=ORIENTED_EDGE('',*,*,#974,.T.);
#231=ORIENTED_EDGE('',*,*,#975,.T.);
#232=ORIENTED_EDGE('',*,*,#976,.T.);
#233=ORIENTED_EDGE('',*,*,#977,.T.);
#234=ORIENTED_EDGE('',*,*,#978,.T.);
#235=ORIENTED_EDGE('',*,*,#979,.T.);
#236=ORIENTED_EDGE('',*,*,#980,.T.);
#237=ORIENTED_EDGE('',*,*,#981,.T.);
#238=ORIENTED_EDGE('',*,*,#982,.T.);
#239=ORIENTED_EDGE('',*,*,#983,.T.);
#240=ORIENTED_EDGE('',*,*,#984,.T.);
#241=ORIENTED_EDGE('',*,*,#985,.T.);
#242=ORIENTED_EDGE('',*,*,#986,.T.);
#243=ORIENTED_EDGE('',*,*,#987,.T.);
#244=ORIENTED_EDGE('',*,*,#988,.T.);
#245=ORIENTED_EDGE('',*,*,#989,.T.);
#246=ORIENTED_EDGE('',*,*,#990,.T.);
#247=ORIENTED_EDGE('',*,*,#991,.T.);
#248=ORIENTED_EDGE('',*,*,#992,.T.);
#249=ORIENTED_EDGE('',*,*,#993,.T.);
#250=ORIENTED_EDGE('',*,*,#994,.T.);
#251=ORIENTED_EDGE('',*,*,#995,.T.);
#252=ORIENTED_EDGE('',*,*,#996,.T.);
#253=ORIENTED_EDGE('',*,*,#997,.T.);
#254=ORIENTED_EDGE('',*,*,#998,.T.);
#255=ORIENTED_EDGE('',*,*,#999,.T.);
#256=ORIENTED_EDGE('',*,*,#1000,.T.);
#257=ORIENTED_EDGE('',*,*,#1001,.T.);
#258=ORIENTED_EDGE('',*,*,#1002,.T.);
#259=ORIENTED_EDGE('',*,*,#1003,.T.);
#260=ORIENTED_EDGE('',*,*,#1004,.T.);
#261=ORIENTED_EDGE('',*,*,#1005,.T.);
#262=ORIENTED_EDGE('',*,*,#1006,.T.);
#263=ORIENTED_EDGE('',*,*,#1007,.T.);
#264=ORIENTED_EDGE('',*,*,#1008,.T.);
#265=ORIENTED_EDGE('',*,*,#1009,.T.);
#266=ORIENTED_EDGE('',*,*,#1010,.T.);
#267=ORIENTED_EDGE('',*,*,#1011,.T.);
#268=ORIENTED_EDGE('',*,*,#1012,.T.);
#269=ORIENTED_EDGE('',*,*,#1013,.T.);
#270=ORIENTED_EDGE('',*,*,#1014,.T.);
#271=ORIENTED_EDGE('',*,*,#1015,.T.);
#272=ORIENTED_EDGE('',*,*,#1016,.T.);
#273=ORIENTED_EDGE('',*,*,#1017,.T.);
#274=ORIENTED_EDGE('',*,*,#1018,.T.);
#275=ORIENTED_EDGE('',*,*,#1019,.T.);
#276=ORIENTED_EDGE('',*,*,#1020,.T.);
#277=ORIENTED_EDGE('',*,*,#1021,.T.);
#278=ORIENTED_EDGE('',*,*,#1022,.T.);
#279=ORIENTED_EDGE('',*,*,#1023,.T.);
#280=ORIENTED_EDGE('',*,*,#1024,.T.);
#281=ORIENTED_EDGE('',*,*,#1025,.T.);
#282=ORIENTED_EDGE('',*,*,#1026,.T.);
#283=ORIENTED_EDGE('',*,*,#1027,.T.);
#284=ORIENTED_EDGE('',*,*,#1028,.T.);
#285=ORIENTED_EDGE('',*,*,#1029,.T.);
#286=ORIENTED_EDGE('',*,*,#1030,.T.);
#287=ORIENTED_EDGE('',*,*,#1031,.T.);
#288=ORIENTED_EDGE('',*,*,#1032,.T.);
#289=ORIENTED_EDGE('',*,*,#1033,.T.);
#290=ORIENTED_EDGE('',*,*,#1034,.T.);
#291=ORIENTED_EDGE('',*,*,#1035,.T.);
#292=ORIENTED_EDGE('',*,*,#1036,.T.);
#293=ORIENTED_EDGE('',*,*,#1037,.T.);
#294=ORIENTED_EDGE('',*,*,#1038,.T.);
#295=ORIENTED_EDGE('',*,*,#1039,.T.);
#296=ORIENTED_EDGE('',*,*,#1040,.T.);
#297=ORIENTED_EDGE('',*,*,#1041,.T.);
#298=ORIENTED_EDGE('',*,*,#1042,.T.);
#299=ORIENTED_EDGE('',*,*,#1043,.T.);
#300=ORIENTED_EDGE('',*,*,#1044,.T.);
#301=ORIENTED_EDGE('',*,*,#1045,.T.);
#302=ORIENTED_EDGE('',*,*,#1046,.T.);
#303=ORIENTED_EDGE('',*,*,#1047,.T.);
#304=ORIENTED_EDGE('',*,*,#1048,.T.);
#305=ORIENTED_EDGE('',*,*,#1049,.F.);
#306=ORIENTED_EDGE('',*,*,#1050,.T.);
#307=ORIENTED_EDGE('',*,*,#1051,.T.);
#308=ORIENTED_EDGE('',*,*,#1052,.F.);
#309=ORIENTED_EDGE('',*,*,#1053,.F.);
#310=ORIENTED_EDGE('',*,*,#1054,.T.);
#311=ORIENTED_EDGE('',*,*,#1055,.T.);
#312=ORIENTED_EDGE('',*,*,#1056,.T.);
#313=ORIENTED_EDGE('',*,*,#1057,.T.);
#314=ORIENTED_EDGE('',*,*,#1058,.T.);
#315=ORIENTED_EDGE('',*,*,#1059,.T.);
#316=ORIENTED_EDGE('',*,*,#1060,.T.);
#317=ORIENTED_EDGE('',*,*,#1061,.T.);
#318=ORIENTED_EDGE('',*,*,#1062,.T.);
#319=ORIENTED_EDGE('',*,*,#1063,.T.);
#320=ORIENTED_EDGE('',*,*,#1064,.T.);
#321=ORIENTED_EDGE('',*,*,#1065,.T.);
#322=ORIENTED_EDGE('',*,*,#1066,.T.);
#323=ORIENTED_EDGE('',*,*,#1067,.T.);
#324=ORIENTED_EDGE('',*,*,#1068,.T.);
#325=ORIENTED_EDGE('',*,*,#1061,.F.);
#326=ORIENTED_EDGE('',*,*,#1069,.T.);
#327=ORIENTED_EDGE('',*,*,#1070,.T.);
#328=ORIENTED_EDGE('',*,*,#1071,.T.);
#329=ORIENTED_EDGE('',*,*,#1072,.T.);
#330=ORIENTED_EDGE('',*,*,#1054,.F.);
#331=ORIENTED_EDGE('',*,*,#1073,.F.);
#332=ORIENTED_EDGE('',*,*,#1074,.F.);
#333=ORIENTED_EDGE('',*,*,#1075,.F.);
#334=ORIENTED_EDGE('',*,*,#1046,.F.);
#335=ORIENTED_EDGE('',*,*,#1076,.T.);
#336=ORIENTED_EDGE('',*,*,#1047,.F.);
#337=ORIENTED_EDGE('',*,*,#1075,.T.);
#338=ORIENTED_EDGE('',*,*,#1077,.T.);
#339=ORIENTED_EDGE('',*,*,#1078,.T.);
#340=ORIENTED_EDGE('',*,*,#1079,.F.);
#341=ORIENTED_EDGE('',*,*,#1080,.F.);
#342=ORIENTED_EDGE('',*,*,#1081,.F.);
#343=ORIENTED_EDGE('',*,*,#1082,.T.);
#344=ORIENTED_EDGE('',*,*,#1083,.F.);
#345=ORIENTED_EDGE('',*,*,#1084,.T.);
#346=ORIENTED_EDGE('',*,*,#1085,.T.);
#347=ORIENTED_EDGE('',*,*,#1086,.F.);
#348=ORIENTED_EDGE('',*,*,#1087,.F.);
#349=ORIENTED_EDGE('',*,*,#1088,.F.);
#350=ORIENTED_EDGE('',*,*,#1081,.T.);
#351=ORIENTED_EDGE('',*,*,#1089,.T.);
#352=ORIENTED_EDGE('',*,*,#1090,.T.);
#353=ORIENTED_EDGE('',*,*,#1091,.T.);
#354=ORIENTED_EDGE('',*,*,#1092,.F.);
#355=ORIENTED_EDGE('',*,*,#1093,.T.);
#356=ORIENTED_EDGE('',*,*,#1094,.F.);
#357=ORIENTED_EDGE('',*,*,#1095,.F.);
#358=ORIENTED_EDGE('',*,*,#1096,.F.);
#359=ORIENTED_EDGE('',*,*,#1050,.F.);
#360=ORIENTED_EDGE('',*,*,#1097,.T.);
#361=ORIENTED_EDGE('',*,*,#1098,.F.);
#362=ORIENTED_EDGE('',*,*,#1073,.T.);
#363=ORIENTED_EDGE('',*,*,#1053,.T.);
#364=ORIENTED_EDGE('',*,*,#1099,.T.);
#365=ORIENTED_EDGE('',*,*,#1100,.F.);
#366=ORIENTED_EDGE('',*,*,#1094,.T.);
#367=ORIENTED_EDGE('',*,*,#1101,.T.);
#368=ORIENTED_EDGE('',*,*,#1102,.T.);
#369=ORIENTED_EDGE('',*,*,#1103,.F.);
#370=ORIENTED_EDGE('',*,*,#1077,.F.);
#371=ORIENTED_EDGE('',*,*,#1074,.T.);
#372=ORIENTED_EDGE('',*,*,#1098,.T.);
#373=ORIENTED_EDGE('',*,*,#1104,.F.);
#374=ORIENTED_EDGE('',*,*,#1091,.F.);
#375=ORIENTED_EDGE('',*,*,#1105,.T.);
#376=ORIENTED_EDGE('',*,*,#1106,.F.);
#377=ORIENTED_EDGE('',*,*,#1078,.F.);
#378=ORIENTED_EDGE('',*,*,#1104,.T.);
#379=ORIENTED_EDGE('',*,*,#1103,.T.);
#380=ORIENTED_EDGE('',*,*,#1107,.T.);
#381=ORIENTED_EDGE('',*,*,#1108,.F.);
#382=ORIENTED_EDGE('',*,*,#1108,.T.);
#383=ORIENTED_EDGE('',*,*,#1109,.F.);
#384=ORIENTED_EDGE('',*,*,#1110,.F.);
#385=ORIENTED_EDGE('',*,*,#1092,.T.);
#386=ORIENTED_EDGE('',*,*,#1107,.F.);
#387=ORIENTED_EDGE('',*,*,#1102,.F.);
#388=ORIENTED_EDGE('',*,*,#1111,.T.);
#389=ORIENTED_EDGE('',*,*,#1109,.T.);
#390=ORIENTED_EDGE('',*,*,#1093,.F.);
#391=ORIENTED_EDGE('',*,*,#1110,.T.);
#392=ORIENTED_EDGE('',*,*,#1111,.F.);
#393=ORIENTED_EDGE('',*,*,#1101,.F.);
#394=ORIENTED_EDGE('',*,*,#1106,.T.);
#395=ORIENTED_EDGE('',*,*,#1112,.F.);
#396=ORIENTED_EDGE('',*,*,#1113,.F.);
#397=ORIENTED_EDGE('',*,*,#1079,.T.);
#398=ORIENTED_EDGE('',*,*,#1105,.F.);
#399=ORIENTED_EDGE('',*,*,#1090,.F.);
#400=ORIENTED_EDGE('',*,*,#1114,.T.);
#401=ORIENTED_EDGE('',*,*,#1112,.T.);
#402=ORIENTED_EDGE('',*,*,#1089,.F.);
#403=ORIENTED_EDGE('',*,*,#1080,.T.);
#404=ORIENTED_EDGE('',*,*,#1113,.T.);
#405=ORIENTED_EDGE('',*,*,#1114,.F.);
#406=ORIENTED_EDGE('',*,*,#1115,.T.);
#407=ORIENTED_EDGE('',*,*,#1116,.F.);
#408=ORIENTED_EDGE('',*,*,#1051,.F.);
#409=ORIENTED_EDGE('',*,*,#1096,.T.);
#410=ORIENTED_EDGE('',*,*,#1117,.F.);
#411=ORIENTED_EDGE('',*,*,#1099,.F.);
#412=ORIENTED_EDGE('',*,*,#1052,.T.);
#413=ORIENTED_EDGE('',*,*,#1116,.T.);
#414=ORIENTED_EDGE('',*,*,#1095,.T.);
#415=ORIENTED_EDGE('',*,*,#1100,.T.);
#416=ORIENTED_EDGE('',*,*,#1117,.T.);
#417=ORIENTED_EDGE('',*,*,#1115,.F.);
#418=ORIENTED_EDGE('',*,*,#1118,.T.);
#419=ORIENTED_EDGE('',*,*,#1119,.F.);
#420=ORIENTED_EDGE('',*,*,#1048,.F.);
#421=ORIENTED_EDGE('',*,*,#1083,.T.);
#422=ORIENTED_EDGE('',*,*,#1120,.F.);
#423=ORIENTED_EDGE('',*,*,#1097,.F.);
#424=ORIENTED_EDGE('',*,*,#1049,.T.);
#425=ORIENTED_EDGE('',*,*,#1119,.T.);
#426=ORIENTED_EDGE('',*,*,#1088,.T.);
#427=ORIENTED_EDGE('',*,*,#1120,.T.);
#428=ORIENTED_EDGE('',*,*,#1118,.F.);
#429=ORIENTED_EDGE('',*,*,#1082,.F.);
#430=ORIENTED_EDGE('',*,*,#1084,.F.);
#431=ORIENTED_EDGE('',*,*,#1121,.F.);
#432=ORIENTED_EDGE('',*,*,#1122,.T.);
#433=ORIENTED_EDGE('',*,*,#1123,.T.);
#434=ORIENTED_EDGE('',*,*,#1087,.T.);
#435=ORIENTED_EDGE('',*,*,#1124,.F.);
#436=ORIENTED_EDGE('',*,*,#1125,.F.);
#437=ORIENTED_EDGE('',*,*,#1121,.T.);
#438=ORIENTED_EDGE('',*,*,#1086,.T.);
#439=ORIENTED_EDGE('',*,*,#1126,.F.);
#440=ORIENTED_EDGE('',*,*,#1127,.F.);
#441=ORIENTED_EDGE('',*,*,#1124,.T.);
#442=ORIENTED_EDGE('',*,*,#1085,.F.);
#443=ORIENTED_EDGE('',*,*,#1123,.F.);
#444=ORIENTED_EDGE('',*,*,#1128,.T.);
#445=ORIENTED_EDGE('',*,*,#1126,.T.);
#446=ORIENTED_EDGE('',*,*,#1122,.F.);
#447=ORIENTED_EDGE('',*,*,#1125,.T.);
#448=ORIENTED_EDGE('',*,*,#1127,.T.);
#449=ORIENTED_EDGE('',*,*,#1128,.F.);
#450=ORIENTED_EDGE('',*,*,#1060,.F.);
#451=ORIENTED_EDGE('',*,*,#1129,.F.);
#452=ORIENTED_EDGE('',*,*,#1130,.T.);
#453=ORIENTED_EDGE('',*,*,#1131,.T.);
#454=ORIENTED_EDGE('',*,*,#1069,.F.);
#455=ORIENTED_EDGE('',*,*,#1059,.F.);
#456=ORIENTED_EDGE('',*,*,#1132,.F.);
#457=ORIENTED_EDGE('',*,*,#1133,.T.);
#458=ORIENTED_EDGE('',*,*,#1129,.T.);
#459=ORIENTED_EDGE('',*,*,#1058,.F.);
#460=ORIENTED_EDGE('',*,*,#1134,.F.);
#461=ORIENTED_EDGE('',*,*,#1135,.T.);
#462=ORIENTED_EDGE('',*,*,#1132,.T.);
#463=ORIENTED_EDGE('',*,*,#1057,.F.);
#464=ORIENTED_EDGE('',*,*,#1136,.F.);
#465=ORIENTED_EDGE('',*,*,#1137,.T.);
#466=ORIENTED_EDGE('',*,*,#1134,.T.);
#467=ORIENTED_EDGE('',*,*,#1056,.F.);
#468=ORIENTED_EDGE('',*,*,#1138,.F.);
#469=ORIENTED_EDGE('',*,*,#1139,.T.);
#470=ORIENTED_EDGE('',*,*,#1136,.T.);
#471=ORIENTED_EDGE('',*,*,#1140,.F.);
#472=ORIENTED_EDGE('',*,*,#1141,.T.);
#473=ORIENTED_EDGE('',*,*,#1138,.T.);
#474=ORIENTED_EDGE('',*,*,#1055,.F.);
#475=ORIENTED_EDGE('',*,*,#1072,.F.);
#476=ORIENTED_EDGE('',*,*,#1142,.F.);
#477=ORIENTED_EDGE('',*,*,#1143,.T.);
#478=ORIENTED_EDGE('',*,*,#1140,.T.);
#479=ORIENTED_EDGE('',*,*,#1071,.F.);
#480=ORIENTED_EDGE('',*,*,#1131,.F.);
#481=ORIENTED_EDGE('',*,*,#1144,.T.);
#482=ORIENTED_EDGE('',*,*,#1142,.T.);
#483=ORIENTED_EDGE('',*,*,#1070,.F.);
#484=ORIENTED_EDGE('',*,*,#1130,.F.);
#485=ORIENTED_EDGE('',*,*,#1133,.F.);
#486=ORIENTED_EDGE('',*,*,#1135,.F.);
#487=ORIENTED_EDGE('',*,*,#1137,.F.);
#488=ORIENTED_EDGE('',*,*,#1139,.F.);
#489=ORIENTED_EDGE('',*,*,#1141,.F.);
#490=ORIENTED_EDGE('',*,*,#1143,.F.);
#491=ORIENTED_EDGE('',*,*,#1144,.F.);
#492=ORIENTED_EDGE('',*,*,#1145,.F.);
#493=ORIENTED_EDGE('',*,*,#1146,.F.);
#494=ORIENTED_EDGE('',*,*,#1147,.T.);
#495=ORIENTED_EDGE('',*,*,#1148,.T.);
#496=ORIENTED_EDGE('',*,*,#1149,.F.);
#497=ORIENTED_EDGE('',*,*,#1150,.F.);
#498=ORIENTED_EDGE('',*,*,#1151,.T.);
#499=ORIENTED_EDGE('',*,*,#1146,.T.);
#500=ORIENTED_EDGE('',*,*,#1152,.F.);
#501=ORIENTED_EDGE('',*,*,#1153,.F.);
#502=ORIENTED_EDGE('',*,*,#1154,.T.);
#503=ORIENTED_EDGE('',*,*,#1150,.T.);
#504=ORIENTED_EDGE('',*,*,#1066,.F.);
#505=ORIENTED_EDGE('',*,*,#1155,.F.);
#506=ORIENTED_EDGE('',*,*,#1156,.T.);
#507=ORIENTED_EDGE('',*,*,#1157,.T.);
#508=ORIENTED_EDGE('',*,*,#1065,.F.);
#509=ORIENTED_EDGE('',*,*,#1158,.F.);
#510=ORIENTED_EDGE('',*,*,#1159,.T.);
#511=ORIENTED_EDGE('',*,*,#1155,.T.);
#512=ORIENTED_EDGE('',*,*,#1064,.F.);
#513=ORIENTED_EDGE('',*,*,#1160,.F.);
#514=ORIENTED_EDGE('',*,*,#1161,.T.);
#515=ORIENTED_EDGE('',*,*,#1158,.T.);
#516=ORIENTED_EDGE('',*,*,#1063,.F.);
#517=ORIENTED_EDGE('',*,*,#1162,.F.);
#518=ORIENTED_EDGE('',*,*,#1163,.T.);
#519=ORIENTED_EDGE('',*,*,#1160,.T.);
#520=ORIENTED_EDGE('',*,*,#1164,.F.);
#521=ORIENTED_EDGE('',*,*,#1165,.T.);
#522=ORIENTED_EDGE('',*,*,#1162,.T.);
#523=ORIENTED_EDGE('',*,*,#1062,.F.);
#524=ORIENTED_EDGE('',*,*,#1068,.F.);
#525=ORIENTED_EDGE('',*,*,#1166,.F.);
#526=ORIENTED_EDGE('',*,*,#1167,.T.);
#527=ORIENTED_EDGE('',*,*,#1164,.T.);
#528=ORIENTED_EDGE('',*,*,#1067,.F.);
#529=ORIENTED_EDGE('',*,*,#1045,.F.);
#530=ORIENTED_EDGE('',*,*,#1168,.F.);
#531=ORIENTED_EDGE('',*,*,#1169,.T.);
#532=ORIENTED_EDGE('',*,*,#1166,.T.);
#533=ORIENTED_EDGE('',*,*,#1076,.F.);
#534=ORIENTED_EDGE('',*,*,#1044,.F.);
#535=ORIENTED_EDGE('',*,*,#1157,.F.);
#536=ORIENTED_EDGE('',*,*,#1170,.T.);
#537=ORIENTED_EDGE('',*,*,#1168,.T.);
#538=ORIENTED_EDGE('',*,*,#1171,.F.);
#539=ORIENTED_EDGE('',*,*,#1148,.F.);
#540=ORIENTED_EDGE('',*,*,#1172,.T.);
#541=ORIENTED_EDGE('',*,*,#1153,.T.);
#542=ORIENTED_EDGE('',*,*,#1156,.F.);
#543=ORIENTED_EDGE('',*,*,#1159,.F.);
#544=ORIENTED_EDGE('',*,*,#1161,.F.);
#545=ORIENTED_EDGE('',*,*,#1163,.F.);
#546=ORIENTED_EDGE('',*,*,#1165,.F.);
#547=ORIENTED_EDGE('',*,*,#1167,.F.);
#548=ORIENTED_EDGE('',*,*,#1169,.F.);
#549=ORIENTED_EDGE('',*,*,#1170,.F.);
#550=ORIENTED_EDGE('',*,*,#1147,.F.);
#551=ORIENTED_EDGE('',*,*,#1151,.F.);
#552=ORIENTED_EDGE('',*,*,#1154,.F.);
#553=ORIENTED_EDGE('',*,*,#1172,.F.);
#554=ORIENTED_EDGE('',*,*,#1014,.F.);
#555=ORIENTED_EDGE('',*,*,#1173,.F.);
#556=ORIENTED_EDGE('',*,*,#1174,.T.);
#557=ORIENTED_EDGE('',*,*,#1175,.T.);
#558=ORIENTED_EDGE('',*,*,#1013,.F.);
#559=ORIENTED_EDGE('',*,*,#1176,.F.);
#560=ORIENTED_EDGE('',*,*,#1177,.T.);
#561=ORIENTED_EDGE('',*,*,#1173,.T.);
#562=ORIENTED_EDGE('',*,*,#1043,.F.);
#563=ORIENTED_EDGE('',*,*,#1178,.F.);
#564=ORIENTED_EDGE('',*,*,#1179,.T.);
#565=ORIENTED_EDGE('',*,*,#1176,.T.);
#566=ORIENTED_EDGE('',*,*,#1042,.F.);
#567=ORIENTED_EDGE('',*,*,#1180,.F.);
#568=ORIENTED_EDGE('',*,*,#1181,.T.);
#569=ORIENTED_EDGE('',*,*,#1178,.T.);
#570=ORIENTED_EDGE('',*,*,#1041,.F.);
#571=ORIENTED_EDGE('',*,*,#1182,.F.);
#572=ORIENTED_EDGE('',*,*,#1183,.T.);
#573=ORIENTED_EDGE('',*,*,#1180,.T.);
#574=ORIENTED_EDGE('',*,*,#1040,.F.);
#575=ORIENTED_EDGE('',*,*,#1184,.F.);
#576=ORIENTED_EDGE('',*,*,#1185,.T.);
#577=ORIENTED_EDGE('',*,*,#1182,.T.);
#578=ORIENTED_EDGE('',*,*,#1039,.F.);
#579=ORIENTED_EDGE('',*,*,#1186,.F.);
#580=ORIENTED_EDGE('',*,*,#1187,.T.);
#581=ORIENTED_EDGE('',*,*,#1184,.T.);
#582=ORIENTED_EDGE('',*,*,#1038,.F.);
#583=ORIENTED_EDGE('',*,*,#1188,.F.);
#584=ORIENTED_EDGE('',*,*,#1189,.T.);
#585=ORIENTED_EDGE('',*,*,#1186,.T.);
#586=ORIENTED_EDGE('',*,*,#1037,.F.);
#587=ORIENTED_EDGE('',*,*,#1190,.F.);
#588=ORIENTED_EDGE('',*,*,#1191,.T.);
#589=ORIENTED_EDGE('',*,*,#1188,.T.);
#590=ORIENTED_EDGE('',*,*,#1036,.F.);
#591=ORIENTED_EDGE('',*,*,#1192,.F.);
#592=ORIENTED_EDGE('',*,*,#1193,.T.);
#593=ORIENTED_EDGE('',*,*,#1190,.T.);
#594=ORIENTED_EDGE('',*,*,#1035,.F.);
#595=ORIENTED_EDGE('',*,*,#1194,.F.);
#596=ORIENTED_EDGE('',*,*,#1195,.T.);
#597=ORIENTED_EDGE('',*,*,#1192,.T.);
#598=ORIENTED_EDGE('',*,*,#1034,.F.);
#599=ORIENTED_EDGE('',*,*,#1196,.F.);
#600=ORIENTED_EDGE('',*,*,#1197,.T.);
#601=ORIENTED_EDGE('',*,*,#1194,.T.);
#602=ORIENTED_EDGE('',*,*,#1033,.F.);
#603=ORIENTED_EDGE('',*,*,#1198,.F.);
#604=ORIENTED_EDGE('',*,*,#1199,.T.);
#605=ORIENTED_EDGE('',*,*,#1196,.T.);
#606=ORIENTED_EDGE('',*,*,#1032,.F.);
#607=ORIENTED_EDGE('',*,*,#1200,.F.);
#608=ORIENTED_EDGE('',*,*,#1201,.T.);
#609=ORIENTED_EDGE('',*,*,#1198,.T.);
#610=ORIENTED_EDGE('',*,*,#1031,.F.);
#611=ORIENTED_EDGE('',*,*,#1202,.F.);
#612=ORIENTED_EDGE('',*,*,#1203,.T.);
#613=ORIENTED_EDGE('',*,*,#1200,.T.);
#614=ORIENTED_EDGE('',*,*,#1030,.F.);
#615=ORIENTED_EDGE('',*,*,#1204,.F.);
#616=ORIENTED_EDGE('',*,*,#1205,.T.);
#617=ORIENTED_EDGE('',*,*,#1202,.T.);
#618=ORIENTED_EDGE('',*,*,#1029,.F.);
#619=ORIENTED_EDGE('',*,*,#1206,.F.);
#620=ORIENTED_EDGE('',*,*,#1207,.T.);
#621=ORIENTED_EDGE('',*,*,#1204,.T.);
#622=ORIENTED_EDGE('',*,*,#1028,.F.);
#623=ORIENTED_EDGE('',*,*,#1208,.F.);
#624=ORIENTED_EDGE('',*,*,#1209,.T.);
#625=ORIENTED_EDGE('',*,*,#1206,.T.);
#626=ORIENTED_EDGE('',*,*,#1027,.F.);
#627=ORIENTED_EDGE('',*,*,#1210,.F.);
#628=ORIENTED_EDGE('',*,*,#1211,.T.);
#629=ORIENTED_EDGE('',*,*,#1208,.T.);
#630=ORIENTED_EDGE('',*,*,#1026,.F.);
#631=ORIENTED_EDGE('',*,*,#1212,.F.);
#632=ORIENTED_EDGE('',*,*,#1213,.T.);
#633=ORIENTED_EDGE('',*,*,#1210,.T.);
#634=ORIENTED_EDGE('',*,*,#1025,.F.);
#635=ORIENTED_EDGE('',*,*,#1214,.F.);
#636=ORIENTED_EDGE('',*,*,#1215,.T.);
#637=ORIENTED_EDGE('',*,*,#1212,.T.);
#638=ORIENTED_EDGE('',*,*,#1024,.F.);
#639=ORIENTED_EDGE('',*,*,#1216,.F.);
#640=ORIENTED_EDGE('',*,*,#1217,.T.);
#641=ORIENTED_EDGE('',*,*,#1214,.T.);
#642=ORIENTED_EDGE('',*,*,#1023,.F.);
#643=ORIENTED_EDGE('',*,*,#1218,.F.);
#644=ORIENTED_EDGE('',*,*,#1219,.T.);
#645=ORIENTED_EDGE('',*,*,#1216,.T.);
#646=ORIENTED_EDGE('',*,*,#1022,.F.);
#647=ORIENTED_EDGE('',*,*,#1220,.F.);
#648=ORIENTED_EDGE('',*,*,#1221,.T.);
#649=ORIENTED_EDGE('',*,*,#1218,.T.);
#650=ORIENTED_EDGE('',*,*,#1021,.F.);
#651=ORIENTED_EDGE('',*,*,#1222,.F.);
#652=ORIENTED_EDGE('',*,*,#1223,.T.);
#653=ORIENTED_EDGE('',*,*,#1220,.T.);
#654=ORIENTED_EDGE('',*,*,#1020,.F.);
#655=ORIENTED_EDGE('',*,*,#1224,.F.);
#656=ORIENTED_EDGE('',*,*,#1225,.T.);
#657=ORIENTED_EDGE('',*,*,#1222,.T.);
#658=ORIENTED_EDGE('',*,*,#1019,.F.);
#659=ORIENTED_EDGE('',*,*,#1226,.F.);
#660=ORIENTED_EDGE('',*,*,#1227,.T.);
#661=ORIENTED_EDGE('',*,*,#1224,.T.);
#662=ORIENTED_EDGE('',*,*,#1018,.F.);
#663=ORIENTED_EDGE('',*,*,#1228,.F.);
#664=ORIENTED_EDGE('',*,*,#1229,.T.);
#665=ORIENTED_EDGE('',*,*,#1226,.T.);
#666=ORIENTED_EDGE('',*,*,#1017,.F.);
#667=ORIENTED_EDGE('',*,*,#1230,.F.);
#668=ORIENTED_EDGE('',*,*,#1231,.T.);
#669=ORIENTED_EDGE('',*,*,#1228,.T.);
#670=ORIENTED_EDGE('',*,*,#1016,.F.);
#671=ORIENTED_EDGE('',*,*,#1232,.F.);
#672=ORIENTED_EDGE('',*,*,#1233,.T.);
#673=ORIENTED_EDGE('',*,*,#1230,.T.);
#674=ORIENTED_EDGE('',*,*,#1015,.F.);
#675=ORIENTED_EDGE('',*,*,#1175,.F.);
#676=ORIENTED_EDGE('',*,*,#1234,.T.);
#677=ORIENTED_EDGE('',*,*,#1232,.T.);
#678=ORIENTED_EDGE('',*,*,#1174,.F.);
#679=ORIENTED_EDGE('',*,*,#1177,.F.);
#680=ORIENTED_EDGE('',*,*,#1179,.F.);
#681=ORIENTED_EDGE('',*,*,#1181,.F.);
#682=ORIENTED_EDGE('',*,*,#1183,.F.);
#683=ORIENTED_EDGE('',*,*,#1185,.F.);
#684=ORIENTED_EDGE('',*,*,#1187,.F.);
#685=ORIENTED_EDGE('',*,*,#1189,.F.);
#686=ORIENTED_EDGE('',*,*,#1191,.F.);
#687=ORIENTED_EDGE('',*,*,#1193,.F.);
#688=ORIENTED_EDGE('',*,*,#1195,.F.);
#689=ORIENTED_EDGE('',*,*,#1197,.F.);
#690=ORIENTED_EDGE('',*,*,#1199,.F.);
#691=ORIENTED_EDGE('',*,*,#1201,.F.);
#692=ORIENTED_EDGE('',*,*,#1203,.F.);
#693=ORIENTED_EDGE('',*,*,#1205,.F.);
#694=ORIENTED_EDGE('',*,*,#1207,.F.);
#695=ORIENTED_EDGE('',*,*,#1209,.F.);
#696=ORIENTED_EDGE('',*,*,#1211,.F.);
#697=ORIENTED_EDGE('',*,*,#1213,.F.);
#698=ORIENTED_EDGE('',*,*,#1215,.F.);
#699=ORIENTED_EDGE('',*,*,#1217,.F.);
#700=ORIENTED_EDGE('',*,*,#1219,.F.);
#701=ORIENTED_EDGE('',*,*,#1221,.F.);
#702=ORIENTED_EDGE('',*,*,#1223,.F.);
#703=ORIENTED_EDGE('',*,*,#1225,.F.);
#704=ORIENTED_EDGE('',*,*,#1227,.F.);
#705=ORIENTED_EDGE('',*,*,#1229,.F.);
#706=ORIENTED_EDGE('',*,*,#1231,.F.);
#707=ORIENTED_EDGE('',*,*,#1233,.F.);
#708=ORIENTED_EDGE('',*,*,#1234,.F.);
#709=ORIENTED_EDGE('',*,*,#998,.F.);
#710=ORIENTED_EDGE('',*,*,#1235,.F.);
#711=ORIENTED_EDGE('',*,*,#1236,.T.);
#712=ORIENTED_EDGE('',*,*,#1237,.T.);
#713=ORIENTED_EDGE('',*,*,#997,.F.);
#714=ORIENTED_EDGE('',*,*,#1238,.F.);
#715=ORIENTED_EDGE('',*,*,#1239,.T.);
#716=ORIENTED_EDGE('',*,*,#1235,.T.);
#717=ORIENTED_EDGE('',*,*,#1012,.F.);
#718=ORIENTED_EDGE('',*,*,#1240,.F.);
#719=ORIENTED_EDGE('',*,*,#1241,.T.);
#720=ORIENTED_EDGE('',*,*,#1238,.T.);
#721=ORIENTED_EDGE('',*,*,#1011,.F.);
#722=ORIENTED_EDGE('',*,*,#1242,.F.);
#723=ORIENTED_EDGE('',*,*,#1243,.T.);
#724=ORIENTED_EDGE('',*,*,#1240,.T.);
#725=ORIENTED_EDGE('',*,*,#1010,.F.);
#726=ORIENTED_EDGE('',*,*,#1244,.F.);
#727=ORIENTED_EDGE('',*,*,#1245,.T.);
#728=ORIENTED_EDGE('',*,*,#1242,.T.);
#729=ORIENTED_EDGE('',*,*,#1009,.F.);
#730=ORIENTED_EDGE('',*,*,#1246,.F.);
#731=ORIENTED_EDGE('',*,*,#1247,.T.);
#732=ORIENTED_EDGE('',*,*,#1244,.T.);
#733=ORIENTED_EDGE('',*,*,#1008,.F.);
#734=ORIENTED_EDGE('',*,*,#1248,.F.);
#735=ORIENTED_EDGE('',*,*,#1249,.T.);
#736=ORIENTED_EDGE('',*,*,#1246,.T.);
#737=ORIENTED_EDGE('',*,*,#1007,.F.);
#738=ORIENTED_EDGE('',*,*,#1250,.F.);
#739=ORIENTED_EDGE('',*,*,#1251,.T.);
#740=ORIENTED_EDGE('',*,*,#1248,.T.);
#741=ORIENTED_EDGE('',*,*,#1006,.F.);
#742=ORIENTED_EDGE('',*,*,#1252,.F.);
#743=ORIENTED_EDGE('',*,*,#1253,.T.);
#744=ORIENTED_EDGE('',*,*,#1250,.T.);
#745=ORIENTED_EDGE('',*,*,#1005,.F.);
#746=ORIENTED_EDGE('',*,*,#1254,.F.);
#747=ORIENTED_EDGE('',*,*,#1255,.T.);
#748=ORIENTED_EDGE('',*,*,#1252,.T.);
#749=ORIENTED_EDGE('',*,*,#1004,.F.);
#750=ORIENTED_EDGE('',*,*,#1256,.F.);
#751=ORIENTED_EDGE('',*,*,#1257,.T.);
#752=ORIENTED_EDGE('',*,*,#1254,.T.);
#753=ORIENTED_EDGE('',*,*,#1003,.F.);
#754=ORIENTED_EDGE('',*,*,#1258,.F.);
#755=ORIENTED_EDGE('',*,*,#1259,.T.);
#756=ORIENTED_EDGE('',*,*,#1256,.T.);
#757=ORIENTED_EDGE('',*,*,#1002,.F.);
#758=ORIENTED_EDGE('',*,*,#1260,.F.);
#759=ORIENTED_EDGE('',*,*,#1261,.T.);
#760=ORIENTED_EDGE('',*,*,#1258,.T.);
#761=ORIENTED_EDGE('',*,*,#1001,.F.);
#762=ORIENTED_EDGE('',*,*,#1262,.F.);
#763=ORIENTED_EDGE('',*,*,#1263,.T.);
#764=ORIENTED_EDGE('',*,*,#1260,.T.);
#765=ORIENTED_EDGE('',*,*,#1000,.F.);
#766=ORIENTED_EDGE('',*,*,#1264,.F.);
#767=ORIENTED_EDGE('',*,*,#1265,.T.);
#768=ORIENTED_EDGE('',*,*,#1262,.T.);
#769=ORIENTED_EDGE('',*,*,#999,.F.);
#770=ORIENTED_EDGE('',*,*,#1237,.F.);
#771=ORIENTED_EDGE('',*,*,#1266,.T.);
#772=ORIENTED_EDGE('',*,*,#1264,.T.);
#773=ORIENTED_EDGE('',*,*,#1236,.F.);
#774=ORIENTED_EDGE('',*,*,#1239,.F.);
#775=ORIENTED_EDGE('',*,*,#1241,.F.);
#776=ORIENTED_EDGE('',*,*,#1243,.F.);
#777=ORIENTED_EDGE('',*,*,#1245,.F.);
#778=ORIENTED_EDGE('',*,*,#1247,.F.);
#779=ORIENTED_EDGE('',*,*,#1249,.F.);
#780=ORIENTED_EDGE('',*,*,#1251,.F.);
#781=ORIENTED_EDGE('',*,*,#1253,.F.);
#782=ORIENTED_EDGE('',*,*,#1255,.F.);
#783=ORIENTED_EDGE('',*,*,#1257,.F.);
#784=ORIENTED_EDGE('',*,*,#1259,.F.);
#785=ORIENTED_EDGE('',*,*,#1261,.F.);
#786=ORIENTED_EDGE('',*,*,#1263,.F.);
#787=ORIENTED_EDGE('',*,*,#1265,.F.);
#788=ORIENTED_EDGE('',*,*,#1266,.F.);
#789=ORIENTED_EDGE('',*,*,#975,.F.);
#790=ORIENTED_EDGE('',*,*,#1267,.F.);
#791=ORIENTED_EDGE('',*,*,#1268,.T.);
#792=ORIENTED_EDGE('',*,*,#1269,.T.);
#793=ORIENTED_EDGE('',*,*,#974,.F.);
#794=ORIENTED_EDGE('',*,*,#1270,.F.);
#795=ORIENTED_EDGE('',*,*,#1271,.T.);
#796=ORIENTED_EDGE('',*,*,#1267,.T.);
#797=ORIENTED_EDGE('',*,*,#996,.F.);
#798=ORIENTED_EDGE('',*,*,#1272,.F.);
#799=ORIENTED_EDGE('',*,*,#1273,.T.);
#800=ORIENTED_EDGE('',*,*,#1270,.T.);
#801=ORIENTED_EDGE('',*,*,#995,.F.);
#802=ORIENTED_EDGE('',*,*,#1274,.F.);
#803=ORIENTED_EDGE('',*,*,#1275,.T.);
#804=ORIENTED_EDGE('',*,*,#1272,.T.);
#805=ORIENTED_EDGE('',*,*,#994,.F.);
#806=ORIENTED_EDGE('',*,*,#1276,.F.);
#807=ORIENTED_EDGE('',*,*,#1277,.T.);
#808=ORIENTED_EDGE('',*,*,#1274,.T.);
#809=ORIENTED_EDGE('',*,*,#993,.F.);
#810=ORIENTED_EDGE('',*,*,#1278,.F.);
#811=ORIENTED_EDGE('',*,*,#1279,.T.);
#812=ORIENTED_EDGE('',*,*,#1276,.T.);
#813=ORIENTED_EDGE('',*,*,#992,.F.);
#814=ORIENTED_EDGE('',*,*,#1280,.F.);
#815=ORIENTED_EDGE('',*,*,#1281,.T.);
#816=ORIENTED_EDGE('',*,*,#1278,.T.);
#817=ORIENTED_EDGE('',*,*,#991,.F.);
#818=ORIENTED_EDGE('',*,*,#1282,.F.);
#819=ORIENTED_EDGE('',*,*,#1283,.T.);
#820=ORIENTED_EDGE('',*,*,#1280,.T.);
#821=ORIENTED_EDGE('',*,*,#990,.F.);
#822=ORIENTED_EDGE('',*,*,#1284,.F.);
#823=ORIENTED_EDGE('',*,*,#1285,.T.);
#824=ORIENTED_EDGE('',*,*,#1282,.T.);
#825=ORIENTED_EDGE('',*,*,#989,.F.);
#826=ORIENTED_EDGE('',*,*,#1286,.F.);
#827=ORIENTED_EDGE('',*,*,#1287,.T.);
#828=ORIENTED_EDGE('',*,*,#1284,.T.);
#829=ORIENTED_EDGE('',*,*,#988,.F.);
#830=ORIENTED_EDGE('',*,*,#1288,.F.);
#831=ORIENTED_EDGE('',*,*,#1289,.T.);
#832=ORIENTED_EDGE('',*,*,#1286,.T.);
#833=ORIENTED_EDGE('',*,*,#987,.F.);
#834=ORIENTED_EDGE('',*,*,#1290,.F.);
#835=ORIENTED_EDGE('',*,*,#1291,.T.);
#836=ORIENTED_EDGE('',*,*,#1288,.T.);
#837=ORIENTED_EDGE('',*,*,#986,.F.);
#838=ORIENTED_EDGE('',*,*,#1292,.F.);
#839=ORIENTED_EDGE('',*,*,#1293,.T.);
#840=ORIENTED_EDGE('',*,*,#1290,.T.);
#841=ORIENTED_EDGE('',*,*,#985,.F.);
#842=ORIENTED_EDGE('',*,*,#1294,.F.);
#843=ORIENTED_EDGE('',*,*,#1295,.T.);
#844=ORIENTED_EDGE('',*,*,#1292,.T.);
#845=ORIENTED_EDGE('',*,*,#984,.F.);
#846=ORIENTED_EDGE('',*,*,#1296,.F.);
#847=ORIENTED_EDGE('',*,*,#1297,.T.);
#848=ORIENTED_EDGE('',*,*,#1294,.T.);
#849=ORIENTED_EDGE('',*,*,#983,.F.);
#850=ORIENTED_EDGE('',*,*,#1298,.F.);
#851=ORIENTED_EDGE('',*,*,#1299,.T.);
#852=ORIENTED_EDGE('',*,*,#1296,.T.);
#853=ORIENTED_EDGE('',*,*,#982,.F.);
#854=ORIENTED_EDGE('',*,*,#1300,.F.);
#855=ORIENTED_EDGE('',*,*,#1301,.T.);
#856=ORIENTED_EDGE('',*,*,#1298,.T.);
#857=ORIENTED_EDGE('',*,*,#981,.F.);
#858=ORIENTED_EDGE('',*,*,#1302,.F.);
#859=ORIENTED_EDGE('',*,*,#1303,.T.);
#860=ORIENTED_EDGE('',*,*,#1300,.T.);
#861=ORIENTED_EDGE('',*,*,#980,.F.);
#862=ORIENTED_EDGE('',*,*,#1304,.F.);
#863=ORIENTED_EDGE('',*,*,#1305,.T.);
#864=ORIENTED_EDGE('',*,*,#1302,.T.);
#865=ORIENTED_EDGE('',*,*,#979,.F.);
#866=ORIENTED_EDGE('',*,*,#1306,.F.);
#867=ORIENTED_EDGE('',*,*,#1307,.T.);
#868=ORIENTED_EDGE('',*,*,#1304,.T.);
#869=ORIENTED_EDGE('',*,*,#978,.F.);
#870=ORIENTED_EDGE('',*,*,#1308,.F.);
#871=ORIENTED_EDGE('',*,*,#1309,.T.);
#872=ORIENTED_EDGE('',*,*,#1306,.T.);
#873=ORIENTED_EDGE('',*,*,#977,.F.);
#874=ORIENTED_EDGE('',*,*,#1310,.F.);
#875=ORIENTED_EDGE('',*,*,#1311,.T.);
#876=ORIENTED_EDGE('',*,*,#1308,.T.);
#877=ORIENTED_EDGE('',*,*,#1312,.F.);
#878=ORIENTED_EDGE('',*,*,#1313,.F.);
#879=ORIENTED_EDGE('',*,*,#1314,.T.);
#880=ORIENTED_EDGE('',*,*,#1315,.T.);
#881=ORIENTED_EDGE('',*,*,#1316,.F.);
#882=ORIENTED_EDGE('',*,*,#1317,.F.);
#883=ORIENTED_EDGE('',*,*,#1318,.T.);
#884=ORIENTED_EDGE('',*,*,#1313,.T.);
#885=ORIENTED_EDGE('',*,*,#1319,.F.);
#886=ORIENTED_EDGE('',*,*,#1320,.F.);
#887=ORIENTED_EDGE('',*,*,#1321,.T.);
#888=ORIENTED_EDGE('',*,*,#1317,.T.);
#889=ORIENTED_EDGE('',*,*,#1322,.F.);
#890=ORIENTED_EDGE('',*,*,#1323,.F.);
#891=ORIENTED_EDGE('',*,*,#1324,.T.);
#892=ORIENTED_EDGE('',*,*,#1320,.T.);
#893=ORIENTED_EDGE('',*,*,#1325,.F.);
#894=ORIENTED_EDGE('',*,*,#1326,.F.);
#895=ORIENTED_EDGE('',*,*,#1327,.T.);
#896=ORIENTED_EDGE('',*,*,#1323,.T.);
#897=ORIENTED_EDGE('',*,*,#1328,.F.);
#898=ORIENTED_EDGE('',*,*,#1329,.F.);
#899=ORIENTED_EDGE('',*,*,#1330,.T.);
#900=ORIENTED_EDGE('',*,*,#1326,.T.);
#901=ORIENTED_EDGE('',*,*,#1331,.F.);
#902=ORIENTED_EDGE('',*,*,#1315,.F.);
#903=ORIENTED_EDGE('',*,*,#1332,.T.);
#904=ORIENTED_EDGE('',*,*,#1329,.T.);
#905=ORIENTED_EDGE('',*,*,#976,.F.);
#906=ORIENTED_EDGE('',*,*,#1269,.F.);
#907=ORIENTED_EDGE('',*,*,#1333,.T.);
#908=ORIENTED_EDGE('',*,*,#1310,.T.);
#909=ORIENTED_EDGE('',*,*,#1314,.F.);
#910=ORIENTED_EDGE('',*,*,#1318,.F.);
#911=ORIENTED_EDGE('',*,*,#1321,.F.);
#912=ORIENTED_EDGE('',*,*,#1324,.F.);
#913=ORIENTED_EDGE('',*,*,#1327,.F.);
#914=ORIENTED_EDGE('',*,*,#1330,.F.);
#915=ORIENTED_EDGE('',*,*,#1332,.F.);
#916=ORIENTED_EDGE('',*,*,#1268,.F.);
#917=ORIENTED_EDGE('',*,*,#1271,.F.);
#918=ORIENTED_EDGE('',*,*,#1273,.F.);
#919=ORIENTED_EDGE('',*,*,#1275,.F.);
#920=ORIENTED_EDGE('',*,*,#1277,.F.);
#921=ORIENTED_EDGE('',*,*,#1279,.F.);
#922=ORIENTED_EDGE('',*,*,#1281,.F.);
#923=ORIENTED_EDGE('',*,*,#1283,.F.);
#924=ORIENTED_EDGE('',*,*,#1285,.F.);
#925=ORIENTED_EDGE('',*,*,#1287,.F.);
#926=ORIENTED_EDGE('',*,*,#1289,.F.);
#927=ORIENTED_EDGE('',*,*,#1291,.F.);
#928=ORIENTED_EDGE('',*,*,#1293,.F.);
#929=ORIENTED_EDGE('',*,*,#1295,.F.);
#930=ORIENTED_EDGE('',*,*,#1297,.F.);
#931=ORIENTED_EDGE('',*,*,#1299,.F.);
#932=ORIENTED_EDGE('',*,*,#1301,.F.);
#933=ORIENTED_EDGE('',*,*,#1303,.F.);
#934=ORIENTED_EDGE('',*,*,#1305,.F.);
#935=ORIENTED_EDGE('',*,*,#1307,.F.);
#936=ORIENTED_EDGE('',*,*,#1309,.F.);
#937=ORIENTED_EDGE('',*,*,#1311,.F.);
#938=ORIENTED_EDGE('',*,*,#1333,.F.);
#939=ORIENTED_EDGE('',*,*,#1316,.T.);
#940=ORIENTED_EDGE('',*,*,#1312,.T.);
#941=ORIENTED_EDGE('',*,*,#1331,.T.);
#942=ORIENTED_EDGE('',*,*,#1328,.T.);
#943=ORIENTED_EDGE('',*,*,#1325,.T.);
#944=ORIENTED_EDGE('',*,*,#1322,.T.);
#945=ORIENTED_EDGE('',*,*,#1319,.T.);
#946=ORIENTED_EDGE('',*,*,#971,.F.);
#947=ORIENTED_EDGE('',*,*,#1334,.F.);
#948=ORIENTED_EDGE('',*,*,#1335,.T.);
#949=ORIENTED_EDGE('',*,*,#1336,.T.);
#950=ORIENTED_EDGE('',*,*,#970,.F.);
#951=ORIENTED_EDGE('',*,*,#1337,.F.);
#952=ORIENTED_EDGE('',*,*,#1338,.T.);
#953=ORIENTED_EDGE('',*,*,#1334,.T.);
#954=ORIENTED_EDGE('',*,*,#973,.F.);
#955=ORIENTED_EDGE('',*,*,#1339,.F.);
#956=ORIENTED_EDGE('',*,*,#1340,.T.);
#957=ORIENTED_EDGE('',*,*,#1337,.T.);
#958=ORIENTED_EDGE('',*,*,#972,.F.);
#959=ORIENTED_EDGE('',*,*,#1336,.F.);
#960=ORIENTED_EDGE('',*,*,#1341,.T.);
#961=ORIENTED_EDGE('',*,*,#1339,.T.);
#962=ORIENTED_EDGE('',*,*,#1335,.F.);
#963=ORIENTED_EDGE('',*,*,#1338,.F.);
#964=ORIENTED_EDGE('',*,*,#1340,.F.);
#965=ORIENTED_EDGE('',*,*,#1341,.F.);
#966=ORIENTED_EDGE('',*,*,#1149,.T.);
#967=ORIENTED_EDGE('',*,*,#1145,.T.);
#968=ORIENTED_EDGE('',*,*,#1171,.T.);
#969=ORIENTED_EDGE('',*,*,#1152,.T.);
#970=EDGE_CURVE('',#1342,#1343,#1590,.T.);
#971=EDGE_CURVE('',#1343,#1344,#1591,.T.);
#972=EDGE_CURVE('',#1344,#1345,#1592,.T.);
#973=EDGE_CURVE('',#1345,#1342,#1593,.T.);
#974=EDGE_CURVE('',#1346,#1347,#1594,.T.);
#975=EDGE_CURVE('',#1347,#1348,#1595,.T.);
#976=EDGE_CURVE('',#1348,#1349,#114,.T.);
#977=EDGE_CURVE('',#1349,#1350,#84,.T.);
#978=EDGE_CURVE('',#1350,#1351,#115,.T.);
#979=EDGE_CURVE('',#1351,#1352,#116,.T.);
#980=EDGE_CURVE('',#1352,#1353,#85,.T.);
#981=EDGE_CURVE('',#1353,#1354,#86,.T.);
#982=EDGE_CURVE('',#1354,#1355,#1596,.T.);
#983=EDGE_CURVE('',#1355,#1356,#117,.T.);
#984=EDGE_CURVE('',#1356,#1357,#118,.T.);
#985=EDGE_CURVE('',#1357,#1358,#119,.T.);
#986=EDGE_CURVE('',#1358,#1359,#120,.T.);
#987=EDGE_CURVE('',#1359,#1360,#121,.T.);
#988=EDGE_CURVE('',#1360,#1361,#122,.T.);
#989=EDGE_CURVE('',#1361,#1362,#123,.T.);
#990=EDGE_CURVE('',#1362,#1363,#124,.T.);
#991=EDGE_CURVE('',#1363,#1364,#125,.T.);
#992=EDGE_CURVE('',#1364,#1365,#126,.T.);
#993=EDGE_CURVE('',#1365,#1366,#87,.F.);
#994=EDGE_CURVE('',#1366,#1367,#127,.T.);
#995=EDGE_CURVE('',#1367,#1368,#128,.T.);
#996=EDGE_CURVE('',#1368,#1346,#1597,.T.);
#997=EDGE_CURVE('',#1369,#1370,#1598,.T.);
#998=EDGE_CURVE('',#1370,#1371,#1599,.T.);
#999=EDGE_CURVE('',#1371,#1372,#1600,.T.);
#1000=EDGE_CURVE('',#1372,#1373,#1601,.T.);
#1001=EDGE_CURVE('',#1373,#1374,#1602,.T.);
#1002=EDGE_CURVE('',#1374,#1375,#129,.T.);
#1003=EDGE_CURVE('',#1375,#1376,#130,.T.);
#1004=EDGE_CURVE('',#1376,#1377,#88,.F.);
#1005=EDGE_CURVE('',#1377,#1378,#89,.F.);
#1006=EDGE_CURVE('',#1378,#1379,#1603,.T.);
#1007=EDGE_CURVE('',#1379,#1380,#90,.T.);
#1008=EDGE_CURVE('',#1380,#1381,#91,.T.);
#1009=EDGE_CURVE('',#1381,#1382,#131,.T.);
#1010=EDGE_CURVE('',#1382,#1383,#92,.T.);
#1011=EDGE_CURVE('',#1383,#1384,#132,.T.);
#1012=EDGE_CURVE('',#1384,#1369,#1604,.T.);
#1013=EDGE_CURVE('',#1385,#1386,#133,.T.);
#1014=EDGE_CURVE('',#1386,#1387,#1605,.T.);
#1015=EDGE_CURVE('',#1387,#1388,#93,.T.);
#1016=EDGE_CURVE('',#1388,#1389,#94,.T.);
#1017=EDGE_CURVE('',#1389,#1390,#134,.T.);
#1018=EDGE_CURVE('',#1390,#1391,#135,.T.);
#1019=EDGE_CURVE('',#1391,#1392,#136,.T.);
#1020=EDGE_CURVE('',#1392,#1393,#137,.T.);
#1021=EDGE_CURVE('',#1393,#1394,#138,.T.);
#1022=EDGE_CURVE('',#1394,#1395,#1606,.T.);
#1023=EDGE_CURVE('',#1395,#1396,#139,.T.);
#1024=EDGE_CURVE('',#1396,#1397,#140,.T.);
#1025=EDGE_CURVE('',#1397,#1398,#141,.T.);
#1026=EDGE_CURVE('',#1398,#1399,#142,.T.);
#1027=EDGE_CURVE('',#1399,#1400,#143,.T.);
#1028=EDGE_CURVE('',#1400,#1401,#144,.T.);
#1029=EDGE_CURVE('',#1401,#1402,#145,.T.);
#1030=EDGE_CURVE('',#1402,#1403,#1607,.T.);
#1031=EDGE_CURVE('',#1403,#1404,#146,.T.);
#1032=EDGE_CURVE('',#1404,#1405,#147,.T.);
#1033=EDGE_CURVE('',#1405,#1406,#148,.T.);
#1034=EDGE_CURVE('',#1406,#1407,#149,.T.);
#1035=EDGE_CURVE('',#1407,#1408,#150,.T.);
#1036=EDGE_CURVE('',#1408,#1409,#151,.T.);
#1037=EDGE_CURVE('',#1409,#1410,#1608,.T.);
#1038=EDGE_CURVE('',#1410,#1411,#152,.T.);
#1039=EDGE_CURVE('',#1411,#1412,#153,.T.);
#1040=EDGE_CURVE('',#1412,#1413,#154,.T.);
#1041=EDGE_CURVE('',#1413,#1414,#155,.T.);
#1042=EDGE_CURVE('',#1414,#1415,#156,.T.);
#1043=EDGE_CURVE('',#1415,#1385,#157,.T.);
#1044=EDGE_CURVE('',#1416,#1417,#1609,.T.);
#1045=EDGE_CURVE('',#1417,#1418,#1610,.T.);
#1046=EDGE_CURVE('',#1418,#1419,#1611,.F.);
#1047=EDGE_CURVE('',#1419,#1420,#1612,.T.);
#1048=EDGE_CURVE('',#1420,#1421,#1613,.T.);
#1049=EDGE_CURVE('',#1422,#1421,#1614,.T.);
#1050=EDGE_CURVE('',#1422,#1423,#1615,.T.);
#1051=EDGE_CURVE('',#1423,#1424,#1616,.T.);
#1052=EDGE_CURVE('',#1425,#1424,#1617,.T.);
#1053=EDGE_CURVE('',#1426,#1425,#1618,.T.);
#1054=EDGE_CURVE('',#1426,#1427,#1619,.F.);
#1055=EDGE_CURVE('',#1427,#1428,#158,.T.);
#1056=EDGE_CURVE('',#1428,#1429,#159,.T.);
#1057=EDGE_CURVE('',#1429,#1430,#160,.T.);
#1058=EDGE_CURVE('',#1430,#1431,#161,.T.);
#1059=EDGE_CURVE('',#1431,#1432,#162,.T.);
#1060=EDGE_CURVE('',#1432,#1433,#163,.T.);
#1061=EDGE_CURVE('',#1433,#1434,#1620,.F.);
#1062=EDGE_CURVE('',#1434,#1435,#1621,.T.);
#1063=EDGE_CURVE('',#1435,#1436,#1622,.T.);
#1064=EDGE_CURVE('',#1436,#1437,#1623,.T.);
#1065=EDGE_CURVE('',#1437,#1438,#1624,.T.);
#1066=EDGE_CURVE('',#1438,#1416,#1625,.T.);
#1067=EDGE_CURVE('',#1439,#1440,#1626,.T.);
#1068=EDGE_CURVE('',#1440,#1434,#67,.F.);
#1069=EDGE_CURVE('',#1433,#1441,#164,.T.);
#1070=EDGE_CURVE('',#1441,#1442,#165,.T.);
#1071=EDGE_CURVE('',#1442,#1443,#166,.T.);
#1072=EDGE_CURVE('',#1443,#1427,#167,.T.);
#1073=EDGE_CURVE('',#1444,#1426,#95,.T.);
#1074=EDGE_CURVE('',#1445,#1444,#1627,.T.);
#1075=EDGE_CURVE('',#1419,#1445,#96,.F.);
#1076=EDGE_CURVE('',#1418,#1439,#68,.F.);
#1077=EDGE_CURVE('',#1445,#1446,#1628,.T.);
#1078=EDGE_CURVE('',#1446,#1447,#1629,.T.);
#1079=EDGE_CURVE('',#1448,#1447,#1630,.T.);
#1080=EDGE_CURVE('',#1449,#1448,#1631,.T.);
#1081=EDGE_CURVE('',#1450,#1449,#1632,.T.);
#1082=EDGE_CURVE('',#1450,#1451,#1633,.T.);
#1083=EDGE_CURVE('',#1420,#1451,#1634,.T.);
#1084=EDGE_CURVE('',#1452,#1453,#1635,.T.);
#1085=EDGE_CURVE('',#1453,#1454,#1636,.T.);
#1086=EDGE_CURVE('',#1455,#1454,#1637,.T.);
#1087=EDGE_CURVE('',#1452,#1455,#1638,.T.);
#1088=EDGE_CURVE('',#1450,#1456,#1639,.T.);
#1089=EDGE_CURVE('',#1449,#1457,#1640,.T.);
#1090=EDGE_CURVE('',#1457,#1458,#1641,.T.);
#1091=EDGE_CURVE('',#1458,#1459,#1642,.T.);
#1092=EDGE_CURVE('',#1460,#1459,#1643,.T.);
#1093=EDGE_CURVE('',#1460,#1461,#1644,.T.);
#1094=EDGE_CURVE('',#1462,#1461,#1645,.T.);
#1095=EDGE_CURVE('',#1463,#1462,#1646,.T.);
#1096=EDGE_CURVE('',#1423,#1463,#1647,.T.);
#1097=EDGE_CURVE('',#1422,#1456,#1648,.T.);
#1098=EDGE_CURVE('',#1444,#1464,#1649,.T.);
#1099=EDGE_CURVE('',#1425,#1465,#1650,.T.);
#1100=EDGE_CURVE('',#1462,#1465,#1651,.T.);
#1101=EDGE_CURVE('',#1461,#1466,#1652,.T.);
#1102=EDGE_CURVE('',#1466,#1467,#1653,.T.);
#1103=EDGE_CURVE('',#1464,#1467,#1654,.T.);
#1104=EDGE_CURVE('',#1446,#1464,#1655,.T.);
#1105=EDGE_CURVE('',#1458,#1468,#1656,.T.);
#1106=EDGE_CURVE('',#1447,#1468,#1657,.T.);
#1107=EDGE_CURVE('',#1467,#1469,#1658,.T.);
#1108=EDGE_CURVE('',#1459,#1469,#1659,.T.);
#1109=EDGE_CURVE('',#1470,#1469,#1660,.T.);
#1110=EDGE_CURVE('',#1460,#1470,#1661,.T.);
#1111=EDGE_CURVE('',#1466,#1470,#1662,.T.);
#1112=EDGE_CURVE('',#1471,#1468,#1663,.T.);
#1113=EDGE_CURVE('',#1448,#1471,#1664,.T.);
#1114=EDGE_CURVE('',#1457,#1471,#1665,.T.);
#1115=EDGE_CURVE('',#1463,#1472,#1666,.T.);
#1116=EDGE_CURVE('',#1424,#1472,#1667,.T.);
#1117=EDGE_CURVE('',#1465,#1472,#1668,.T.);
#1118=EDGE_CURVE('',#1451,#1473,#1669,.T.);
#1119=EDGE_CURVE('',#1421,#1473,#1670,.T.);
#1120=EDGE_CURVE('',#1456,#1473,#1671,.T.);
#1121=EDGE_CURVE('',#1474,#1452,#1672,.T.);
#1122=EDGE_CURVE('',#1474,#1475,#1673,.T.);
#1123=EDGE_CURVE('',#1475,#1453,#1674,.T.);
#1124=EDGE_CURVE('',#1476,#1455,#1675,.T.);
#1125=EDGE_CURVE('',#1474,#1476,#1676,.T.);
#1126=EDGE_CURVE('',#1477,#1454,#1677,.T.);
#1127=EDGE_CURVE('',#1476,#1477,#1678,.T.);
#1128=EDGE_CURVE('',#1475,#1477,#1679,.T.);
#1129=EDGE_CURVE('',#1478,#1432,#1680,.T.);
#1130=EDGE_CURVE('',#1478,#1479,#168,.T.);
#1131=EDGE_CURVE('',#1479,#1441,#1681,.T.);
#1132=EDGE_CURVE('',#1480,#1431,#1682,.T.);
#1133=EDGE_CURVE('',#1480,#1478,#169,.T.);
#1134=EDGE_CURVE('',#1481,#1430,#1683,.T.);
#1135=EDGE_CURVE('',#1481,#1480,#170,.T.);
#1136=EDGE_CURVE('',#1482,#1429,#1684,.T.);
#1137=EDGE_CURVE('',#1482,#1481,#171,.T.);
#1138=EDGE_CURVE('',#1483,#1428,#1685,.T.);
#1139=EDGE_CURVE('',#1483,#1482,#172,.T.);
#1140=EDGE_CURVE('',#1484,#1443,#1686,.T.);
#1141=EDGE_CURVE('',#1484,#1483,#173,.T.);
#1142=EDGE_CURVE('',#1485,#1442,#1687,.T.);
#1143=EDGE_CURVE('',#1485,#1484,#174,.T.);
#1144=EDGE_CURVE('',#1479,#1485,#175,.T.);
#1145=EDGE_CURVE('',#1486,#1487,#1688,.T.);
#1146=EDGE_CURVE('',#1488,#1486,#1689,.T.);
#1147=EDGE_CURVE('',#1488,#1489,#1690,.T.);
#1148=EDGE_CURVE('',#1489,#1487,#1691,.T.);
#1149=EDGE_CURVE('',#1490,#1486,#1692,.T.);
#1150=EDGE_CURVE('',#1491,#1490,#1693,.T.);
#1151=EDGE_CURVE('',#1491,#1488,#1694,.T.);
#1152=EDGE_CURVE('',#1492,#1490,#1695,.T.);
#1153=EDGE_CURVE('',#1493,#1492,#1696,.T.);
#1154=EDGE_CURVE('',#1493,#1491,#1697,.T.);
#1155=EDGE_CURVE('',#1494,#1438,#1698,.T.);
#1156=EDGE_CURVE('',#1494,#1495,#1699,.T.);
#1157=EDGE_CURVE('',#1495,#1416,#1700,.T.);
#1158=EDGE_CURVE('',#1496,#1437,#1701,.T.);
#1159=EDGE_CURVE('',#1496,#1494,#1702,.T.);
#1160=EDGE_CURVE('',#1497,#1436,#1703,.T.);
#1161=EDGE_CURVE('',#1497,#1496,#1704,.T.);
#1162=EDGE_CURVE('',#1498,#1435,#1705,.T.);
#1163=EDGE_CURVE('',#1498,#1497,#1706,.T.);
#1164=EDGE_CURVE('',#1499,#1440,#1707,.T.);
#1165=EDGE_CURVE('',#1499,#1498,#1708,.T.);
#1166=EDGE_CURVE('',#1500,#1439,#1709,.T.);
#1167=EDGE_CURVE('',#1500,#1499,#1710,.T.);
#1168=EDGE_CURVE('',#1501,#1417,#1711,.T.);
#1169=EDGE_CURVE('',#1501,#1500,#1712,.T.);
#1170=EDGE_CURVE('',#1495,#1501,#1713,.T.);
#1171=EDGE_CURVE('',#1487,#1492,#1714,.T.);
#1172=EDGE_CURVE('',#1489,#1493,#1715,.T.);
#1173=EDGE_CURVE('',#1502,#1386,#1716,.T.);
#1174=EDGE_CURVE('',#1502,#1503,#1717,.T.);
#1175=EDGE_CURVE('',#1503,#1387,#1718,.T.);
#1176=EDGE_CURVE('',#1504,#1385,#1719,.T.);
#1177=EDGE_CURVE('',#1504,#1502,#176,.T.);
#1178=EDGE_CURVE('',#1505,#1415,#1720,.T.);
#1179=EDGE_CURVE('',#1505,#1504,#177,.T.);
#1180=EDGE_CURVE('',#1506,#1414,#1721,.T.);
#1181=EDGE_CURVE('',#1506,#1505,#178,.T.);
#1182=EDGE_CURVE('',#1507,#1413,#1722,.T.);
#1183=EDGE_CURVE('',#1507,#1506,#179,.T.);
#1184=EDGE_CURVE('',#1508,#1412,#1723,.T.);
#1185=EDGE_CURVE('',#1508,#1507,#180,.T.);
#1186=EDGE_CURVE('',#1509,#1411,#1724,.T.);
#1187=EDGE_CURVE('',#1509,#1508,#181,.T.);
#1188=EDGE_CURVE('',#1510,#1410,#1725,.T.);
#1189=EDGE_CURVE('',#1510,#1509,#182,.T.);
#1190=EDGE_CURVE('',#1511,#1409,#1726,.T.);
#1191=EDGE_CURVE('',#1511,#1510,#1727,.T.);
#1192=EDGE_CURVE('',#1512,#1408,#1728,.T.);
#1193=EDGE_CURVE('',#1512,#1511,#183,.T.);
#1194=EDGE_CURVE('',#1513,#1407,#1729,.T.);
#1195=EDGE_CURVE('',#1513,#1512,#184,.T.);
#1196=EDGE_CURVE('',#1514,#1406,#1730,.T.);
#1197=EDGE_CURVE('',#1514,#1513,#185,.T.);
#1198=EDGE_CURVE('',#1515,#1405,#1731,.T.);
#1199=EDGE_CURVE('',#1515,#1514,#186,.T.);
#1200=EDGE_CURVE('',#1516,#1404,#1732,.T.);
#1201=EDGE_CURVE('',#1516,#1515,#187,.T.);
#1202=EDGE_CURVE('',#1517,#1403,#1733,.T.);
#1203=EDGE_CURVE('',#1517,#1516,#188,.T.);
#1204=EDGE_CURVE('',#1518,#1402,#1734,.T.);
#1205=EDGE_CURVE('',#1518,#1517,#1735,.T.);
#1206=EDGE_CURVE('',#1519,#1401,#1736,.T.);
#1207=EDGE_CURVE('',#1519,#1518,#189,.T.);
#1208=EDGE_CURVE('',#1520,#1400,#1737,.T.);
#1209=EDGE_CURVE('',#1520,#1519,#190,.T.);
#1210=EDGE_CURVE('',#1521,#1399,#1738,.T.);
#1211=EDGE_CURVE('',#1521,#1520,#191,.T.);
#1212=EDGE_CURVE('',#1522,#1398,#1739,.T.);
#1213=EDGE_CURVE('',#1522,#1521,#192,.T.);
#1214=EDGE_CURVE('',#1523,#1397,#1740,.T.);
#1215=EDGE_CURVE('',#1523,#1522,#193,.T.);
#1216=EDGE_CURVE('',#1524,#1396,#1741,.T.);
#1217=EDGE_CURVE('',#1524,#1523,#194,.T.);
#1218=EDGE_CURVE('',#1525,#1395,#1742,.T.);
#1219=EDGE_CURVE('',#1525,#1524,#195,.T.);
#1220=EDGE_CURVE('',#1526,#1394,#1743,.T.);
#1221=EDGE_CURVE('',#1526,#1525,#1744,.T.);
#1222=EDGE_CURVE('',#1527,#1393,#1745,.T.);
#1223=EDGE_CURVE('',#1527,#1526,#196,.T.);
#1224=EDGE_CURVE('',#1528,#1392,#1746,.T.);
#1225=EDGE_CURVE('',#1528,#1527,#197,.T.);
#1226=EDGE_CURVE('',#1529,#1391,#1747,.T.);
#1227=EDGE_CURVE('',#1529,#1528,#198,.T.);
#1228=EDGE_CURVE('',#1530,#1390,#1748,.T.);
#1229=EDGE_CURVE('',#1530,#1529,#199,.T.);
#1230=EDGE_CURVE('',#1531,#1389,#1749,.T.);
#1231=EDGE_CURVE('',#1531,#1530,#200,.T.);
#1232=EDGE_CURVE('',#1532,#1388,#1750,.T.);
#1233=EDGE_CURVE('',#1532,#1531,#97,.T.);
#1234=EDGE_CURVE('',#1503,#1532,#98,.T.);
#1235=EDGE_CURVE('',#1533,#1370,#1751,.T.);
#1236=EDGE_CURVE('',#1533,#1534,#1752,.T.);
#1237=EDGE_CURVE('',#1534,#1371,#1753,.T.);
#1238=EDGE_CURVE('',#1535,#1369,#1754,.T.);
#1239=EDGE_CURVE('',#1535,#1533,#1755,.T.);
#1240=EDGE_CURVE('',#1536,#1384,#1756,.T.);
#1241=EDGE_CURVE('',#1536,#1535,#1757,.T.);
#1242=EDGE_CURVE('',#1537,#1383,#1758,.T.);
#1243=EDGE_CURVE('',#1537,#1536,#201,.T.);
#1244=EDGE_CURVE('',#1538,#1382,#1759,.T.);
#1245=EDGE_CURVE('',#1538,#1537,#99,.T.);
#1246=EDGE_CURVE('',#1539,#1381,#1760,.T.);
#1247=EDGE_CURVE('',#1539,#1538,#202,.T.);
#1248=EDGE_CURVE('',#1540,#1380,#1761,.T.);
#1249=EDGE_CURVE('',#1540,#1539,#100,.T.);
#1250=EDGE_CURVE('',#1541,#1379,#1762,.T.);
#1251=EDGE_CURVE('',#1541,#1540,#101,.T.);
#1252=EDGE_CURVE('',#1542,#1378,#1763,.T.);
#1253=EDGE_CURVE('',#1542,#1541,#1764,.T.);
#1254=EDGE_CURVE('',#1543,#1377,#1765,.T.);
#1255=EDGE_CURVE('',#1543,#1542,#102,.F.);
#1256=EDGE_CURVE('',#1544,#1376,#1766,.T.);
#1257=EDGE_CURVE('',#1544,#1543,#103,.F.);
#1258=EDGE_CURVE('',#1545,#1375,#1767,.T.);
#1259=EDGE_CURVE('',#1545,#1544,#203,.T.);
#1260=EDGE_CURVE('',#1546,#1374,#1768,.T.);
#1261=EDGE_CURVE('',#1546,#1545,#204,.T.);
#1262=EDGE_CURVE('',#1547,#1373,#1769,.T.);
#1263=EDGE_CURVE('',#1547,#1546,#1770,.T.);
#1264=EDGE_CURVE('',#1548,#1372,#1771,.T.);
#1265=EDGE_CURVE('',#1548,#1547,#1772,.T.);
#1266=EDGE_CURVE('',#1534,#1548,#1773,.T.);
#1267=EDGE_CURVE('',#1549,#1347,#1774,.T.);
#1268=EDGE_CURVE('',#1549,#1550,#1775,.T.);
#1269=EDGE_CURVE('',#1550,#1348,#1776,.T.);
#1270=EDGE_CURVE('',#1551,#1346,#1777,.T.);
#1271=EDGE_CURVE('',#1551,#1549,#1778,.T.);
#1272=EDGE_CURVE('',#1552,#1368,#1779,.T.);
#1273=EDGE_CURVE('',#1552,#1551,#1780,.T.);
#1274=EDGE_CURVE('',#1553,#1367,#1781,.T.);
#1275=EDGE_CURVE('',#1553,#1552,#205,.T.);
#1276=EDGE_CURVE('',#1554,#1366,#1782,.T.);
#1277=EDGE_CURVE('',#1554,#1553,#206,.T.);
#1278=EDGE_CURVE('',#1555,#1365,#1783,.T.);
#1279=EDGE_CURVE('',#1555,#1554,#104,.F.);
#1280=EDGE_CURVE('',#1556,#1364,#1784,.T.);
#1281=EDGE_CURVE('',#1556,#1555,#207,.T.);
#1282=EDGE_CURVE('',#1557,#1363,#1785,.T.);
#1283=EDGE_CURVE('',#1557,#1556,#208,.T.);
#1284=EDGE_CURVE('',#1558,#1362,#1786,.T.);
#1285=EDGE_CURVE('',#1558,#1557,#209,.T.);
#1286=EDGE_CURVE('',#1559,#1361,#1787,.T.);
#1287=EDGE_CURVE('',#1559,#1558,#210,.T.);
#1288=EDGE_CURVE('',#1560,#1360,#1788,.T.);
#1289=EDGE_CURVE('',#1560,#1559,#211,.T.);
#1290=EDGE_CURVE('',#1561,#1359,#1789,.T.);
#1291=EDGE_CURVE('',#1561,#1560,#212,.T.);
#1292=EDGE_CURVE('',#1562,#1358,#1790,.T.);
#1293=EDGE_CURVE('',#1562,#1561,#213,.T.);
#1294=EDGE_CURVE('',#1563,#1357,#1791,.T.);
#1295=EDGE_CURVE('',#1563,#1562,#214,.T.);
#1296=EDGE_CURVE('',#1564,#1356,#1792,.T.);
#1297=EDGE_CURVE('',#1564,#1563,#215,.T.);
#1298=EDGE_CURVE('',#1565,#1355,#1793,.T.);
#1299=EDGE_CURVE('',#1565,#1564,#216,.T.);
#1300=EDGE_CURVE('',#1566,#1354,#1794,.T.);
#1301=EDGE_CURVE('',#1566,#1565,#1795,.T.);
#1302=EDGE_CURVE('',#1567,#1353,#1796,.T.);
#1303=EDGE_CURVE('',#1567,#1566,#105,.T.);
#1304=EDGE_CURVE('',#1568,#1352,#1797,.T.);
#1305=EDGE_CURVE('',#1568,#1567,#106,.T.);
#1306=EDGE_CURVE('',#1569,#1351,#1798,.T.);
#1307=EDGE_CURVE('',#1569,#1568,#217,.T.);
#1308=EDGE_CURVE('',#1570,#1350,#1799,.T.);
#1309=EDGE_CURVE('',#1570,#1569,#218,.T.);
#1310=EDGE_CURVE('',#1571,#1349,#1800,.T.);
#1311=EDGE_CURVE('',#1571,#1570,#107,.T.);
#1312=EDGE_CURVE('',#1572,#1573,#1801,.T.);
#1313=EDGE_CURVE('',#1574,#1572,#1802,.T.);
#1314=EDGE_CURVE('',#1574,#1575,#1803,.T.);
#1315=EDGE_CURVE('',#1575,#1573,#1804,.T.);
#1316=EDGE_CURVE('',#1576,#1572,#108,.T.);
#1317=EDGE_CURVE('',#1577,#1576,#1805,.T.);
#1318=EDGE_CURVE('',#1577,#1574,#109,.T.);
#1319=EDGE_CURVE('',#1578,#1576,#110,.T.);
#1320=EDGE_CURVE('',#1579,#1578,#1806,.T.);
#1321=EDGE_CURVE('',#1579,#1577,#111,.T.);
#1322=EDGE_CURVE('',#1580,#1578,#219,.T.);
#1323=EDGE_CURVE('',#1581,#1580,#1807,.T.);
#1324=EDGE_CURVE('',#1581,#1579,#220,.T.);
#1325=EDGE_CURVE('',#1582,#1580,#221,.T.);
#1326=EDGE_CURVE('',#1583,#1582,#1808,.T.);
#1327=EDGE_CURVE('',#1583,#1581,#222,.T.);
#1328=EDGE_CURVE('',#1584,#1582,#112,.T.);
#1329=EDGE_CURVE('',#1585,#1584,#1809,.T.);
#1330=EDGE_CURVE('',#1585,#1583,#113,.T.);
#1331=EDGE_CURVE('',#1573,#1584,#223,.T.);
#1332=EDGE_CURVE('',#1575,#1585,#224,.T.);
#1333=EDGE_CURVE('',#1550,#1571,#225,.T.);
#1334=EDGE_CURVE('',#1586,#1343,#1810,.T.);
#1335=EDGE_CURVE('',#1586,#1587,#1811,.T.);
#1336=EDGE_CURVE('',#1587,#1344,#1812,.T.);
#1337=EDGE_CURVE('',#1588,#1342,#1813,.T.);
#1338=EDGE_CURVE('',#1588,#1586,#1814,.T.);
#1339=EDGE_CURVE('',#1589,#1345,#1815,.T.);
#1340=EDGE_CURVE('',#1589,#1588,#1816,.T.);
#1341=EDGE_CURVE('',#1587,#1589,#1817,.T.);
#1342=VERTEX_POINT('',#3098);
#1343=VERTEX_POINT('',#3099);
#1344=VERTEX_POINT('',#3101);
#1345=VERTEX_POINT('',#3103);
#1346=VERTEX_POINT('',#3106);
#1347=VERTEX_POINT('',#3107);
#1348=VERTEX_POINT('',#3109);
#1349=VERTEX_POINT('',#3113);
#1350=VERTEX_POINT('',#3115);
#1351=VERTEX_POINT('',#3119);
#1352=VERTEX_POINT('',#3123);
#1353=VERTEX_POINT('',#3125);
#1354=VERTEX_POINT('',#3127);
#1355=VERTEX_POINT('',#3129);
#1356=VERTEX_POINT('',#3133);
#1357=VERTEX_POINT('',#3137);
#1358=VERTEX_POINT('',#3141);
#1359=VERTEX_POINT('',#3145);
#1360=VERTEX_POINT('',#3149);
#1361=VERTEX_POINT('',#3153);
#1362=VERTEX_POINT('',#3157);
#1363=VERTEX_POINT('',#3161);
#1364=VERTEX_POINT('',#3165);
#1365=VERTEX_POINT('',#3169);
#1366=VERTEX_POINT('',#3171);
#1367=VERTEX_POINT('',#3175);
#1368=VERTEX_POINT('',#3179);
#1369=VERTEX_POINT('',#3182);
#1370=VERTEX_POINT('',#3183);
#1371=VERTEX_POINT('',#3185);
#1372=VERTEX_POINT('',#3187);
#1373=VERTEX_POINT('',#3189);
#1374=VERTEX_POINT('',#3191);
#1375=VERTEX_POINT('',#3195);
#1376=VERTEX_POINT('',#3199);
#1377=VERTEX_POINT('',#3201);
#1378=VERTEX_POINT('',#3203);
#1379=VERTEX_POINT('',#3205);
#1380=VERTEX_POINT('',#3207);
#1381=VERTEX_POINT('',#3209);
#1382=VERTEX_POINT('',#3213);
#1383=VERTEX_POINT('',#3215);
#1384=VERTEX_POINT('',#3219);
#1385=VERTEX_POINT('',#3224);
#1386=VERTEX_POINT('',#3225);
#1387=VERTEX_POINT('',#3227);
#1388=VERTEX_POINT('',#3229);
#1389=VERTEX_POINT('',#3231);
#1390=VERTEX_POINT('',#3235);
#1391=VERTEX_POINT('',#3239);
#1392=VERTEX_POINT('',#3243);
#1393=VERTEX_POINT('',#3247);
#1394=VERTEX_POINT('',#3251);
#1395=VERTEX_POINT('',#3253);
#1396=VERTEX_POINT('',#3257);
#1397=VERTEX_POINT('',#3261);
#1398=VERTEX_POINT('',#3265);
#1399=VERTEX_POINT('',#3269);
#1400=VERTEX_POINT('',#3273);
#1401=VERTEX_POINT('',#3277);
#1402=VERTEX_POINT('',#3281);
#1403=VERTEX_POINT('',#3283);
#1404=VERTEX_POINT('',#3287);
#1405=VERTEX_POINT('',#3291);
#1406=VERTEX_POINT('',#3295);
#1407=VERTEX_POINT('',#3299);
#1408=VERTEX_POINT('',#3303);
#1409=VERTEX_POINT('',#3307);
#1410=VERTEX_POINT('',#3309);
#1411=VERTEX_POINT('',#3313);
#1412=VERTEX_POINT('',#3317);
#1413=VERTEX_POINT('',#3321);
#1414=VERTEX_POINT('',#3325);
#1415=VERTEX_POINT('',#3329);
#1416=VERTEX_POINT('',#3334);
#1417=VERTEX_POINT('',#3335);
#1418=VERTEX_POINT('',#3337);
#1419=VERTEX_POINT('',#3339);
#1420=VERTEX_POINT('',#3341);
#1421=VERTEX_POINT('',#3343);
#1422=VERTEX_POINT('',#3345);
#1423=VERTEX_POINT('',#3347);
#1424=VERTEX_POINT('',#3349);
#1425=VERTEX_POINT('',#3351);
#1426=VERTEX_POINT('',#3353);
#1427=VERTEX_POINT('',#3355);
#1428=VERTEX_POINT('',#3359);
#1429=VERTEX_POINT('',#3363);
#1430=VERTEX_POINT('',#3367);
#1431=VERTEX_POINT('',#3371);
#1432=VERTEX_POINT('',#3375);
#1433=VERTEX_POINT('',#3379);
#1434=VERTEX_POINT('',#3381);
#1435=VERTEX_POINT('',#3383);
#1436=VERTEX_POINT('',#3385);
#1437=VERTEX_POINT('',#3387);
#1438=VERTEX_POINT('',#3389);
#1439=VERTEX_POINT('',#3393);
#1440=VERTEX_POINT('',#3394);
#1441=VERTEX_POINT('',#3400);
#1442=VERTEX_POINT('',#3405);
#1443=VERTEX_POINT('',#3410);
#1444=VERTEX_POINT('',#3416);
#1445=VERTEX_POINT('',#3418);
#1446=VERTEX_POINT('',#3423);
#1447=VERTEX_POINT('',#3425);
#1448=VERTEX_POINT('',#3427);
#1449=VERTEX_POINT('',#3429);
#1450=VERTEX_POINT('',#3431);
#1451=VERTEX_POINT('',#3433);
#1452=VERTEX_POINT('',#3436);
#1453=VERTEX_POINT('',#3437);
#1454=VERTEX_POINT('',#3439);
#1455=VERTEX_POINT('',#3441);
#1456=VERTEX_POINT('',#3445);
#1457=VERTEX_POINT('',#3447);
#1458=VERTEX_POINT('',#3449);
#1459=VERTEX_POINT('',#3451);
#1460=VERTEX_POINT('',#3453);
#1461=VERTEX_POINT('',#3455);
#1462=VERTEX_POINT('',#3457);
#1463=VERTEX_POINT('',#3459);
#1464=VERTEX_POINT('',#3464);
#1465=VERTEX_POINT('',#3466);
#1466=VERTEX_POINT('',#3469);
#1467=VERTEX_POINT('',#3471);
#1468=VERTEX_POINT('',#3477);
#1469=VERTEX_POINT('',#3480);
#1470=VERTEX_POINT('',#3484);
#1471=VERTEX_POINT('',#3491);
#1472=VERTEX_POINT('',#3498);
#1473=VERTEX_POINT('',#3505);
#1474=VERTEX_POINT('',#3512);
#1475=VERTEX_POINT('',#3514);
#1476=VERTEX_POINT('',#3518);
#1477=VERTEX_POINT('',#3522);
#1478=VERTEX_POINT('',#3536);
#1479=VERTEX_POINT('',#3540);
#1480=VERTEX_POINT('',#3551);
#1481=VERTEX_POINT('',#3564);
#1482=VERTEX_POINT('',#3577);
#1483=VERTEX_POINT('',#3590);
#1484=VERTEX_POINT('',#3603);
#1485=VERTEX_POINT('',#3616);
#1486=VERTEX_POINT('',#3634);
#1487=VERTEX_POINT('',#3635);
#1488=VERTEX_POINT('',#3637);
#1489=VERTEX_POINT('',#3639);
#1490=VERTEX_POINT('',#3643);
#1491=VERTEX_POINT('',#3645);
#1492=VERTEX_POINT('',#3649);
#1493=VERTEX_POINT('',#3651);
#1494=VERTEX_POINT('',#3655);
#1495=VERTEX_POINT('',#3657);
#1496=VERTEX_POINT('',#3661);
#1497=VERTEX_POINT('',#3665);
#1498=VERTEX_POINT('',#3669);
#1499=VERTEX_POINT('',#3673);
#1500=VERTEX_POINT('',#3677);
#1501=VERTEX_POINT('',#3681);
#1502=VERTEX_POINT('',#3691);
#1503=VERTEX_POINT('',#3693);
#1504=VERTEX_POINT('',#3704);
#1505=VERTEX_POINT('',#3717);
#1506=VERTEX_POINT('',#3730);
#1507=VERTEX_POINT('',#3743);
#1508=VERTEX_POINT('',#3756);
#1509=VERTEX_POINT('',#3769);
#1510=VERTEX_POINT('',#3782);
#1511=VERTEX_POINT('',#3788);
#1512=VERTEX_POINT('',#3799);
#1513=VERTEX_POINT('',#3812);
#1514=VERTEX_POINT('',#3825);
#1515=VERTEX_POINT('',#3838);
#1516=VERTEX_POINT('',#3851);
#1517=VERTEX_POINT('',#3864);
#1518=VERTEX_POINT('',#3870);
#1519=VERTEX_POINT('',#3881);
#1520=VERTEX_POINT('',#3894);
#1521=VERTEX_POINT('',#3907);
#1522=VERTEX_POINT('',#3920);
#1523=VERTEX_POINT('',#3933);
#1524=VERTEX_POINT('',#3946);
#1525=VERTEX_POINT('',#3959);
#1526=VERTEX_POINT('',#3965);
#1527=VERTEX_POINT('',#3976);
#1528=VERTEX_POINT('',#3989);
#1529=VERTEX_POINT('',#4002);
#1530=VERTEX_POINT('',#4015);
#1531=VERTEX_POINT('',#4028);
#1532=VERTEX_POINT('',#4034);
#1533=VERTEX_POINT('',#4041);
#1534=VERTEX_POINT('',#4043);
#1535=VERTEX_POINT('',#4047);
#1536=VERTEX_POINT('',#4051);
#1537=VERTEX_POINT('',#4062);
#1538=VERTEX_POINT('',#4068);
#1539=VERTEX_POINT('',#4079);
#1540=VERTEX_POINT('',#4085);
#1541=VERTEX_POINT('',#4089);
#1542=VERTEX_POINT('',#4093);
#1543=VERTEX_POINT('',#4097);
#1544=VERTEX_POINT('',#4101);
#1545=VERTEX_POINT('',#4112);
#1546=VERTEX_POINT('',#4125);
#1547=VERTEX_POINT('',#4131);
#1548=VERTEX_POINT('',#4135);
#1549=VERTEX_POINT('',#4142);
#1550=VERTEX_POINT('',#4144);
#1551=VERTEX_POINT('',#4148);
#1552=VERTEX_POINT('',#4152);
#1553=VERTEX_POINT('',#4163);
#1554=VERTEX_POINT('',#4176);
#1555=VERTEX_POINT('',#4182);
#1556=VERTEX_POINT('',#4193);
#1557=VERTEX_POINT('',#4206);
#1558=VERTEX_POINT('',#4219);
#1559=VERTEX_POINT('',#4232);
#1560=VERTEX_POINT('',#4245);
#1561=VERTEX_POINT('',#4258);
#1562=VERTEX_POINT('',#4271);
#1563=VERTEX_POINT('',#4284);
#1564=VERTEX_POINT('',#4297);
#1565=VERTEX_POINT('',#4310);
#1566=VERTEX_POINT('',#4316);
#1567=VERTEX_POINT('',#4320);
#1568=VERTEX_POINT('',#4324);
#1569=VERTEX_POINT('',#4335);
#1570=VERTEX_POINT('',#4348);
#1571=VERTEX_POINT('',#4354);
#1572=VERTEX_POINT('',#4358);
#1573=VERTEX_POINT('',#4359);
#1574=VERTEX_POINT('',#4361);
#1575=VERTEX_POINT('',#4363);
#1576=VERTEX_POINT('',#4367);
#1577=VERTEX_POINT('',#4369);
#1578=VERTEX_POINT('',#4373);
#1579=VERTEX_POINT('',#4375);
#1580=VERTEX_POINT('',#4388);
#1581=VERTEX_POINT('',#4390);
#1582=VERTEX_POINT('',#4405);
#1583=VERTEX_POINT('',#4407);
#1584=VERTEX_POINT('',#4413);
#1585=VERTEX_POINT('',#4415);
#1586=VERTEX_POINT('',#4446);
#1587=VERTEX_POINT('',#4448);
#1588=VERTEX_POINT('',#4452);
#1589=VERTEX_POINT('',#4456);
#1590=LINE('',#3097,#1818);
#1591=LINE('',#3100,#1819);
#1592=LINE('',#3102,#1820);
#1593=LINE('',#3104,#1821);
#1594=LINE('',#3105,#1822);
#1595=LINE('',#3108,#1823);
#1596=LINE('',#3128,#1824);
#1597=LINE('',#3180,#1825);
#1598=LINE('',#3181,#1826);
#1599=LINE('',#3184,#1827);
#1600=LINE('',#3186,#1828);
#1601=LINE('',#3188,#1829);
#1602=LINE('',#3190,#1830);
#1603=LINE('',#3204,#1831);
#1604=LINE('',#3220,#1832);
#1605=LINE('',#3226,#1833);
#1606=LINE('',#3252,#1834);
#1607=LINE('',#3282,#1835);
#1608=LINE('',#3308,#1836);
#1609=LINE('',#3333,#1837);
#1610=LINE('',#3336,#1838);
#1611=LINE('',#3338,#1839);
#1612=LINE('',#3340,#1840);
#1613=LINE('',#3342,#1841);
#1614=LINE('',#3344,#1842);
#1615=LINE('',#3346,#1843);
#1616=LINE('',#3348,#1844);
#1617=LINE('',#3350,#1845);
#1618=LINE('',#3352,#1846);
#1619=LINE('',#3354,#1847);
#1620=LINE('',#3380,#1848);
#1621=LINE('',#3382,#1849);
#1622=LINE('',#3384,#1850);
#1623=LINE('',#3386,#1851);
#1624=LINE('',#3388,#1852);
#1625=LINE('',#3390,#1853);
#1626=LINE('',#3392,#1854);
#1627=LINE('',#3417,#1855);
#1628=LINE('',#3422,#1856);
#1629=LINE('',#3424,#1857);
#1630=LINE('',#3426,#1858);
#1631=LINE('',#3428,#1859);
#1632=LINE('',#3430,#1860);
#1633=LINE('',#3432,#1861);
#1634=LINE('',#3434,#1862);
#1635=LINE('',#3435,#1863);
#1636=LINE('',#3438,#1864);
#1637=LINE('',#3440,#1865);
#1638=LINE('',#3442,#1866);
#1639=LINE('',#3444,#1867);
#1640=LINE('',#3446,#1868);
#1641=LINE('',#3448,#1869);
#1642=LINE('',#3450,#1870);
#1643=LINE('',#3452,#1871);
#1644=LINE('',#3454,#1872);
#1645=LINE('',#3456,#1873);
#1646=LINE('',#3458,#1874);
#1647=LINE('',#3460,#1875);
#1648=LINE('',#3461,#1876);
#1649=LINE('',#3463,#1877);
#1650=LINE('',#3465,#1878);
#1651=LINE('',#3467,#1879);
#1652=LINE('',#3468,#1880);
#1653=LINE('',#3470,#1881);
#1654=LINE('',#3472,#1882);
#1655=LINE('',#3474,#1883);
#1656=LINE('',#3476,#1884);
#1657=LINE('',#3478,#1885);
#1658=LINE('',#3479,#1886);
#1659=LINE('',#3481,#1887);
#1660=LINE('',#3483,#1888);
#1661=LINE('',#3485,#1889);
#1662=LINE('',#3487,#1890);
#1663=LINE('',#3490,#1891);
#1664=LINE('',#3492,#1892);
#1665=LINE('',#3494,#1893);
#1666=LINE('',#3497,#1894);
#1667=LINE('',#3499,#1895);
#1668=LINE('',#3501,#1896);
#1669=LINE('',#3504,#1897);
#1670=LINE('',#3506,#1898);
#1671=LINE('',#3508,#1899);
#1672=LINE('',#3511,#1900);
#1673=LINE('',#3513,#1901);
#1674=LINE('',#3515,#1902);
#1675=LINE('',#3517,#1903);
#1676=LINE('',#3519,#1904);
#1677=LINE('',#3521,#1905);
#1678=LINE('',#3523,#1906);
#1679=LINE('',#3525,#1907);
#1680=LINE('',#3535,#1908);
#1681=LINE('',#3541,#1909);
#1682=LINE('',#3550,#1910);
#1683=LINE('',#3563,#1911);
#1684=LINE('',#3576,#1912);
#1685=LINE('',#3589,#1913);
#1686=LINE('',#3602,#1914);
#1687=LINE('',#3615,#1915);
#1688=LINE('',#3633,#1916);
#1689=LINE('',#3636,#1917);
#1690=LINE('',#3638,#1918);
#1691=LINE('',#3640,#1919);
#1692=LINE('',#3642,#1920);
#1693=LINE('',#3644,#1921);
#1694=LINE('',#3646,#1922);
#1695=LINE('',#3648,#1923);
#1696=LINE('',#3650,#1924);
#1697=LINE('',#3652,#1925);
#1698=LINE('',#3654,#1926);
#1699=LINE('',#3656,#1927);
#1700=LINE('',#3658,#1928);
#1701=LINE('',#3660,#1929);
#1702=LINE('',#3662,#1930);
#1703=LINE('',#3664,#1931);
#1704=LINE('',#3666,#1932);
#1705=LINE('',#3668,#1933);
#1706=LINE('',#3670,#1934);
#1707=LINE('',#3672,#1935);
#1708=LINE('',#3674,#1936);
#1709=LINE('',#3676,#1937);
#1710=LINE('',#3678,#1938);
#1711=LINE('',#3680,#1939);
#1712=LINE('',#3682,#1940);
#1713=LINE('',#3684,#1941);
#1714=LINE('',#3686,#1942);
#1715=LINE('',#3687,#1943);
#1716=LINE('',#3690,#1944);
#1717=LINE('',#3692,#1945);
#1718=LINE('',#3694,#1946);
#1719=LINE('',#3703,#1947);
#1720=LINE('',#3716,#1948);
#1721=LINE('',#3729,#1949);
#1722=LINE('',#3742,#1950);
#1723=LINE('',#3755,#1951);
#1724=LINE('',#3768,#1952);
#1725=LINE('',#3781,#1953);
#1726=LINE('',#3787,#1954);
#1727=LINE('',#3789,#1955);
#1728=LINE('',#3798,#1956);
#1729=LINE('',#3811,#1957);
#1730=LINE('',#3824,#1958);
#1731=LINE('',#3837,#1959);
#1732=LINE('',#3850,#1960);
#1733=LINE('',#3863,#1961);
#1734=LINE('',#3869,#1962);
#1735=LINE('',#3871,#1963);
#1736=LINE('',#3880,#1964);
#1737=LINE('',#3893,#1965);
#1738=LINE('',#3906,#1966);
#1739=LINE('',#3919,#1967);
#1740=LINE('',#3932,#1968);
#1741=LINE('',#3945,#1969);
#1742=LINE('',#3958,#1970);
#1743=LINE('',#3964,#1971);
#1744=LINE('',#3966,#1972);
#1745=LINE('',#3975,#1973);
#1746=LINE('',#3988,#1974);
#1747=LINE('',#4001,#1975);
#1748=LINE('',#4014,#1976);
#1749=LINE('',#4027,#1977);
#1750=LINE('',#4033,#1978);
#1751=LINE('',#4040,#1979);
#1752=LINE('',#4042,#1980);
#1753=LINE('',#4044,#1981);
#1754=LINE('',#4046,#1982);
#1755=LINE('',#4048,#1983);
#1756=LINE('',#4050,#1984);
#1757=LINE('',#4052,#1985);
#1758=LINE('',#4061,#1986);
#1759=LINE('',#4067,#1987);
#1760=LINE('',#4078,#1988);
#1761=LINE('',#4084,#1989);
#1762=LINE('',#4088,#1990);
#1763=LINE('',#4092,#1991);
#1764=LINE('',#4094,#1992);
#1765=LINE('',#4096,#1993);
#1766=LINE('',#4100,#1994);
#1767=LINE('',#4111,#1995);
#1768=LINE('',#4124,#1996);
#1769=LINE('',#4130,#1997);
#1770=LINE('',#4132,#1998);
#1771=LINE('',#4134,#1999);
#1772=LINE('',#4136,#2000);
#1773=LINE('',#4138,#2001);
#1774=LINE('',#4141,#2002);
#1775=LINE('',#4143,#2003);
#1776=LINE('',#4145,#2004);
#1777=LINE('',#4147,#2005);
#1778=LINE('',#4149,#2006);
#1779=LINE('',#4151,#2007);
#1780=LINE('',#4153,#2008);
#1781=LINE('',#4162,#2009);
#1782=LINE('',#4175,#2010);
#1783=LINE('',#4181,#2011);
#1784=LINE('',#4192,#2012);
#1785=LINE('',#4205,#2013);
#1786=LINE('',#4218,#2014);
#1787=LINE('',#4231,#2015);
#1788=LINE('',#4244,#2016);
#1789=LINE('',#4257,#2017);
#1790=LINE('',#4270,#2018);
#1791=LINE('',#4283,#2019);
#1792=LINE('',#4296,#2020);
#1793=LINE('',#4309,#2021);
#1794=LINE('',#4315,#2022);
#1795=LINE('',#4317,#2023);
#1796=LINE('',#4319,#2024);
#1797=LINE('',#4323,#2025);
#1798=LINE('',#4334,#2026);
#1799=LINE('',#4347,#2027);
#1800=LINE('',#4353,#2028);
#1801=LINE('',#4357,#2029);
#1802=LINE('',#4360,#2030);
#1803=LINE('',#4362,#2031);
#1804=LINE('',#4364,#2032);
#1805=LINE('',#4368,#2033);
#1806=LINE('',#4374,#2034);
#1807=LINE('',#4389,#2035);
#1808=LINE('',#4406,#2036);
#1809=LINE('',#4414,#2037);
#1810=LINE('',#4445,#2038);
#1811=LINE('',#4447,#2039);
#1812=LINE('',#4449,#2040);
#1813=LINE('',#4451,#2041);
#1814=LINE('',#4453,#2042);
#1815=LINE('',#4455,#2043);
#1816=LINE('',#4457,#2044);
#1817=LINE('',#4459,#2045);
#1818=VECTOR('',#2649,1.);
#1819=VECTOR('',#2650,1.);
#1820=VECTOR('',#2651,1.);
#1821=VECTOR('',#2652,1.);
#1822=VECTOR('',#2653,1.);
#1823=VECTOR('',#2654,1.);
#1824=VECTOR('',#2661,1.);
#1825=VECTOR('',#2664,1.);
#1826=VECTOR('',#2665,1.);
#1827=VECTOR('',#2666,1.);
#1828=VECTOR('',#2667,1.);
#1829=VECTOR('',#2668,1.);
#1830=VECTOR('',#2669,1.);
#1831=VECTOR('',#2674,1.);
#1832=VECTOR('',#2681,1.);
#1833=VECTOR('',#2682,1.);
#1834=VECTOR('',#2687,1.);
#1835=VECTOR('',#2688,1.);
#1836=VECTOR('',#2689,1.);
#1837=VECTOR('',#2690,1.);
#1838=VECTOR('',#2691,1.);
#1839=VECTOR('',#2692,1.);
#1840=VECTOR('',#2693,1.);
#1841=VECTOR('',#2694,1.);
#1842=VECTOR('',#2695,1.);
#1843=VECTOR('',#2696,1.);
#1844=VECTOR('',#2697,1.);
#1845=VECTOR('',#2698,1.);
#1846=VECTOR('',#2699,1.);
#1847=VECTOR('',#2700,1.);
#1848=VECTOR('',#2701,1.);
#1849=VECTOR('',#2702,1.);
#1850=VECTOR('',#2703,1.);
#1851=VECTOR('',#2704,1.);
#1852=VECTOR('',#2705,1.);
#1853=VECTOR('',#2706,1.);
#1854=VECTOR('',#2709,1.);
#1855=VECTOR('',#2714,1.);
#1856=VECTOR('',#2721,1.);
#1857=VECTOR('',#2722,1.);
#1858=VECTOR('',#2723,1.);
#1859=VECTOR('',#2724,1.);
#1860=VECTOR('',#2725,1.);
#1861=VECTOR('',#2726,1.);
#1862=VECTOR('',#2727,1.);
#1863=VECTOR('',#2728,1.);
#1864=VECTOR('',#2729,1.);
#1865=VECTOR('',#2730,1.);
#1866=VECTOR('',#2731,1.);
#1867=VECTOR('',#2734,1.);
#1868=VECTOR('',#2735,1.);
#1869=VECTOR('',#2736,1.);
#1870=VECTOR('',#2737,1.);
#1871=VECTOR('',#2738,1.);
#1872=VECTOR('',#2739,1.);
#1873=VECTOR('',#2740,1.);
#1874=VECTOR('',#2741,1.);
#1875=VECTOR('',#2742,1.);
#1876=VECTOR('',#2743,1.);
#1877=VECTOR('',#2746,1.);
#1878=VECTOR('',#2747,1.);
#1879=VECTOR('',#2748,1.);
#1880=VECTOR('',#2749,1.);
#1881=VECTOR('',#2750,1.);
#1882=VECTOR('',#2751,1.);
#1883=VECTOR('',#2754,1.);
#1884=VECTOR('',#2757,1.);
#1885=VECTOR('',#2758,1.);
#1886=VECTOR('',#2759,1.);
#1887=VECTOR('',#2760,1.);
#1888=VECTOR('',#2763,1.);
#1889=VECTOR('',#2764,1.);
#1890=VECTOR('',#2767,1.);
#1891=VECTOR('',#2772,1.);
#1892=VECTOR('',#2773,1.);
#1893=VECTOR('',#2776,1.);
#1894=VECTOR('',#2781,1.);
#1895=VECTOR('',#2782,1.);
#1896=VECTOR('',#2785,1.);
#1897=VECTOR('',#2790,1.);
#1898=VECTOR('',#2791,1.);
#1899=VECTOR('',#2794,1.);
#1900=VECTOR('',#2799,1.);
#1901=VECTOR('',#2800,1.);
#1902=VECTOR('',#2801,1.);
#1903=VECTOR('',#2804,1.);
#1904=VECTOR('',#2805,1.);
#1905=VECTOR('',#2808,1.);
#1906=VECTOR('',#2809,1.);
#1907=VECTOR('',#2812,1.);
#1908=VECTOR('',#2815,1.);
#1909=VECTOR('',#2816,1.);
#1910=VECTOR('',#2817,1.);
#1911=VECTOR('',#2818,1.);
#1912=VECTOR('',#2819,1.);
#1913=VECTOR('',#2820,1.);
#1914=VECTOR('',#2821,1.);
#1915=VECTOR('',#2822,1.);
#1916=VECTOR('',#2827,1.);
#1917=VECTOR('',#2828,1.);
#1918=VECTOR('',#2829,1.);
#1919=VECTOR('',#2830,1.);
#1920=VECTOR('',#2833,1.);
#1921=VECTOR('',#2834,1.);
#1922=VECTOR('',#2835,1.);
#1923=VECTOR('',#2838,1.);
#1924=VECTOR('',#2839,1.);
#1925=VECTOR('',#2840,1.);
#1926=VECTOR('',#2843,1.);
#1927=VECTOR('',#2844,1.);
#1928=VECTOR('',#2845,1.);
#1929=VECTOR('',#2848,1.);
#1930=VECTOR('',#2849,1.);
#1931=VECTOR('',#2852,1.);
#1932=VECTOR('',#2853,1.);
#1933=VECTOR('',#2856,1.);
#1934=VECTOR('',#2857,1.);
#1935=VECTOR('',#2860,1.);
#1936=VECTOR('',#2861,1.);
#1937=VECTOR('',#2864,1.);
#1938=VECTOR('',#2865,1.);
#1939=VECTOR('',#2868,1.);
#1940=VECTOR('',#2869,1.);
#1941=VECTOR('',#2872,1.);
#1942=VECTOR('',#2875,1.);
#1943=VECTOR('',#2876,1.);
#1944=VECTOR('',#2881,1.);
#1945=VECTOR('',#2882,1.);
#1946=VECTOR('',#2883,1.);
#1947=VECTOR('',#2884,1.);
#1948=VECTOR('',#2885,1.);
#1949=VECTOR('',#2886,1.);
#1950=VECTOR('',#2887,1.);
#1951=VECTOR('',#2888,1.);
#1952=VECTOR('',#2889,1.);
#1953=VECTOR('',#2890,1.);
#1954=VECTOR('',#2893,1.);
#1955=VECTOR('',#2894,1.);
#1956=VECTOR('',#2895,1.);
#1957=VECTOR('',#2896,1.);
#1958=VECTOR('',#2897,1.);
#1959=VECTOR('',#2898,1.);
#1960=VECTOR('',#2899,1.);
#1961=VECTOR('',#2900,1.);
#1962=VECTOR('',#2903,1.);
#1963=VECTOR('',#2904,1.);
#1964=VECTOR('',#2905,1.);
#1965=VECTOR('',#2906,1.);
#1966=VECTOR('',#2907,1.);
#1967=VECTOR('',#2908,1.);
#1968=VECTOR('',#2909,1.);
#1969=VECTOR('',#2910,1.);
#1970=VECTOR('',#2911,1.);
#1971=VECTOR('',#2914,1.);
#1972=VECTOR('',#2915,1.);
#1973=VECTOR('',#2916,1.);
#1974=VECTOR('',#2917,1.);
#1975=VECTOR('',#2918,1.);
#1976=VECTOR('',#2919,1.);
#1977=VECTOR('',#2920,1.);
#1978=VECTOR('',#2923,1.);
#1979=VECTOR('',#2934,1.);
#1980=VECTOR('',#2935,1.);
#1981=VECTOR('',#2936,1.);
#1982=VECTOR('',#2939,1.);
#1983=VECTOR('',#2940,1.);
#1984=VECTOR('',#2943,1.);
#1985=VECTOR('',#2944,1.);
#1986=VECTOR('',#2945,1.);
#1987=VECTOR('',#2948,1.);
#1988=VECTOR('',#2951,1.);
#1989=VECTOR('',#2954,1.);
#1990=VECTOR('',#2959,1.);
#1991=VECTOR('',#2964,1.);
#1992=VECTOR('',#2965,1.);
#1993=VECTOR('',#2968,1.);
#1994=VECTOR('',#2973,1.);
#1995=VECTOR('',#2976,1.);
#1996=VECTOR('',#2977,1.);
#1997=VECTOR('',#2980,1.);
#1998=VECTOR('',#2981,1.);
#1999=VECTOR('',#2984,1.);
#2000=VECTOR('',#2985,1.);
#2001=VECTOR('',#2988,1.);
#2002=VECTOR('',#2993,1.);
#2003=VECTOR('',#2994,1.);
#2004=VECTOR('',#2995,1.);
#2005=VECTOR('',#2998,1.);
#2006=VECTOR('',#2999,1.);
#2007=VECTOR('',#3002,1.);
#2008=VECTOR('',#3003,1.);
#2009=VECTOR('',#3004,1.);
#2010=VECTOR('',#3005,1.);
#2011=VECTOR('',#3008,1.);
#2012=VECTOR('',#3011,1.);
#2013=VECTOR('',#3012,1.);
#2014=VECTOR('',#3013,1.);
#2015=VECTOR('',#3014,1.);
#2016=VECTOR('',#3015,1.);
#2017=VECTOR('',#3016,1.);
#2018=VECTOR('',#3017,1.);
#2019=VECTOR('',#3018,1.);
#2020=VECTOR('',#3019,1.);
#2021=VECTOR('',#3020,1.);
#2022=VECTOR('',#3023,1.);
#2023=VECTOR('',#3024,1.);
#2024=VECTOR('',#3027,1.);
#2025=VECTOR('',#3032,1.);
#2026=VECTOR('',#3035,1.);
#2027=VECTOR('',#3036,1.);
#2028=VECTOR('',#3039,1.);
#2029=VECTOR('',#3044,1.);
#2030=VECTOR('',#3045,1.);
#2031=VECTOR('',#3046,1.);
#2032=VECTOR('',#3047,1.);
#2033=VECTOR('',#3052,1.);
#2034=VECTOR('',#3059,1.);
#2035=VECTOR('',#3062,1.);
#2036=VECTOR('',#3063,1.);
#2037=VECTOR('',#3068,1.);
#2038=VECTOR('',#3077,1.);
#2039=VECTOR('',#3078,1.);
#2040=VECTOR('',#3079,1.);
#2041=VECTOR('',#3082,1.);
#2042=VECTOR('',#3083,1.);
#2043=VECTOR('',#3086,1.);
#2044=VECTOR('',#3087,1.);
#2045=VECTOR('',#3090,1.);
#2046=EDGE_LOOP('',(#226,#227,#228,#229));
#2047=EDGE_LOOP('',(#230,#231,#232,#233,#234,#235,#236,#237,#238,#239,#240,
#241,#242,#243,#244,#245,#246,#247,#248,#249,#250,#251,#252));
#2048=EDGE_LOOP('',(#253,#254,#255,#256,#257,#258,#259,#260,#261,#262,#263,
#264,#265,#266,#267,#268));
#2049=EDGE_LOOP('',(#269,#270,#271,#272,#273,#274,#275,#276,#277,#278,#279,
#280,#281,#282,#283,#284,#285,#286,#287,#288,#289,#290,#291,#292,#293,#294,
#295,#296,#297,#298,#299));
#2050=EDGE_LOOP('',(#300,#301,#302,#303,#304,#305,#306,#307,#308,#309,#310,
#311,#312,#313,#314,#315,#316,#317,#318,#319,#320,#321,#322));
#2051=EDGE_LOOP('',(#323,#324,#325,#326,#327,#328,#329,#330,#331,#332,#333,
#334,#335));
#2052=EDGE_LOOP('',(#336,#337,#338,#339,#340,#341,#342,#343,#344));
#2053=EDGE_LOOP('',(#345,#346,#347,#348));
#2054=EDGE_LOOP('',(#349,#350,#351,#352,#353,#354,#355,#356,#357,#358,#359,
#360));
#2055=EDGE_LOOP('',(#361,#362,#363,#364,#365,#366,#367,#368,#369));
#2056=EDGE_LOOP('',(#370,#371,#372,#373));
#2057=EDGE_LOOP('',(#374,#375,#376,#377,#378,#379,#380,#381));
#2058=EDGE_LOOP('',(#382,#383,#384,#385));
#2059=EDGE_LOOP('',(#386,#387,#388,#389));
#2060=EDGE_LOOP('',(#390,#391,#392,#393));
#2061=EDGE_LOOP('',(#394,#395,#396,#397));
#2062=EDGE_LOOP('',(#398,#399,#400,#401));
#2063=EDGE_LOOP('',(#402,#403,#404,#405));
#2064=EDGE_LOOP('',(#406,#407,#408,#409));
#2065=EDGE_LOOP('',(#410,#411,#412,#413));
#2066=EDGE_LOOP('',(#414,#415,#416,#417));
#2067=EDGE_LOOP('',(#418,#419,#420,#421));
#2068=EDGE_LOOP('',(#422,#423,#424,#425));
#2069=EDGE_LOOP('',(#426,#427,#428,#429));
#2070=EDGE_LOOP('',(#430,#431,#432,#433));
#2071=EDGE_LOOP('',(#434,#435,#436,#437));
#2072=EDGE_LOOP('',(#438,#439,#440,#441));
#2073=EDGE_LOOP('',(#442,#443,#444,#445));
#2074=EDGE_LOOP('',(#446,#447,#448,#449));
#2075=EDGE_LOOP('',(#450,#451,#452,#453,#454));
#2076=EDGE_LOOP('',(#455,#456,#457,#458));
#2077=EDGE_LOOP('',(#459,#460,#461,#462));
#2078=EDGE_LOOP('',(#463,#464,#465,#466));
#2079=EDGE_LOOP('',(#467,#468,#469,#470));
#2080=EDGE_LOOP('',(#471,#472,#473,#474,#475));
#2081=EDGE_LOOP('',(#476,#477,#478,#479));
#2082=EDGE_LOOP('',(#480,#481,#482,#483));
#2083=EDGE_LOOP('',(#484,#485,#486,#487,#488,#489,#490,#491));
#2084=EDGE_LOOP('',(#492,#493,#494,#495));
#2085=EDGE_LOOP('',(#496,#497,#498,#499));
#2086=EDGE_LOOP('',(#500,#501,#502,#503));
#2087=EDGE_LOOP('',(#504,#505,#506,#507));
#2088=EDGE_LOOP('',(#508,#509,#510,#511));
#2089=EDGE_LOOP('',(#512,#513,#514,#515));
#2090=EDGE_LOOP('',(#516,#517,#518,#519));
#2091=EDGE_LOOP('',(#520,#521,#522,#523,#524));
#2092=EDGE_LOOP('',(#525,#526,#527,#528));
#2093=EDGE_LOOP('',(#529,#530,#531,#532,#533));
#2094=EDGE_LOOP('',(#534,#535,#536,#537));
#2095=EDGE_LOOP('',(#538,#539,#540,#541));
#2096=EDGE_LOOP('',(#542,#543,#544,#545,#546,#547,#548,#549));
#2097=EDGE_LOOP('',(#550,#551,#552,#553));
#2098=EDGE_LOOP('',(#554,#555,#556,#557));
#2099=EDGE_LOOP('',(#558,#559,#560,#561));
#2100=EDGE_LOOP('',(#562,#563,#564,#565));
#2101=EDGE_LOOP('',(#566,#567,#568,#569));
#2102=EDGE_LOOP('',(#570,#571,#572,#573));
#2103=EDGE_LOOP('',(#574,#575,#576,#577));
#2104=EDGE_LOOP('',(#578,#579,#580,#581));
#2105=EDGE_LOOP('',(#582,#583,#584,#585));
#2106=EDGE_LOOP('',(#586,#587,#588,#589));
#2107=EDGE_LOOP('',(#590,#591,#592,#593));
#2108=EDGE_LOOP('',(#594,#595,#596,#597));
#2109=EDGE_LOOP('',(#598,#599,#600,#601));
#2110=EDGE_LOOP('',(#602,#603,#604,#605));
#2111=EDGE_LOOP('',(#606,#607,#608,#609));
#2112=EDGE_LOOP('',(#610,#611,#612,#613));
#2113=EDGE_LOOP('',(#614,#615,#616,#617));
#2114=EDGE_LOOP('',(#618,#619,#620,#621));
#2115=EDGE_LOOP('',(#622,#623,#624,#625));
#2116=EDGE_LOOP('',(#626,#627,#628,#629));
#2117=EDGE_LOOP('',(#630,#631,#632,#633));
#2118=EDGE_LOOP('',(#634,#635,#636,#637));
#2119=EDGE_LOOP('',(#638,#639,#640,#641));
#2120=EDGE_LOOP('',(#642,#643,#644,#645));
#2121=EDGE_LOOP('',(#646,#647,#648,#649));
#2122=EDGE_LOOP('',(#650,#651,#652,#653));
#2123=EDGE_LOOP('',(#654,#655,#656,#657));
#2124=EDGE_LOOP('',(#658,#659,#660,#661));
#2125=EDGE_LOOP('',(#662,#663,#664,#665));
#2126=EDGE_LOOP('',(#666,#667,#668,#669));
#2127=EDGE_LOOP('',(#670,#671,#672,#673));
#2128=EDGE_LOOP('',(#674,#675,#676,#677));
#2129=EDGE_LOOP('',(#678,#679,#680,#681,#682,#683,#684,#685,#686,#687,#688,
#689,#690,#691,#692,#693,#694,#695,#696,#697,#698,#699,#700,#701,#702,#703,
#704,#705,#706,#707,#708));
#2130=EDGE_LOOP('',(#709,#710,#711,#712));
#2131=EDGE_LOOP('',(#713,#714,#715,#716));
#2132=EDGE_LOOP('',(#717,#718,#719,#720));
#2133=EDGE_LOOP('',(#721,#722,#723,#724));
#2134=EDGE_LOOP('',(#725,#726,#727,#728));
#2135=EDGE_LOOP('',(#729,#730,#731,#732));
#2136=EDGE_LOOP('',(#733,#734,#735,#736));
#2137=EDGE_LOOP('',(#737,#738,#739,#740));
#2138=EDGE_LOOP('',(#741,#742,#743,#744));
#2139=EDGE_LOOP('',(#745,#746,#747,#748));
#2140=EDGE_LOOP('',(#749,#750,#751,#752));
#2141=EDGE_LOOP('',(#753,#754,#755,#756));
#2142=EDGE_LOOP('',(#757,#758,#759,#760));
#2143=EDGE_LOOP('',(#761,#762,#763,#764));
#2144=EDGE_LOOP('',(#765,#766,#767,#768));
#2145=EDGE_LOOP('',(#769,#770,#771,#772));
#2146=EDGE_LOOP('',(#773,#774,#775,#776,#777,#778,#779,#780,#781,#782,#783,
#784,#785,#786,#787,#788));
#2147=EDGE_LOOP('',(#789,#790,#791,#792));
#2148=EDGE_LOOP('',(#793,#794,#795,#796));
#2149=EDGE_LOOP('',(#797,#798,#799,#800));
#2150=EDGE_LOOP('',(#801,#802,#803,#804));
#2151=EDGE_LOOP('',(#805,#806,#807,#808));
#2152=EDGE_LOOP('',(#809,#810,#811,#812));
#2153=EDGE_LOOP('',(#813,#814,#815,#816));
#2154=EDGE_LOOP('',(#817,#818,#819,#820));
#2155=EDGE_LOOP('',(#821,#822,#823,#824));
#2156=EDGE_LOOP('',(#825,#826,#827,#828));
#2157=EDGE_LOOP('',(#829,#830,#831,#832));
#2158=EDGE_LOOP('',(#833,#834,#835,#836));
#2159=EDGE_LOOP('',(#837,#838,#839,#840));
#2160=EDGE_LOOP('',(#841,#842,#843,#844));
#2161=EDGE_LOOP('',(#845,#846,#847,#848));
#2162=EDGE_LOOP('',(#849,#850,#851,#852));
#2163=EDGE_LOOP('',(#853,#854,#855,#856));
#2164=EDGE_LOOP('',(#857,#858,#859,#860));
#2165=EDGE_LOOP('',(#861,#862,#863,#864));
#2166=EDGE_LOOP('',(#865,#866,#867,#868));
#2167=EDGE_LOOP('',(#869,#870,#871,#872));
#2168=EDGE_LOOP('',(#873,#874,#875,#876));
#2169=EDGE_LOOP('',(#877,#878,#879,#880));
#2170=EDGE_LOOP('',(#881,#882,#883,#884));
#2171=EDGE_LOOP('',(#885,#886,#887,#888));
#2172=EDGE_LOOP('',(#889,#890,#891,#892));
#2173=EDGE_LOOP('',(#893,#894,#895,#896));
#2174=EDGE_LOOP('',(#897,#898,#899,#900));
#2175=EDGE_LOOP('',(#901,#902,#903,#904));
#2176=EDGE_LOOP('',(#905,#906,#907,#908));
#2177=EDGE_LOOP('',(#909,#910,#911,#912,#913,#914,#915));
#2178=EDGE_LOOP('',(#916,#917,#918,#919,#920,#921,#922,#923,#924,#925,#926,
#927,#928,#929,#930,#931,#932,#933,#934,#935,#936,#937,#938));
#2179=EDGE_LOOP('',(#939,#940,#941,#942,#943,#944,#945));
#2180=EDGE_LOOP('',(#946,#947,#948,#949));
#2181=EDGE_LOOP('',(#950,#951,#952,#953));
#2182=EDGE_LOOP('',(#954,#955,#956,#957));
#2183=EDGE_LOOP('',(#958,#959,#960,#961));
#2184=EDGE_LOOP('',(#962,#963,#964,#965));
#2185=EDGE_LOOP('',(#966,#967,#968,#969));
#2186=FACE_BOUND('',#2046,.T.);
#2187=FACE_BOUND('',#2047,.T.);
#2188=FACE_BOUND('',#2048,.T.);
#2189=FACE_BOUND('',#2049,.T.);
#2190=FACE_BOUND('',#2050,.T.);
#2191=FACE_BOUND('',#2051,.T.);
#2192=FACE_BOUND('',#2052,.T.);
#2193=FACE_BOUND('',#2053,.T.);
#2194=FACE_BOUND('',#2054,.T.);
#2195=FACE_BOUND('',#2055,.T.);
#2196=FACE_BOUND('',#2056,.T.);
#2197=FACE_BOUND('',#2057,.T.);
#2198=FACE_BOUND('',#2058,.T.);
#2199=FACE_BOUND('',#2059,.T.);
#2200=FACE_BOUND('',#2060,.T.);
#2201=FACE_BOUND('',#2061,.T.);
#2202=FACE_BOUND('',#2062,.T.);
#2203=FACE_BOUND('',#2063,.T.);
#2204=FACE_BOUND('',#2064,.T.);
#2205=FACE_BOUND('',#2065,.T.);
#2206=FACE_BOUND('',#2066,.T.);
#2207=FACE_BOUND('',#2067,.T.);
#2208=FACE_BOUND('',#2068,.T.);
#2209=FACE_BOUND('',#2069,.T.);
#2210=FACE_BOUND('',#2070,.T.);
#2211=FACE_BOUND('',#2071,.T.);
#2212=FACE_BOUND('',#2072,.T.);
#2213=FACE_BOUND('',#2073,.T.);
#2214=FACE_BOUND('',#2074,.T.);
#2215=FACE_BOUND('',#2075,.T.);
#2216=FACE_BOUND('',#2076,.T.);
#2217=FACE_BOUND('',#2077,.T.);
#2218=FACE_BOUND('',#2078,.T.);
#2219=FACE_BOUND('',#2079,.T.);
#2220=FACE_BOUND('',#2080,.T.);
#2221=FACE_BOUND('',#2081,.T.);
#2222=FACE_BOUND('',#2082,.T.);
#2223=FACE_BOUND('',#2083,.T.);
#2224=FACE_BOUND('',#2084,.T.);
#2225=FACE_BOUND('',#2085,.T.);
#2226=FACE_BOUND('',#2086,.T.);
#2227=FACE_BOUND('',#2087,.T.);
#2228=FACE_BOUND('',#2088,.T.);
#2229=FACE_BOUND('',#2089,.T.);
#2230=FACE_BOUND('',#2090,.T.);
#2231=FACE_BOUND('',#2091,.T.);
#2232=FACE_BOUND('',#2092,.T.);
#2233=FACE_BOUND('',#2093,.T.);
#2234=FACE_BOUND('',#2094,.T.);
#2235=FACE_BOUND('',#2095,.T.);
#2236=FACE_BOUND('',#2096,.T.);
#2237=FACE_BOUND('',#2097,.T.);
#2238=FACE_BOUND('',#2098,.T.);
#2239=FACE_BOUND('',#2099,.T.);
#2240=FACE_BOUND('',#2100,.T.);
#2241=FACE_BOUND('',#2101,.T.);
#2242=FACE_BOUND('',#2102,.T.);
#2243=FACE_BOUND('',#2103,.T.);
#2244=FACE_BOUND('',#2104,.T.);
#2245=FACE_BOUND('',#2105,.T.);
#2246=FACE_BOUND('',#2106,.T.);
#2247=FACE_BOUND('',#2107,.T.);
#2248=FACE_BOUND('',#2108,.T.);
#2249=FACE_BOUND('',#2109,.T.);
#2250=FACE_BOUND('',#2110,.T.);
#2251=FACE_BOUND('',#2111,.T.);
#2252=FACE_BOUND('',#2112,.T.);
#2253=FACE_BOUND('',#2113,.T.);
#2254=FACE_BOUND('',#2114,.T.);
#2255=FACE_BOUND('',#2115,.T.);
#2256=FACE_BOUND('',#2116,.T.);
#2257=FACE_BOUND('',#2117,.T.);
#2258=FACE_BOUND('',#2118,.T.);
#2259=FACE_BOUND('',#2119,.T.);
#2260=FACE_BOUND('',#2120,.T.);
#2261=FACE_BOUND('',#2121,.T.);
#2262=FACE_BOUND('',#2122,.T.);
#2263=FACE_BOUND('',#2123,.T.);
#2264=FACE_BOUND('',#2124,.T.);
#2265=FACE_BOUND('',#2125,.T.);
#2266=FACE_BOUND('',#2126,.T.);
#2267=FACE_BOUND('',#2127,.T.);
#2268=FACE_BOUND('',#2128,.T.);
#2269=FACE_BOUND('',#2129,.T.);
#2270=FACE_BOUND('',#2130,.T.);
#2271=FACE_BOUND('',#2131,.T.);
#2272=FACE_BOUND('',#2132,.T.);
#2273=FACE_BOUND('',#2133,.T.);
#2274=FACE_BOUND('',#2134,.T.);
#2275=FACE_BOUND('',#2135,.T.);
#2276=FACE_BOUND('',#2136,.T.);
#2277=FACE_BOUND('',#2137,.T.);
#2278=FACE_BOUND('',#2138,.T.);
#2279=FACE_BOUND('',#2139,.T.);
#2280=FACE_BOUND('',#2140,.T.);
#2281=FACE_BOUND('',#2141,.T.);
#2282=FACE_BOUND('',#2142,.T.);
#2283=FACE_BOUND('',#2143,.T.);
#2284=FACE_BOUND('',#2144,.T.);
#2285=FACE_BOUND('',#2145,.T.);
#2286=FACE_BOUND('',#2146,.T.);
#2287=FACE_BOUND('',#2147,.T.);
#2288=FACE_BOUND('',#2148,.T.);
#2289=FACE_BOUND('',#2149,.T.);
#2290=FACE_BOUND('',#2150,.T.);
#2291=FACE_BOUND('',#2151,.T.);
#2292=FACE_BOUND('',#2152,.T.);
#2293=FACE_BOUND('',#2153,.T.);
#2294=FACE_BOUND('',#2154,.T.);
#2295=FACE_BOUND('',#2155,.T.);
#2296=FACE_BOUND('',#2156,.T.);
#2297=FACE_BOUND('',#2157,.T.);
#2298=FACE_BOUND('',#2158,.T.);
#2299=FACE_BOUND('',#2159,.T.);
#2300=FACE_BOUND('',#2160,.T.);
#2301=FACE_BOUND('',#2161,.T.);
#2302=FACE_BOUND('',#2162,.T.);
#2303=FACE_BOUND('',#2163,.T.);
#2304=FACE_BOUND('',#2164,.T.);
#2305=FACE_BOUND('',#2165,.T.);
#2306=FACE_BOUND('',#2166,.T.);
#2307=FACE_BOUND('',#2167,.T.);
#2308=FACE_BOUND('',#2168,.T.);
#2309=FACE_BOUND('',#2169,.T.);
#2310=FACE_BOUND('',#2170,.T.);
#2311=FACE_BOUND('',#2171,.T.);
#2312=FACE_BOUND('',#2172,.T.);
#2313=FACE_BOUND('',#2173,.T.);
#2314=FACE_BOUND('',#2174,.T.);
#2315=FACE_BOUND('',#2175,.T.);
#2316=FACE_BOUND('',#2176,.T.);
#2317=FACE_BOUND('',#2177,.T.);
#2318=FACE_BOUND('',#2178,.T.);
#2319=FACE_BOUND('',#2179,.T.);
#2320=FACE_BOUND('',#2180,.T.);
#2321=FACE_BOUND('',#2181,.T.);
#2322=FACE_BOUND('',#2182,.T.);
#2323=FACE_BOUND('',#2183,.T.);
#2324=FACE_BOUND('',#2184,.T.);
#2325=FACE_BOUND('',#2185,.T.);
#2326=PLANE('',#2535);
#2327=PLANE('',#2552);
#2328=PLANE('',#2553);
#2329=PLANE('',#2554);
#2330=PLANE('',#2555);
#2331=PLANE('',#2556);
#2332=PLANE('',#2557);
#2333=PLANE('',#2558);
#2334=PLANE('',#2559);
#2335=PLANE('',#2560);
#2336=PLANE('',#2561);
#2337=PLANE('',#2562);
#2338=PLANE('',#2563);
#2339=PLANE('',#2564);
#2340=PLANE('',#2565);
#2341=PLANE('',#2566);
#2342=PLANE('',#2567);
#2343=PLANE('',#2568);
#2344=PLANE('',#2569);
#2345=PLANE('',#2570);
#2346=PLANE('',#2571);
#2347=PLANE('',#2572);
#2348=PLANE('',#2573);
#2349=PLANE('',#2574);
#2350=PLANE('',#2575);
#2351=PLANE('',#2576);
#2352=PLANE('',#2577);
#2353=PLANE('',#2578);
#2354=PLANE('',#2579);
#2355=PLANE('',#2580);
#2356=PLANE('',#2581);
#2357=PLANE('',#2582);
#2358=PLANE('',#2583);
#2359=PLANE('',#2584);
#2360=PLANE('',#2585);
#2361=PLANE('',#2586);
#2362=PLANE('',#2587);
#2363=PLANE('',#2588);
#2364=PLANE('',#2589);
#2365=PLANE('',#2590);
#2366=PLANE('',#2591);
#2367=PLANE('',#2596);
#2368=PLANE('',#2597);
#2369=PLANE('',#2598);
#2370=PLANE('',#2599);
#2371=PLANE('',#2606);
#2372=PLANE('',#2611);
#2373=PLANE('',#2612);
#2374=PLANE('',#2613);
#2375=PLANE('',#2614);
#2376=PLANE('',#2615);
#2377=PLANE('',#2616);
#2378=PLANE('',#2617);
#2379=PLANE('',#2620);
#2380=PLANE('',#2627);
#2381=PLANE('',#2637);
#2382=PLANE('',#2638);
#2383=PLANE('',#2639);
#2384=PLANE('',#2640);
#2385=PLANE('',#2641);
#2386=PLANE('',#2642);
#2387=PLANE('',#2643);
#2388=PLANE('',#2644);
#2389=ADVANCED_FACE('',(#2186,#2187,#2188,#2189,#2190),#2326,.T.);
#2390=ADVANCED_FACE('',(#2191),#69,.T.);
#2391=ADVANCED_FACE('',(#2192,#2193),#2327,.F.);
#2392=ADVANCED_FACE('',(#2194),#2328,.F.);
#2393=ADVANCED_FACE('',(#2195),#2329,.T.);
#2394=ADVANCED_FACE('',(#2196),#2330,.T.);
#2395=ADVANCED_FACE('',(#2197),#2331,.F.);
#2396=ADVANCED_FACE('',(#2198),#2332,.F.);
#2397=ADVANCED_FACE('',(#2199),#2333,.T.);
#2398=ADVANCED_FACE('',(#2200),#2334,.T.);
#2399=ADVANCED_FACE('',(#2201),#2335,.F.);
#2400=ADVANCED_FACE('',(#2202),#2336,.T.);
#2401=ADVANCED_FACE('',(#2203),#2337,.T.);
#2402=ADVANCED_FACE('',(#2204),#2338,.F.);
#2403=ADVANCED_FACE('',(#2205),#2339,.T.);
#2404=ADVANCED_FACE('',(#2206),#2340,.F.);
#2405=ADVANCED_FACE('',(#2207),#2341,.F.);
#2406=ADVANCED_FACE('',(#2208),#2342,.T.);
#2407=ADVANCED_FACE('',(#2209),#2343,.F.);
#2408=ADVANCED_FACE('',(#2210),#2344,.T.);
#2409=ADVANCED_FACE('',(#2211),#2345,.F.);
#2410=ADVANCED_FACE('',(#2212),#2346,.F.);
#2411=ADVANCED_FACE('',(#2213),#2347,.T.);
#2412=ADVANCED_FACE('',(#2214),#2348,.T.);
#2413=ADVANCED_FACE('',(#2215),#12,.T.);
#2414=ADVANCED_FACE('',(#2216),#13,.T.);
#2415=ADVANCED_FACE('',(#2217),#14,.T.);
#2416=ADVANCED_FACE('',(#2218),#15,.T.);
#2417=ADVANCED_FACE('',(#2219),#16,.T.);
#2418=ADVANCED_FACE('',(#2220),#17,.T.);
#2419=ADVANCED_FACE('',(#2221),#18,.T.);
#2420=ADVANCED_FACE('',(#2222),#19,.T.);
#2421=ADVANCED_FACE('',(#2223),#2349,.T.);
#2422=ADVANCED_FACE('',(#2224),#2350,.T.);
#2423=ADVANCED_FACE('',(#2225),#2351,.T.);
#2424=ADVANCED_FACE('',(#2226),#2352,.T.);
#2425=ADVANCED_FACE('',(#2227),#2353,.T.);
#2426=ADVANCED_FACE('',(#2228),#2354,.T.);
#2427=ADVANCED_FACE('',(#2229),#2355,.T.);
#2428=ADVANCED_FACE('',(#2230),#2356,.T.);
#2429=ADVANCED_FACE('',(#2231),#2357,.T.);
#2430=ADVANCED_FACE('',(#2232),#2358,.T.);
#2431=ADVANCED_FACE('',(#2233),#2359,.T.);
#2432=ADVANCED_FACE('',(#2234),#2360,.T.);
#2433=ADVANCED_FACE('',(#2235),#2361,.T.);
#2434=ADVANCED_FACE('',(#2236,#2237),#2362,.T.);
#2435=ADVANCED_FACE('',(#2238),#2363,.T.);
#2436=ADVANCED_FACE('',(#2239),#20,.T.);
#2437=ADVANCED_FACE('',(#2240),#21,.T.);
#2438=ADVANCED_FACE('',(#2241),#22,.T.);
#2439=ADVANCED_FACE('',(#2242),#23,.T.);
#2440=ADVANCED_FACE('',(#2243),#24,.T.);
#2441=ADVANCED_FACE('',(#2244),#25,.T.);
#2442=ADVANCED_FACE('',(#2245),#26,.T.);
#2443=ADVANCED_FACE('',(#2246),#2364,.T.);
#2444=ADVANCED_FACE('',(#2247),#27,.T.);
#2445=ADVANCED_FACE('',(#2248),#28,.T.);
#2446=ADVANCED_FACE('',(#2249),#29,.T.);
#2447=ADVANCED_FACE('',(#2250),#30,.T.);
#2448=ADVANCED_FACE('',(#2251),#31,.T.);
#2449=ADVANCED_FACE('',(#2252),#32,.T.);
#2450=ADVANCED_FACE('',(#2253),#2365,.T.);
#2451=ADVANCED_FACE('',(#2254),#33,.T.);
#2452=ADVANCED_FACE('',(#2255),#34,.T.);
#2453=ADVANCED_FACE('',(#2256),#35,.T.);
#2454=ADVANCED_FACE('',(#2257),#36,.T.);
#2455=ADVANCED_FACE('',(#2258),#37,.T.);
#2456=ADVANCED_FACE('',(#2259),#38,.T.);
#2457=ADVANCED_FACE('',(#2260),#39,.T.);
#2458=ADVANCED_FACE('',(#2261),#2366,.T.);
#2459=ADVANCED_FACE('',(#2262),#40,.T.);
#2460=ADVANCED_FACE('',(#2263),#41,.T.);
#2461=ADVANCED_FACE('',(#2264),#42,.T.);
#2462=ADVANCED_FACE('',(#2265),#43,.T.);
#2463=ADVANCED_FACE('',(#2266),#44,.T.);
#2464=ADVANCED_FACE('',(#2267),#70,.T.);
#2465=ADVANCED_FACE('',(#2268),#71,.T.);
#2466=ADVANCED_FACE('',(#2269),#2367,.T.);
#2467=ADVANCED_FACE('',(#2270),#2368,.T.);
#2468=ADVANCED_FACE('',(#2271),#2369,.T.);
#2469=ADVANCED_FACE('',(#2272),#2370,.T.);
#2470=ADVANCED_FACE('',(#2273),#45,.T.);
#2471=ADVANCED_FACE('',(#2274),#72,.T.);
#2472=ADVANCED_FACE('',(#2275),#46,.T.);
#2473=ADVANCED_FACE('',(#2276),#73,.T.);
#2474=ADVANCED_FACE('',(#2277),#74,.T.);
#2475=ADVANCED_FACE('',(#2278),#2371,.T.);
#2476=ADVANCED_FACE('',(#2279),#75,.F.);
#2477=ADVANCED_FACE('',(#2280),#76,.F.);
#2478=ADVANCED_FACE('',(#2281),#47,.T.);
#2479=ADVANCED_FACE('',(#2282),#48,.T.);
#2480=ADVANCED_FACE('',(#2283),#2372,.T.);
#2481=ADVANCED_FACE('',(#2284),#2373,.T.);
#2482=ADVANCED_FACE('',(#2285),#2374,.T.);
#2483=ADVANCED_FACE('',(#2286),#2375,.T.);
#2484=ADVANCED_FACE('',(#2287),#2376,.T.);
#2485=ADVANCED_FACE('',(#2288),#2377,.T.);
#2486=ADVANCED_FACE('',(#2289),#2378,.T.);
#2487=ADVANCED_FACE('',(#2290),#49,.T.);
#2488=ADVANCED_FACE('',(#2291),#50,.T.);
#2489=ADVANCED_FACE('',(#2292),#77,.F.);
#2490=ADVANCED_FACE('',(#2293),#51,.T.);
#2491=ADVANCED_FACE('',(#2294),#52,.T.);
#2492=ADVANCED_FACE('',(#2295),#53,.T.);
#2493=ADVANCED_FACE('',(#2296),#54,.T.);
#2494=ADVANCED_FACE('',(#2297),#55,.T.);
#2495=ADVANCED_FACE('',(#2298),#56,.T.);
#2496=ADVANCED_FACE('',(#2299),#57,.T.);
#2497=ADVANCED_FACE('',(#2300),#58,.T.);
#2498=ADVANCED_FACE('',(#2301),#59,.T.);
#2499=ADVANCED_FACE('',(#2302),#60,.T.);
#2500=ADVANCED_FACE('',(#2303),#2379,.T.);
#2501=ADVANCED_FACE('',(#2304),#78,.T.);
#2502=ADVANCED_FACE('',(#2305),#79,.T.);
#2503=ADVANCED_FACE('',(#2306),#61,.T.);
#2504=ADVANCED_FACE('',(#2307),#62,.T.);
#2505=ADVANCED_FACE('',(#2308),#80,.T.);
#2506=ADVANCED_FACE('',(#2309),#2380,.T.);
#2507=ADVANCED_FACE('',(#2310),#81,.T.);
#2508=ADVANCED_FACE('',(#2311),#82,.T.);
#2509=ADVANCED_FACE('',(#2312),#63,.T.);
#2510=ADVANCED_FACE('',(#2313),#64,.T.);
#2511=ADVANCED_FACE('',(#2314),#83,.T.);
#2512=ADVANCED_FACE('',(#2315),#65,.T.);
#2513=ADVANCED_FACE('',(#2316),#66,.T.);
#2514=ADVANCED_FACE('',(#2317,#2318),#2381,.T.);
#2515=ADVANCED_FACE('',(#2319),#2382,.T.);
#2516=ADVANCED_FACE('',(#2320),#2383,.T.);
#2517=ADVANCED_FACE('',(#2321),#2384,.T.);
#2518=ADVANCED_FACE('',(#2322),#2385,.T.);
#2519=ADVANCED_FACE('',(#2323),#2386,.T.);
#2520=ADVANCED_FACE('',(#2324),#2387,.T.);
#2521=ADVANCED_FACE('',(#2325),#2388,.T.);
#2522=CLOSED_SHELL('',(#2389,#2390,#2391,#2392,#2393,#2394,#2395,#2396,
#2397,#2398,#2399,#2400,#2401,#2402,#2403,#2404,#2405,#2406,#2407,#2408,
#2409,#2410,#2411,#2412,#2413,#2414,#2415,#2416,#2417,#2418,#2419,#2420,
#2421,#2422,#2423,#2424,#2425,#2426,#2427,#2428,#2429,#2430,#2431,#2432,
#2433,#2434,#2435,#2436,#2437,#2438,#2439,#2440,#2441,#2442,#2443,#2444,
#2445,#2446,#2447,#2448,#2449,#2450,#2451,#2452,#2453,#2454,#2455,#2456,
#2457,#2458,#2459,#2460,#2461,#2462,#2463,#2464,#2465,#2466,#2467,#2468,
#2469,#2470,#2471,#2472,#2473,#2474,#2475,#2476,#2477,#2478,#2479,#2480,
#2481,#2482,#2483,#2484,#2485,#2486,#2487,#2488,#2489,#2490,#2491,#2492,
#2493,#2494,#2495,#2496,#2497,#2498,#2499,#2500,#2501,#2502,#2503,#2504,
#2505,#2506,#2507,#2508,#2509,#2510,#2511,#2512,#2513,#2514,#2515,#2516,
#2517,#2518,#2519,#2520,#2521));
#2523=STYLED_ITEM('',(#2524),#2531);
#2524=PRESENTATION_STYLE_ASSIGNMENT((#2525));
#2525=SURFACE_STYLE_USAGE(.BOTH.,#2526);
#2526=SURFACE_SIDE_STYLE('',(#2527));
#2527=SURFACE_STYLE_FILL_AREA(#2528);
#2528=FILL_AREA_STYLE('',(#2529));
#2529=FILL_AREA_STYLE_COLOUR('',#2530);
#2530=COLOUR_RGB('',0.615686274509804,0.811764705882353,0.929411764705882);
#2531=MANIFOLD_SOLID_BREP('Part 1',#2522);
#2532=SHAPE_DEFINITION_REPRESENTATION(#4468,#2533);
#2533=SHAPE_REPRESENTATION('Part 1',(#2534),#4463);
#2534=AXIS2_PLACEMENT_3D('',#3095,#2645,#2646);
#2535=AXIS2_PLACEMENT_3D('',#3096,#2647,#2648);
#2536=AXIS2_PLACEMENT_3D('',#3114,#2655,#2656);
#2537=AXIS2_PLACEMENT_3D('',#3124,#2657,#2658);
#2538=AXIS2_PLACEMENT_3D('',#3126,#2659,#2660);
#2539=AXIS2_PLACEMENT_3D('',#3170,#2662,#2663);
#2540=AXIS2_PLACEMENT_3D('',#3200,#2670,#2671);
#2541=AXIS2_PLACEMENT_3D('',#3202,#2672,#2673);
#2542=AXIS2_PLACEMENT_3D('',#3206,#2675,#2676);
#2543=AXIS2_PLACEMENT_3D('',#3208,#2677,#2678);
#2544=AXIS2_PLACEMENT_3D('',#3214,#2679,#2680);
#2545=AXIS2_PLACEMENT_3D('',#3228,#2683,#2684);
#2546=AXIS2_PLACEMENT_3D('',#3230,#2685,#2686);
#2547=AXIS2_PLACEMENT_3D('',#3391,#2707,#2708);
#2548=AXIS2_PLACEMENT_3D('',#3395,#2710,#2711);
#2549=AXIS2_PLACEMENT_3D('',#3415,#2712,#2713);
#2550=AXIS2_PLACEMENT_3D('',#3419,#2715,#2716);
#2551=AXIS2_PLACEMENT_3D('',#3420,#2717,#2718);
#2552=AXIS2_PLACEMENT_3D('',#3421,#2719,#2720);
#2553=AXIS2_PLACEMENT_3D('',#3443,#2732,#2733);
#2554=AXIS2_PLACEMENT_3D('',#3462,#2744,#2745);
#2555=AXIS2_PLACEMENT_3D('',#3473,#2752,#2753);
#2556=AXIS2_PLACEMENT_3D('',#3475,#2755,#2756);
#2557=AXIS2_PLACEMENT_3D('',#3482,#2761,#2762);
#2558=AXIS2_PLACEMENT_3D('',#3486,#2765,#2766);
#2559=AXIS2_PLACEMENT_3D('',#3488,#2768,#2769);
#2560=AXIS2_PLACEMENT_3D('',#3489,#2770,#2771);
#2561=AXIS2_PLACEMENT_3D('',#3493,#2774,#2775);
#2562=AXIS2_PLACEMENT_3D('',#3495,#2777,#2778);
#2563=AXIS2_PLACEMENT_3D('',#3496,#2779,#2780);
#2564=AXIS2_PLACEMENT_3D('',#3500,#2783,#2784);
#2565=AXIS2_PLACEMENT_3D('',#3502,#2786,#2787);
#2566=AXIS2_PLACEMENT_3D('',#3503,#2788,#2789);
#2567=AXIS2_PLACEMENT_3D('',#3507,#2792,#2793);
#2568=AXIS2_PLACEMENT_3D('',#3509,#2795,#2796);
#2569=AXIS2_PLACEMENT_3D('',#3510,#2797,#2798);
#2570=AXIS2_PLACEMENT_3D('',#3516,#2802,#2803);
#2571=AXIS2_PLACEMENT_3D('',#3520,#2806,#2807);
#2572=AXIS2_PLACEMENT_3D('',#3524,#2810,#2811);
#2573=AXIS2_PLACEMENT_3D('',#3526,#2813,#2814);
#2574=AXIS2_PLACEMENT_3D('',#3631,#2823,#2824);
#2575=AXIS2_PLACEMENT_3D('',#3632,#2825,#2826);
#2576=AXIS2_PLACEMENT_3D('',#3641,#2831,#2832);
#2577=AXIS2_PLACEMENT_3D('',#3647,#2836,#2837);
#2578=AXIS2_PLACEMENT_3D('',#3653,#2841,#2842);
#2579=AXIS2_PLACEMENT_3D('',#3659,#2846,#2847);
#2580=AXIS2_PLACEMENT_3D('',#3663,#2850,#2851);
#2581=AXIS2_PLACEMENT_3D('',#3667,#2854,#2855);
#2582=AXIS2_PLACEMENT_3D('',#3671,#2858,#2859);
#2583=AXIS2_PLACEMENT_3D('',#3675,#2862,#2863);
#2584=AXIS2_PLACEMENT_3D('',#3679,#2866,#2867);
#2585=AXIS2_PLACEMENT_3D('',#3683,#2870,#2871);
#2586=AXIS2_PLACEMENT_3D('',#3685,#2873,#2874);
#2587=AXIS2_PLACEMENT_3D('',#3688,#2877,#2878);
#2588=AXIS2_PLACEMENT_3D('',#3689,#2879,#2880);
#2589=AXIS2_PLACEMENT_3D('',#3786,#2891,#2892);
#2590=AXIS2_PLACEMENT_3D('',#3868,#2901,#2902);
#2591=AXIS2_PLACEMENT_3D('',#3963,#2912,#2913);
#2592=AXIS2_PLACEMENT_3D('',#4032,#2921,#2922);
#2593=AXIS2_PLACEMENT_3D('',#4035,#2924,#2925);
#2594=AXIS2_PLACEMENT_3D('',#4036,#2926,#2927);
#2595=AXIS2_PLACEMENT_3D('',#4037,#2928,#2929);
#2596=AXIS2_PLACEMENT_3D('',#4038,#2930,#2931);
#2597=AXIS2_PLACEMENT_3D('',#4039,#2932,#2933);
#2598=AXIS2_PLACEMENT_3D('',#4045,#2937,#2938);
#2599=AXIS2_PLACEMENT_3D('',#4049,#2941,#2942);
#2600=AXIS2_PLACEMENT_3D('',#4066,#2946,#2947);
#2601=AXIS2_PLACEMENT_3D('',#4069,#2949,#2950);
#2602=AXIS2_PLACEMENT_3D('',#4083,#2952,#2953);
#2603=AXIS2_PLACEMENT_3D('',#4086,#2955,#2956);
#2604=AXIS2_PLACEMENT_3D('',#4087,#2957,#2958);
#2605=AXIS2_PLACEMENT_3D('',#4090,#2960,#2961);
#2606=AXIS2_PLACEMENT_3D('',#4091,#2962,#2963);
#2607=AXIS2_PLACEMENT_3D('',#4095,#2966,#2967);
#2608=AXIS2_PLACEMENT_3D('',#4098,#2969,#2970);
#2609=AXIS2_PLACEMENT_3D('',#4099,#2971,#2972);
#2610=AXIS2_PLACEMENT_3D('',#4102,#2974,#2975);
#2611=AXIS2_PLACEMENT_3D('',#4129,#2978,#2979);
#2612=AXIS2_PLACEMENT_3D('',#4133,#2982,#2983);
#2613=AXIS2_PLACEMENT_3D('',#4137,#2986,#2987);
#2614=AXIS2_PLACEMENT_3D('',#4139,#2989,#2990);
#2615=AXIS2_PLACEMENT_3D('',#4140,#2991,#2992);
#2616=AXIS2_PLACEMENT_3D('',#4146,#2996,#2997);
#2617=AXIS2_PLACEMENT_3D('',#4150,#3000,#3001);
#2618=AXIS2_PLACEMENT_3D('',#4180,#3006,#3007);
#2619=AXIS2_PLACEMENT_3D('',#4183,#3009,#3010);
#2620=AXIS2_PLACEMENT_3D('',#4314,#3021,#3022);
#2621=AXIS2_PLACEMENT_3D('',#4318,#3025,#3026);
#2622=AXIS2_PLACEMENT_3D('',#4321,#3028,#3029);
#2623=AXIS2_PLACEMENT_3D('',#4322,#3030,#3031);
#2624=AXIS2_PLACEMENT_3D('',#4325,#3033,#3034);
#2625=AXIS2_PLACEMENT_3D('',#4352,#3037,#3038);
#2626=AXIS2_PLACEMENT_3D('',#4355,#3040,#3041);
#2627=AXIS2_PLACEMENT_3D('',#4356,#3042,#3043);
#2628=AXIS2_PLACEMENT_3D('',#4365,#3048,#3049);
#2629=AXIS2_PLACEMENT_3D('',#4366,#3050,#3051);
#2630=AXIS2_PLACEMENT_3D('',#4370,#3053,#3054);
#2631=AXIS2_PLACEMENT_3D('',#4371,#3055,#3056);
#2632=AXIS2_PLACEMENT_3D('',#4372,#3057,#3058);
#2633=AXIS2_PLACEMENT_3D('',#4376,#3060,#3061);
#2634=AXIS2_PLACEMENT_3D('',#4411,#3064,#3065);
#2635=AXIS2_PLACEMENT_3D('',#4412,#3066,#3067);
#2636=AXIS2_PLACEMENT_3D('',#4416,#3069,#3070);
#2637=AXIS2_PLACEMENT_3D('',#4442,#3071,#3072);
#2638=AXIS2_PLACEMENT_3D('',#4443,#3073,#3074);
#2639=AXIS2_PLACEMENT_3D('',#4444,#3075,#3076);
#2640=AXIS2_PLACEMENT_3D('',#4450,#3080,#3081);
#2641=AXIS2_PLACEMENT_3D('',#4454,#3084,#3085);
#2642=AXIS2_PLACEMENT_3D('',#4458,#3088,#3089);
#2643=AXIS2_PLACEMENT_3D('',#4460,#3091,#3092);
#2644=AXIS2_PLACEMENT_3D('',#4461,#3093,#3094);
#2645=DIRECTION('',(0.,0.,1.));
#2646=DIRECTION('',(1.,0.,0.));
#2647=DIRECTION('',(0.,0.,1.));
#2648=DIRECTION('',(1.,0.,0.));
#2649=DIRECTION('',(-1.,0.,0.));
#2650=DIRECTION('',(0.,1.,0.));
#2651=DIRECTION('',(1.,0.,0.));
#2652=DIRECTION('',(0.,-1.,0.));
#2653=DIRECTION('',(-1.,0.,0.));
#2654=DIRECTION('',(0.,-1.,0.));
#2655=DIRECTION('',(0.,0.,1.));
#2656=DIRECTION('',(1.,0.,0.));
#2657=DIRECTION('',(0.,0.,1.));
#2658=DIRECTION('',(1.,0.,0.));
#2659=DIRECTION('',(0.,0.,1.));
#2660=DIRECTION('',(1.,0.,0.));
#2661=DIRECTION('',(0.997834215260807,-0.0657790153076964,0.));
#2662=DIRECTION('',(0.,0.,1.));
#2663=DIRECTION('',(1.,0.,0.));
#2664=DIRECTION('',(0.,-1.,0.));
#2665=DIRECTION('',(-1.,0.,0.));
#2666=DIRECTION('',(0.,1.,0.));
#2667=DIRECTION('',(1.,0.,0.));
#2668=DIRECTION('',(0.,-1.,0.));
#2669=DIRECTION('',(1.,0.,0.));
#2670=DIRECTION('',(0.,0.,1.));
#2671=DIRECTION('',(1.,0.,0.));
#2672=DIRECTION('',(0.,0.,1.));
#2673=DIRECTION('',(1.,0.,0.));
#2674=DIRECTION('',(0.,-1.,0.));
#2675=DIRECTION('',(0.,0.,1.));
#2676=DIRECTION('',(1.,0.,0.));
#2677=DIRECTION('',(0.,0.,1.));
#2678=DIRECTION('',(1.,0.,0.));
#2679=DIRECTION('',(0.,0.,1.));
#2680=DIRECTION('',(1.,0.,0.));
#2681=DIRECTION('',(0.,-1.,0.));
#2682=DIRECTION('',(-0.99814782426501,-0.0608351947068963,0.));
#2683=DIRECTION('',(0.,0.,1.));
#2684=DIRECTION('',(1.,0.,0.));
#2685=DIRECTION('',(0.,0.,1.));
#2686=DIRECTION('',(1.,0.,0.));
#2687=DIRECTION('',(0.98003936127382,-0.198803547136371,0.));
#2688=DIRECTION('',(0.998623618700261,0.0524487194695514,0.));
#2689=DIRECTION('',(-0.980891226426811,0.194556937473086,0.));
#2690=DIRECTION('',(-1.,0.,0.));
#2691=DIRECTION('',(0.326322340116824,0.945258552111897,0.));
#2692=DIRECTION('',(1.,0.,0.));
#2693=DIRECTION('',(6.93889390390723E-17,-1.,0.));
#2694=DIRECTION('',(1.,0.,0.));
#2695=DIRECTION('',(0.,-1.,0.));
#2696=DIRECTION('',(1.,0.,0.));
#2697=DIRECTION('',(3.15917927310949E-16,-1.,0.));
#2698=DIRECTION('',(-1.,0.,0.));
#2699=DIRECTION('',(0.,-1.,0.));
#2700=DIRECTION('',(1.,0.,0.));
#2701=DIRECTION('',(1.,0.,0.));
#2702=DIRECTION('',(0.32595938872585,-0.945383772285875,0.));
#2703=DIRECTION('',(-1.,0.,0.));
#2704=DIRECTION('',(-0.308828535952261,0.951117729506491,0.));
#2705=DIRECTION('',(-1.,0.,0.));
#2706=DIRECTION('',(-0.309307619002347,-0.950962037532045,0.));
#2707=DIRECTION('',(1.,0.,0.));
#2708=DIRECTION('',(0.,0.,-1.));
#2709=DIRECTION('',(1.,0.,0.));
#2710=DIRECTION('',(-0.945383772285875,-0.32595938872585,0.));
#2711=DIRECTION('',(0.32595938872585,-0.945383772285875,0.));
#2712=DIRECTION('',(1.,0.,0.));
#2713=DIRECTION('',(0.,0.,-1.));
#2714=DIRECTION('',(1.,0.,0.));
#2715=DIRECTION('',(1.,6.93889390390723E-17,0.));
#2716=DIRECTION('',(-6.93889390390723E-17,1.,0.));
#2717=DIRECTION('',(0.945258552111897,-0.326322340116824,0.));
#2718=DIRECTION('',(0.326322340116824,0.945258552111897,0.));
#2719=DIRECTION('',(1.,6.93889390390723E-17,0.));
#2720=DIRECTION('',(-6.93889390390723E-17,1.,0.));
#2721=DIRECTION('',(0.,0.,-1.));
#2722=DIRECTION('',(6.93889390390723E-17,-1.,0.));
#2723=DIRECTION('',(0.,0.,-1.));
#2724=DIRECTION('',(0.,-1.,0.));
#2725=DIRECTION('',(0.,0.,-1.));
#2726=DIRECTION('',(0.,-1.,0.));
#2727=DIRECTION('',(0.,0.,-1.));
#2728=DIRECTION('',(0.,0.,-1.));
#2729=DIRECTION('',(-6.93889390390723E-17,1.,0.));
#2730=DIRECTION('',(0.,0.,-1.));
#2731=DIRECTION('',(-6.93889390390723E-17,1.,0.));
#2732=DIRECTION('',(0.,1.,0.));
#2733=DIRECTION('',(0.,0.,1.));
#2734=DIRECTION('',(1.,0.,0.));
#2735=DIRECTION('',(1.,0.,0.));
#2736=DIRECTION('',(0.,0.,-1.));
#2737=DIRECTION('',(1.,0.,0.));
#2738=DIRECTION('',(0.,0.,-1.));
#2739=DIRECTION('',(1.,0.,0.));
#2740=DIRECTION('',(0.,0.,-1.));
#2741=DIRECTION('',(1.,0.,0.));
#2742=DIRECTION('',(0.,0.,-1.));
#2743=DIRECTION('',(0.,0.,-1.));
#2744=DIRECTION('',(1.,0.,0.));
#2745=DIRECTION('',(0.,0.,-1.));
#2746=DIRECTION('',(0.,0.,-1.));
#2747=DIRECTION('',(0.,0.,-1.));
#2748=DIRECTION('',(0.,-1.,0.));
#2749=DIRECTION('',(0.,-1.,0.));
#2750=DIRECTION('',(0.,0.,-1.));
#2751=DIRECTION('',(0.,-1.,0.));
#2752=DIRECTION('',(0.,1.,0.));
#2753=DIRECTION('',(0.,0.,1.));
#2754=DIRECTION('',(1.,0.,0.));
#2755=DIRECTION('',(0.,0.,1.));
#2756=DIRECTION('',(1.,0.,0.));
#2757=DIRECTION('',(0.,-1.,0.));
#2758=DIRECTION('',(1.,0.,0.));
#2759=DIRECTION('',(-1.,0.,0.));
#2760=DIRECTION('',(3.15917927310949E-16,-1.,0.));
#2761=DIRECTION('',(1.,3.15917927310949E-16,0.));
#2762=DIRECTION('',(-3.15917927310949E-16,1.,0.));
#2763=DIRECTION('',(0.,0.,-1.));
#2764=DIRECTION('',(3.15917927310949E-16,-1.,0.));
#2765=DIRECTION('',(0.,-1.,0.));
#2766=DIRECTION('',(0.,0.,-1.));
#2767=DIRECTION('',(-1.,0.,0.));
#2768=DIRECTION('',(0.,0.,1.));
#2769=DIRECTION('',(1.,0.,0.));
#2770=DIRECTION('',(0.,1.,0.));
#2771=DIRECTION('',(0.,0.,1.));
#2772=DIRECTION('',(0.,0.,-1.));
#2773=DIRECTION('',(1.,0.,0.));
#2774=DIRECTION('',(1.,0.,0.));
#2775=DIRECTION('',(0.,0.,-1.));
#2776=DIRECTION('',(0.,-1.,0.));
#2777=DIRECTION('',(0.,0.,1.));
#2778=DIRECTION('',(1.,0.,0.));
#2779=DIRECTION('',(1.,3.15917927310949E-16,0.));
#2780=DIRECTION('',(-3.15917927310949E-16,1.,0.));
#2781=DIRECTION('',(3.15917927310949E-16,-1.,0.));
#2782=DIRECTION('',(0.,0.,-1.));
#2783=DIRECTION('',(0.,-1.,0.));
#2784=DIRECTION('',(0.,0.,-1.));
#2785=DIRECTION('',(-1.,0.,0.));
#2786=DIRECTION('',(0.,0.,1.));
#2787=DIRECTION('',(1.,0.,0.));
#2788=DIRECTION('',(0.,1.,0.));
#2789=DIRECTION('',(0.,0.,1.));
#2790=DIRECTION('',(1.,0.,0.));
#2791=DIRECTION('',(0.,0.,-1.));
#2792=DIRECTION('',(1.,0.,0.));
#2793=DIRECTION('',(0.,0.,-1.));
#2794=DIRECTION('',(0.,-1.,0.));
#2795=DIRECTION('',(0.,0.,1.));
#2796=DIRECTION('',(1.,0.,0.));
#2797=DIRECTION('',(-6.93889390390723E-17,1.,0.));
#2798=DIRECTION('',(-1.,-6.93889390390723E-17,0.));
#2799=DIRECTION('',(-1.,-6.93889390390723E-17,0.));
#2800=DIRECTION('',(0.,0.,-1.));
#2801=DIRECTION('',(-1.,-6.93889390390723E-17,0.));
#2802=DIRECTION('',(0.,0.,1.));
#2803=DIRECTION('',(1.,0.,0.));
#2804=DIRECTION('',(-1.,-6.93889390390723E-17,0.));
#2805=DIRECTION('',(-6.93889390390723E-17,1.,0.));
#2806=DIRECTION('',(-6.93889390390723E-17,1.,0.));
#2807=DIRECTION('',(-1.,-6.93889390390723E-17,0.));
#2808=DIRECTION('',(-1.,-6.93889390390723E-17,0.));
#2809=DIRECTION('',(0.,0.,-1.));
#2810=DIRECTION('',(0.,0.,1.));
#2811=DIRECTION('',(1.,0.,0.));
#2812=DIRECTION('',(-6.93889390390723E-17,1.,0.));
#2813=DIRECTION('',(-1.,-6.93889390390723E-17,0.));
#2814=DIRECTION('',(6.93889390390723E-17,-1.,0.));
#2815=DIRECTION('',(0.,0.,1.));
#2816=DIRECTION('',(0.,0.,1.));
#2817=DIRECTION('',(0.,0.,1.));
#2818=DIRECTION('',(0.,0.,1.));
#2819=DIRECTION('',(0.,0.,1.));
#2820=DIRECTION('',(0.,0.,1.));
#2821=DIRECTION('',(0.,0.,1.));
#2822=DIRECTION('',(0.,0.,1.));
#2823=DIRECTION('',(0.,0.,1.));
#2824=DIRECTION('',(1.,0.,0.));
#2825=DIRECTION('',(0.951117729506491,0.308828535952261,0.));
#2826=DIRECTION('',(-0.308828535952261,0.951117729506491,0.));
#2827=DIRECTION('',(-0.308828535952261,0.951117729506491,0.));
#2828=DIRECTION('',(0.,0.,1.));
#2829=DIRECTION('',(-0.308828535952261,0.951117729506491,0.));
#2830=DIRECTION('',(0.,0.,1.));
#2831=DIRECTION('',(0.,-1.,0.));
#2832=DIRECTION('',(0.,0.,-1.));
#2833=DIRECTION('',(1.,0.,0.));
#2834=DIRECTION('',(0.,0.,1.));
#2835=DIRECTION('',(1.,0.,0.));
#2836=DIRECTION('',(-0.950962037532045,0.309307619002347,0.));
#2837=DIRECTION('',(-0.309307619002347,-0.950962037532045,0.));
#2838=DIRECTION('',(-0.309307619002347,-0.950962037532045,0.));
#2839=DIRECTION('',(0.,0.,1.));
#2840=DIRECTION('',(-0.309307619002347,-0.950962037532045,0.));
#2841=DIRECTION('',(-0.950962037532045,0.309307619002347,0.));
#2842=DIRECTION('',(-0.309307619002347,-0.950962037532045,0.));
#2843=DIRECTION('',(0.,0.,1.));
#2844=DIRECTION('',(-0.309307619002347,-0.950962037532045,0.));
#2845=DIRECTION('',(0.,0.,1.));
#2846=DIRECTION('',(0.,1.,0.));
#2847=DIRECTION('',(0.,0.,1.));
#2848=DIRECTION('',(0.,0.,1.));
#2849=DIRECTION('',(-1.,0.,0.));
#2850=DIRECTION('',(0.951117729506491,0.308828535952261,0.));
#2851=DIRECTION('',(-0.308828535952261,0.951117729506491,0.));
#2852=DIRECTION('',(0.,0.,1.));
#2853=DIRECTION('',(-0.308828535952261,0.951117729506491,0.));
#2854=DIRECTION('',(0.,1.,0.));
#2855=DIRECTION('',(0.,0.,1.));
#2856=DIRECTION('',(0.,0.,1.));
#2857=DIRECTION('',(-1.,0.,0.));
#2858=DIRECTION('',(-0.945383772285875,-0.32595938872585,0.));
#2859=DIRECTION('',(0.32595938872585,-0.945383772285875,0.));
#2860=DIRECTION('',(0.,0.,1.));
#2861=DIRECTION('',(0.32595938872585,-0.945383772285875,0.));
#2862=DIRECTION('',(0.,-1.,0.));
#2863=DIRECTION('',(0.,0.,-1.));
#2864=DIRECTION('',(0.,0.,1.));
#2865=DIRECTION('',(1.,0.,0.));
#2866=DIRECTION('',(0.945258552111897,-0.326322340116824,0.));
#2867=DIRECTION('',(0.326322340116824,0.945258552111897,0.));
#2868=DIRECTION('',(0.,0.,1.));
#2869=DIRECTION('',(0.326322340116824,0.945258552111897,0.));
#2870=DIRECTION('',(0.,1.,0.));
#2871=DIRECTION('',(0.,0.,1.));
#2872=DIRECTION('',(-1.,0.,0.));
#2873=DIRECTION('',(0.,1.,0.));
#2874=DIRECTION('',(0.,0.,1.));
#2875=DIRECTION('',(-1.,0.,0.));
#2876=DIRECTION('',(-1.,0.,0.));
#2877=DIRECTION('',(0.,0.,1.));
#2878=DIRECTION('',(1.,0.,0.));
#2879=DIRECTION('',(-0.0608351947068963,0.99814782426501,0.));
#2880=DIRECTION('',(-0.99814782426501,-0.0608351947068963,0.));
#2881=DIRECTION('',(0.,0.,1.));
#2882=DIRECTION('',(-0.99814782426501,-0.0608351947068963,0.));
#2883=DIRECTION('',(0.,0.,1.));
#2884=DIRECTION('',(0.,0.,1.));
#2885=DIRECTION('',(0.,0.,1.));
#2886=DIRECTION('',(0.,0.,1.));
#2887=DIRECTION('',(0.,0.,1.));
#2888=DIRECTION('',(0.,0.,1.));
#2889=DIRECTION('',(0.,0.,1.));
#2890=DIRECTION('',(0.,0.,1.));
#2891=DIRECTION('',(0.194556937473086,0.980891226426811,0.));
#2892=DIRECTION('',(-0.980891226426811,0.194556937473086,0.));
#2893=DIRECTION('',(0.,0.,1.));
#2894=DIRECTION('',(-0.980891226426811,0.194556937473086,0.));
#2895=DIRECTION('',(0.,0.,1.));
#2896=DIRECTION('',(0.,0.,1.));
#2897=DIRECTION('',(0.,0.,1.));
#2898=DIRECTION('',(0.,0.,1.));
#2899=DIRECTION('',(0.,0.,1.));
#2900=DIRECTION('',(0.,0.,1.));
#2901=DIRECTION('',(0.0524487194695514,-0.998623618700261,0.));
#2902=DIRECTION('',(0.998623618700261,0.0524487194695514,0.));
#2903=DIRECTION('',(0.,0.,1.));
#2904=DIRECTION('',(0.998623618700261,0.0524487194695514,0.));
#2905=DIRECTION('',(0.,0.,1.));
#2906=DIRECTION('',(0.,0.,1.));
#2907=DIRECTION('',(0.,0.,1.));
#2908=DIRECTION('',(0.,0.,1.));
#2909=DIRECTION('',(0.,0.,1.));
#2910=DIRECTION('',(0.,0.,1.));
#2911=DIRECTION('',(0.,0.,1.));
#2912=DIRECTION('',(-0.198803547136371,-0.98003936127382,0.));
#2913=DIRECTION('',(0.98003936127382,-0.198803547136371,0.));
#2914=DIRECTION('',(0.,0.,1.));
#2915=DIRECTION('',(0.98003936127382,-0.198803547136371,0.));
#2916=DIRECTION('',(0.,0.,1.));
#2917=DIRECTION('',(0.,0.,1.));
#2918=DIRECTION('',(0.,0.,1.));
#2919=DIRECTION('',(0.,0.,1.));
#2920=DIRECTION('',(0.,0.,1.));
#2921=DIRECTION('',(0.,0.,1.));
#2922=DIRECTION('',(0.604086830353804,0.796918503608176,0.));
#2923=DIRECTION('',(0.,0.,1.));
#2924=DIRECTION('',(0.,0.,1.));
#2925=DIRECTION('',(1.,0.,0.));
#2926=DIRECTION('',(0.,0.,1.));
#2927=DIRECTION('',(0.903397202760024,0.428804727172362,0.));
#2928=DIRECTION('',(0.,0.,1.));
#2929=DIRECTION('',(1.,0.,0.));
#2930=DIRECTION('',(0.,0.,1.));
#2931=DIRECTION('',(1.,0.,0.));
#2932=DIRECTION('',(1.,0.,0.));
#2933=DIRECTION('',(0.,0.,-1.));
#2934=DIRECTION('',(0.,0.,1.));
#2935=DIRECTION('',(0.,1.,0.));
#2936=DIRECTION('',(0.,0.,1.));
#2937=DIRECTION('',(0.,1.,0.));
#2938=DIRECTION('',(0.,0.,1.));
#2939=DIRECTION('',(0.,0.,1.));
#2940=DIRECTION('',(-1.,0.,0.));
#2941=DIRECTION('',(-1.,0.,0.));
#2942=DIRECTION('',(0.,0.,1.));
#2943=DIRECTION('',(0.,0.,1.));
#2944=DIRECTION('',(0.,-1.,0.));
#2945=DIRECTION('',(0.,0.,1.));
#2946=DIRECTION('',(0.,0.,1.));
#2947=DIRECTION('',(-0.696270599305817,0.717779389884049,0.));
#2948=DIRECTION('',(0.,0.,1.));
#2949=DIRECTION('',(0.,0.,1.));
#2950=DIRECTION('',(1.,0.,0.));
#2951=DIRECTION('',(0.,0.,1.));
#2952=DIRECTION('',(0.,0.,1.));
#2953=DIRECTION('',(0.0702701495635414,0.997527997642331,0.));
#2954=DIRECTION('',(0.,0.,1.));
#2955=DIRECTION('',(0.,0.,1.));
#2956=DIRECTION('',(1.,0.,0.));
#2957=DIRECTION('',(0.,0.,1.));
#2958=DIRECTION('',(0.192419819994939,0.981312698823935,0.));
#2959=DIRECTION('',(0.,0.,1.));
#2960=DIRECTION('',(0.,0.,1.));
#2961=DIRECTION('',(1.,0.,0.));
#2962=DIRECTION('',(-1.,0.,0.));
#2963=DIRECTION('',(0.,0.,1.));
#2964=DIRECTION('',(0.,0.,1.));
#2965=DIRECTION('',(0.,-1.,0.));
#2966=DIRECTION('',(0.,0.,1.));
#2967=DIRECTION('',(0.169291860813223,0.985565962207703,0.));
#2968=DIRECTION('',(0.,0.,1.));
#2969=DIRECTION('',(0.,0.,1.));
#2970=DIRECTION('',(1.,0.,0.));
#2971=DIRECTION('',(0.,0.,1.));
#2972=DIRECTION('',(0.0559517156879333,0.998433475756686,0.));
#2973=DIRECTION('',(0.,0.,1.));
#2974=DIRECTION('',(0.,0.,1.));
#2975=DIRECTION('',(1.,0.,0.));
#2976=DIRECTION('',(0.,0.,1.));
#2977=DIRECTION('',(0.,0.,1.));
#2978=DIRECTION('',(0.,-1.,0.));
#2979=DIRECTION('',(0.,0.,-1.));
#2980=DIRECTION('',(0.,0.,1.));
#2981=DIRECTION('',(1.,0.,0.));
#2982=DIRECTION('',(-1.,0.,0.));
#2983=DIRECTION('',(0.,0.,1.));
#2984=DIRECTION('',(0.,0.,1.));
#2985=DIRECTION('',(0.,-1.,0.));
#2986=DIRECTION('',(0.,-1.,0.));
#2987=DIRECTION('',(0.,0.,-1.));
#2988=DIRECTION('',(1.,0.,0.));
#2989=DIRECTION('',(0.,0.,1.));
#2990=DIRECTION('',(1.,0.,0.));
#2991=DIRECTION('',(-1.,0.,0.));
#2992=DIRECTION('',(0.,0.,1.));
#2993=DIRECTION('',(0.,0.,1.));
#2994=DIRECTION('',(0.,-1.,0.));
#2995=DIRECTION('',(0.,0.,1.));
#2996=DIRECTION('',(0.,1.,0.));
#2997=DIRECTION('',(0.,0.,1.));
#2998=DIRECTION('',(0.,0.,1.));
#2999=DIRECTION('',(-1.,0.,0.));
#3000=DIRECTION('',(-1.,0.,0.));
#3001=DIRECTION('',(0.,0.,1.));
#3002=DIRECTION('',(0.,0.,1.));
#3003=DIRECTION('',(0.,-1.,0.));
#3004=DIRECTION('',(0.,0.,1.));
#3005=DIRECTION('',(0.,0.,1.));
#3006=DIRECTION('',(0.,0.,1.));
#3007=DIRECTION('',(0.534627037821767,0.845088119920002,0.));
#3008=DIRECTION('',(0.,0.,1.));
#3009=DIRECTION('',(0.,0.,1.));
#3010=DIRECTION('',(1.,0.,0.));
#3011=DIRECTION('',(0.,0.,1.));
#3012=DIRECTION('',(0.,0.,1.));
#3013=DIRECTION('',(0.,0.,1.));
#3014=DIRECTION('',(0.,0.,1.));
#3015=DIRECTION('',(0.,0.,1.));
#3016=DIRECTION('',(0.,0.,1.));
#3017=DIRECTION('',(0.,0.,1.));
#3018=DIRECTION('',(0.,0.,1.));
#3019=DIRECTION('',(0.,0.,1.));
#3020=DIRECTION('',(0.,0.,1.));
#3021=DIRECTION('',(-0.0657790153076963,-0.997834215260807,0.));
#3022=DIRECTION('',(0.997834215260807,-0.0657790153076964,0.));
#3023=DIRECTION('',(0.,0.,1.));
#3024=DIRECTION('',(0.997834215260807,-0.0657790153076964,0.));
#3025=DIRECTION('',(0.,0.,1.));
#3026=DIRECTION('',(0.836053375240308,-0.548648114686716,0.));
#3027=DIRECTION('',(0.,0.,1.));
#3028=DIRECTION('',(0.,0.,1.));
#3029=DIRECTION('',(1.,0.,0.));
#3030=DIRECTION('',(0.,0.,1.));
#3031=DIRECTION('',(0.512060722253489,-0.858949251542392,0.));
#3032=DIRECTION('',(0.,0.,1.));
#3033=DIRECTION('',(0.,0.,1.));
#3034=DIRECTION('',(1.,0.,0.));
#3035=DIRECTION('',(0.,0.,1.));
#3036=DIRECTION('',(0.,0.,1.));
#3037=DIRECTION('',(0.,0.,1.));
#3038=DIRECTION('',(-0.726252692492372,-0.687427833774266,0.));
#3039=DIRECTION('',(0.,0.,1.));
#3040=DIRECTION('',(0.,0.,1.));
#3041=DIRECTION('',(1.,0.,0.));
#3042=DIRECTION('',(0.,-1.,0.));
#3043=DIRECTION('',(0.,0.,-1.));
#3044=DIRECTION('',(1.,0.,0.));
#3045=DIRECTION('',(0.,0.,1.));
#3046=DIRECTION('',(1.,0.,0.));
#3047=DIRECTION('',(0.,0.,1.));
#3048=DIRECTION('',(0.,0.,1.));
#3049=DIRECTION('',(-0.961909220428882,0.273369075891734,0.));
#3050=DIRECTION('',(0.,0.,1.));
#3051=DIRECTION('',(1.,0.,0.));
#3052=DIRECTION('',(0.,0.,1.));
#3053=DIRECTION('',(0.,0.,1.));
#3054=DIRECTION('',(1.,0.,0.));
#3055=DIRECTION('',(0.,0.,1.));
#3056=DIRECTION('',(-0.715601559104453,0.698508703315339,0.));
#3057=DIRECTION('',(0.,0.,1.));
#3058=DIRECTION('',(1.,0.,0.));
#3059=DIRECTION('',(0.,0.,1.));
#3060=DIRECTION('',(0.,0.,1.));
#3061=DIRECTION('',(1.,0.,0.));
#3062=DIRECTION('',(0.,0.,1.));
#3063=DIRECTION('',(0.,0.,1.));
#3064=DIRECTION('',(0.,0.,1.));
#3065=DIRECTION('',(0.710454572152619,0.703743064553705,0.));
#3066=DIRECTION('',(0.,0.,1.));
#3067=DIRECTION('',(1.,0.,0.));
#3068=DIRECTION('',(0.,0.,1.));
#3069=DIRECTION('',(0.,0.,1.));
#3070=DIRECTION('',(1.,0.,0.));
#3071=DIRECTION('',(0.,0.,1.));
#3072=DIRECTION('',(1.,0.,0.));
#3073=DIRECTION('',(0.,0.,1.));
#3074=DIRECTION('',(1.,0.,0.));
#3075=DIRECTION('',(1.,0.,0.));
#3076=DIRECTION('',(0.,0.,-1.));
#3077=DIRECTION('',(0.,0.,1.));
#3078=DIRECTION('',(0.,1.,0.));
#3079=DIRECTION('',(0.,0.,1.));
#3080=DIRECTION('',(0.,1.,0.));
#3081=DIRECTION('',(0.,0.,1.));
#3082=DIRECTION('',(0.,0.,1.));
#3083=DIRECTION('',(-1.,0.,0.));
#3084=DIRECTION('',(-1.,0.,0.));
#3085=DIRECTION('',(0.,0.,1.));
#3086=DIRECTION('',(0.,0.,1.));
#3087=DIRECTION('',(0.,-1.,0.));
#3088=DIRECTION('',(0.,-1.,0.));
#3089=DIRECTION('',(0.,0.,-1.));
#3090=DIRECTION('',(1.,0.,0.));
#3091=DIRECTION('',(0.,0.,1.));
#3092=DIRECTION('',(1.,0.,0.));
#3093=DIRECTION('',(0.,0.,1.));
#3094=DIRECTION('',(1.,0.,0.));
#3095=CARTESIAN_POINT('',(0.,0.,0.));
#3096=CARTESIAN_POINT('',(-0.0042432114481926,-0.0112198915332556,0.08));
#3097=CARTESIAN_POINT('',(-0.00174662938791798,0.0205756300040742,0.08));
#3098=CARTESIAN_POINT('',(-0.000306636521009581,0.0205756300040742,0.08));
#3099=CARTESIAN_POINT('',(-0.00318662225482638,0.0205756300040742,0.08));
#3100=CARTESIAN_POINT('',(-0.00318662225482638,0.0257634680828948,0.08));
#3101=CARTESIAN_POINT('',(-0.00318662225482638,0.0309513061617154,0.08));
#3102=CARTESIAN_POINT('',(-0.00174662938791798,0.0309513061617154,0.08));
#3103=CARTESIAN_POINT('',(-0.000306636521009581,0.0309513061617154,0.08));
#3104=CARTESIAN_POINT('',(-0.000306636521009581,0.0257634680828948,0.08));
#3105=CARTESIAN_POINT('',(0.00794694488539831,0.0250278680115639,0.08));
#3106=CARTESIAN_POINT('',(0.011480797349287,0.0250278680115639,0.08));
#3107=CARTESIAN_POINT('',(0.00441309242150959,0.0250278680115639,0.08));
#3108=CARTESIAN_POINT('',(0.00441309242150959,0.0250234098293134,0.08));
#3109=CARTESIAN_POINT('',(0.00441309242150959,0.0250189516470629,0.08));
#3110=CARTESIAN_POINT('',(0.00441309242150959,0.0250189516470629,0.08));
#3111=CARTESIAN_POINT('',(0.00441309242150959,0.0242491721784783,0.08));
#3112=CARTESIAN_POINT('',(0.00469990214629113,0.0236889272756666,0.08));
#3113=CARTESIAN_POINT('',(0.00469990214629113,0.0236889272756666,0.08));
#3114=CARTESIAN_POINT('',(0.0065321241206271,0.0245987823132619,0.08));
#3115=CARTESIAN_POINT('',(0.00551426343738072,0.0228255259798217,0.08));
#3116=CARTESIAN_POINT('',(0.00551426343738072,0.0228255259798217,0.08));
#3117=CARTESIAN_POINT('',(0.00604181500368875,0.0225223695867883,0.08));
#3118=CARTESIAN_POINT('',(0.00676404052826819,0.0225223695867883,0.08));
#3119=CARTESIAN_POINT('',(0.00676404052826819,0.0225223695867883,0.08));
#3120=CARTESIAN_POINT('',(0.00676404052826819,0.0225223695867883,0.08));
#3121=CARTESIAN_POINT('',(0.00724552421132116,0.0225223695867883,0.08));
#3122=CARTESIAN_POINT('',(0.00764378849236496,0.022656115054303,0.08));
#3123=CARTESIAN_POINT('',(0.00764378849236496,0.022656115054303,0.08));
#3124=CARTESIAN_POINT('',(0.0070878864204667,0.0243766073448695,0.08));
#3125=CARTESIAN_POINT('',(0.00832592921863768,0.0230597356175357,0.08));
#3126=CARTESIAN_POINT('',(0.0071021773611545,0.0243283735520814,0.08));
#3127=CARTESIAN_POINT('',(0.00875768767590424,0.0237231492833851,0.08));
#3128=CARTESIAN_POINT('',(0.0100883584263839,0.0236354290886607,0.08));
#3129=CARTESIAN_POINT('',(0.0114183827977802,0.023547751504401,0.08));
#3130=CARTESIAN_POINT('',(0.0114183827977802,0.023547751504401,0.08));
#3131=CARTESIAN_POINT('',(0.0112162785357579,0.0225877562597954,0.08));
#3132=CARTESIAN_POINT('',(0.0105906469599391,0.0218759331604672,0.08));
#3133=CARTESIAN_POINT('',(0.0105906469599391,0.0218759331604672,0.08));
#3134=CARTESIAN_POINT('',(0.0105906469599391,0.0218759331604672,0.08));
#3135=CARTESIAN_POINT('',(0.0099650153841203,0.0211641100611389,0.08));
#3136=CARTESIAN_POINT('',(0.00898272922826225,0.0207688179015954,0.08));
#3137=CARTESIAN_POINT('',(0.00898272922826225,0.0207688179015954,0.08));
#3138=CARTESIAN_POINT('',(0.00898272922826225,0.0207688179015954,0.08));
#3139=CARTESIAN_POINT('',(0.00800044307240419,0.0203735257420519,0.08));
#3140=CARTESIAN_POINT('',(0.00671648658426296,0.0203735257420519,0.08));
#3141=CARTESIAN_POINT('',(0.00671648658426296,0.0203735257420519,0.08));
#3142=CARTESIAN_POINT('',(0.00671648658426296,0.0203735257420519,0.08));
#3143=CARTESIAN_POINT('',(0.00511748521708707,0.0203735257420519,0.08));
#3144=CARTESIAN_POINT('',(0.00396578813571038,0.0210244203506235,0.08));
#3145=CARTESIAN_POINT('',(0.00396578813571038,0.0210244203506235,0.08));
#3146=CARTESIAN_POINT('',(0.00396578813571038,0.0210244203506235,0.08));
#3147=CARTESIAN_POINT('',(0.0028140910543337,0.0216753149591951,0.08));
#3148=CARTESIAN_POINT('',(0.00219143160001521,0.022874565984577,0.08));
#3149=CARTESIAN_POINT('',(0.00219143160001521,0.022874565984577,0.08));
#3150=CARTESIAN_POINT('',(0.00219143160001521,0.022874565984577,0.08));
#3151=CARTESIAN_POINT('',(0.00156877214569671,0.024073817009959,0.08));
#3152=CARTESIAN_POINT('',(0.00156877214569671,0.0257174001996398,0.08));
#3153=CARTESIAN_POINT('',(0.00156877214569671,0.0257174001996398,0.08));
#3154=CARTESIAN_POINT('',(0.00156877214569671,0.0257174001996398,0.08));
#3155=CARTESIAN_POINT('',(0.00156877214569671,0.0273164015668157,0.08));
#3156=CARTESIAN_POINT('',(0.00219143160001521,0.0285260550174487,0.08));
#3157=CARTESIAN_POINT('',(0.00219143160001521,0.0285260550174487,0.08));
#3158=CARTESIAN_POINT('',(0.00219143160001521,0.0285260550174487,0.08));
#3159=CARTESIAN_POINT('',(0.0028140910543337,0.0297357084680818,0.08));
#3160=CARTESIAN_POINT('',(0.00394498328520809,0.030410380048656,0.08));
#3161=CARTESIAN_POINT('',(0.00394498328520809,0.030410380048656,0.08));
#3162=CARTESIAN_POINT('',(0.00394498328520809,0.030410380048656,0.08));
#3163=CARTESIAN_POINT('',(0.00507587551608249,0.0310850516292302,0.08));
#3164=CARTESIAN_POINT('',(0.00660354596725054,0.0310850516292302,0.08));
#3165=CARTESIAN_POINT('',(0.00660354596725054,0.0310850516292302,0.08));
#3166=CARTESIAN_POINT('',(0.00660354596725054,0.0310850516292302,0.08));
#3167=CARTESIAN_POINT('',(0.00762892788486333,0.0310850516292302,0.08));
#3168=CARTESIAN_POINT('',(0.00851759221346108,0.0307581182641942,0.08));
#3169=CARTESIAN_POINT('',(0.00851759221346108,0.0307581182641942,0.08));
#3170=CARTESIAN_POINT('',(0.00704730358548389,0.0267083575938848,0.08));
#3171=CARTESIAN_POINT('',(0.0100720117581321,0.0297758321083362,0.08));
#3172=CARTESIAN_POINT('',(0.0100720117581321,0.0297758321083362,0.08));
#3173=CARTESIAN_POINT('',(0.0107377669742053,0.0291204793175141,0.08));
#3174=CARTESIAN_POINT('',(0.0111092821617462,0.0281307628579052,0.08));
#3175=CARTESIAN_POINT('',(0.0111092821617462,0.0281307628579052,0.08));
#3176=CARTESIAN_POINT('',(0.0111092821617462,0.0281307628579052,0.08));
#3177=CARTESIAN_POINT('',(0.011480797349287,0.0271410463982963,0.08));
#3178=CARTESIAN_POINT('',(0.011480797349287,0.0258184523306508,0.08));
#3179=CARTESIAN_POINT('',(0.011480797349287,0.0258184523306508,0.08));
#3180=CARTESIAN_POINT('',(0.011480797349287,0.0254231601711074,0.08));
#3181=CARTESIAN_POINT('',(0.0147961988829017,0.0205756300040742,0.08));
#3182=CARTESIAN_POINT('',(0.0162361917498101,0.0205756300040742,0.08));
#3183=CARTESIAN_POINT('',(0.0133562060159933,0.0205756300040742,0.08));
#3184=CARTESIAN_POINT('',(0.0133562060159933,0.0257634680828948,0.08));
#3185=CARTESIAN_POINT('',(0.0133562060159933,0.0309513061617154,0.08));
#3186=CARTESIAN_POINT('',(0.0147516170603968,0.0309513061617154,0.08));
#3187=CARTESIAN_POINT('',(0.0161470281048003,0.0309513061617154,0.08));
#3188=CARTESIAN_POINT('',(0.0161470281048003,0.0300462951648659,0.08));
#3189=CARTESIAN_POINT('',(0.0161470281048003,0.0291412841680164,0.08));
#3190=CARTESIAN_POINT('',(0.0162005262918062,0.0291412841680164,0.08));
#3191=CARTESIAN_POINT('',(0.0162540244788121,0.0291412841680164,0.08));
#3192=CARTESIAN_POINT('',(0.0162540244788121,0.0291412841680164,0.08));
#3193=CARTESIAN_POINT('',(0.0165393481428435,0.0301072236556226,0.08));
#3194=CARTESIAN_POINT('',(0.017208075480417,0.0306035679461772,0.08));
#3195=CARTESIAN_POINT('',(0.017208075480417,0.0306035679461772,0.08));
#3196=CARTESIAN_POINT('',(0.017208075480417,0.0306035679461772,0.08));
#3197=CARTESIAN_POINT('',(0.0178768028179906,0.0310999122367318,0.08));
#3198=CARTESIAN_POINT('',(0.0187476344175864,0.0310999122367318,0.08));
#3199=CARTESIAN_POINT('',(0.0187476344175864,0.0310999122367318,0.08));
#3200=CARTESIAN_POINT('',(0.018726280633298,0.026694685093089,0.08));
#3201=CARTESIAN_POINT('',(0.0192142426419011,0.0310730119206614,0.08));
#3202=CARTESIAN_POINT('',(0.0188930464738231,0.027804298990177,0.08));
#3203=CARTESIAN_POINT('',(0.0196541314751861,0.0309992016541965,0.08));
#3204=CARTESIAN_POINT('',(0.0196541314751861,0.0297223339213303,0.08));
#3205=CARTESIAN_POINT('',(0.0196541314751861,0.0284468048211266,0.08));
#3206=CARTESIAN_POINT('',(0.0186144594438016,0.0244411146330559,0.08));
#3207=CARTESIAN_POINT('',(0.0190908648679599,0.0285524128713122,0.08));
#3208=CARTESIAN_POINT('',(0.018394416813992,0.02356905452804,0.08));
#3209=CARTESIAN_POINT('',(0.018435561660052,0.0286003580549569,0.08));
#3210=CARTESIAN_POINT('',(0.018435561660052,0.0286003580549569,0.08));
#3211=CARTESIAN_POINT('',(0.0178024997804824,0.0286003580549569,0.08));
#3212=CARTESIAN_POINT('',(0.0173061554899278,0.0283269228769268,0.08));
#3213=CARTESIAN_POINT('',(0.0173061554899278,0.0283269228769268,0.08));
#3214=CARTESIAN_POINT('',(0.0182748368111295,0.0265440805341395,0.08));
#3215=CARTESIAN_POINT('',(0.0165230014745917,0.0275675458335932,0.08));
#3216=CARTESIAN_POINT('',(0.0165230014745917,0.0275675458335932,0.08));
#3217=CARTESIAN_POINT('',(0.0162361917498101,0.0270816039682898,0.08));
#3218=CARTESIAN_POINT('',(0.0162361917498101,0.0264455699672199,0.08));
#3219=CARTESIAN_POINT('',(0.0162361917498101,0.0264455699672199,0.08));
#3220=CARTESIAN_POINT('',(0.0162361917498101,0.023510599985647,0.08));
#3221=CARTESIAN_POINT('',(-0.00655849409694729,0.0302543436698888,0.08));
#3222=CARTESIAN_POINT('',(-0.00542760186607289,0.0294236357105474,0.08));
#3223=CARTESIAN_POINT('',(-0.00523738609005197,0.0279910731473898,0.08));
#3224=CARTESIAN_POINT('',(-0.00655849409694729,0.0302543436698888,0.08));
#3225=CARTESIAN_POINT('',(-0.00523738609005197,0.0279910731473898,0.08));
#3226=CARTESIAN_POINT('',(-0.0065540359146968,0.027910825866881,0.08));
#3227=CARTESIAN_POINT('',(-0.00787063548496424,0.0278305816492801,0.08));
#3228=CARTESIAN_POINT('',(-0.00923405522986004,0.0275567061938006,0.08));
#3229=CARTESIAN_POINT('',(-0.00816174016957188,0.028443015813138,0.08));
#3230=CARTESIAN_POINT('',(-0.00938111363077171,0.0274204642044178,0.08));
#3231=CARTESIAN_POINT('',(-0.00874597552118791,0.0288812235367378,0.08));
#3232=CARTESIAN_POINT('',(-0.00874597552118791,0.0288812235367378,0.08));
#3233=CARTESIAN_POINT('',(-0.00910708828347763,0.0290461762800059,0.08));
#3234=CARTESIAN_POINT('',(-0.00960937681703288,0.0290461762800059,0.08));
#3235=CARTESIAN_POINT('',(-0.00960937681703288,0.0290461762800059,0.08));
#3236=CARTESIAN_POINT('',(-0.00960937681703288,0.0290461762800059,0.08));
#3237=CARTESIAN_POINT('',(-0.0102781041546064,0.0290461762800059,0.08));
#3238=CARTESIAN_POINT('',(-0.010737296926407,0.028765310798225,0.08));
#3239=CARTESIAN_POINT('',(-0.010737296926407,0.028765310798225,0.08));
#3240=CARTESIAN_POINT('',(-0.010737296926407,0.028765310798225,0.08));
#3241=CARTESIAN_POINT('',(-0.0111964896982075,0.0284844453164441,0.08));
#3242=CARTESIAN_POINT('',(-0.0111964896982075,0.0280207943623931,0.08));
#3243=CARTESIAN_POINT('',(-0.0111964896982075,0.0280207943623931,0.08));
#3244=CARTESIAN_POINT('',(-0.0111964896982075,0.0280207943623931,0.08));
#3245=CARTESIAN_POINT('',(-0.0111964896982075,0.0276492791748522,0.08));
#3246=CARTESIAN_POINT('',(-0.0108992775481748,0.027392190665074,0.08));
#3247=CARTESIAN_POINT('',(-0.0108992775481748,0.027392190665074,0.08));
#3248=CARTESIAN_POINT('',(-0.0108992775481748,0.027392190665074,0.08));
#3249=CARTESIAN_POINT('',(-0.0106020653981421,0.0271351021552957,0.08));
#3250=CARTESIAN_POINT('',(-0.00987686775206231,0.0269805518372787,0.08));
#3251=CARTESIAN_POINT('',(-0.00987686775206231,0.0269805518372787,0.08));
#3252=CARTESIAN_POINT('',(-0.00893916341870916,0.0267903360612578,0.08));
#3253=CARTESIAN_POINT('',(-0.00800145908535601,0.0266001202852368,0.08));
#3254=CARTESIAN_POINT('',(-0.00800145908535601,0.0266001202852368,0.08));
#3255=CARTESIAN_POINT('',(-0.0064886492416896,0.0262910196492029,0.08));
#3256=CARTESIAN_POINT('',(-0.00574561886660787,0.025601487461127,0.08));
#3257=CARTESIAN_POINT('',(-0.00574561886660787,0.025601487461127,0.08));
#3258=CARTESIAN_POINT('',(-0.00574561886660787,0.025601487461127,0.08));
#3259=CARTESIAN_POINT('',(-0.00500258849152614,0.0249119552730511,0.08));
#3260=CARTESIAN_POINT('',(-0.00500258849152614,0.0237914654674279,0.08));
#3261=CARTESIAN_POINT('',(-0.00500258849152614,0.0237914654674279,0.08));
#3262=CARTESIAN_POINT('',(-0.00500258849152614,0.0237914654674279,0.08));
#3263=CARTESIAN_POINT('',(-0.00500258849152614,0.0227720277928158,0.08));
#3264=CARTESIAN_POINT('',(-0.00559998491309185,0.0220007622634809,0.08));
#3265=CARTESIAN_POINT('',(-0.00559998491309185,0.0220007622634809,0.08));
#3266=CARTESIAN_POINT('',(-0.00559998491309185,0.0220007622634809,0.08));
#3267=CARTESIAN_POINT('',(-0.00619738133465756,0.021229496734146,0.08));
#3268=CARTESIAN_POINT('',(-0.00723465173827166,0.020801511238099,0.08));
#3269=CARTESIAN_POINT('',(-0.00723465173827166,0.020801511238099,0.08));
#3270=CARTESIAN_POINT('',(-0.00723465173827166,0.020801511238099,0.08));
#3271=CARTESIAN_POINT('',(-0.00827192214188577,0.0203735257420519,0.08));
#3272=CARTESIAN_POINT('',(-0.00962126530303419,0.0203735257420519,0.08));
#3273=CARTESIAN_POINT('',(-0.00962126530303419,0.0203735257420519,0.08));
#3274=CARTESIAN_POINT('',(-0.00962126530303419,0.0203735257420519,0.08));
#3275=CARTESIAN_POINT('',(-0.0116809455027608,0.0203735257420519,0.08));
#3276=CARTESIAN_POINT('',(-0.012901001378645,0.0212339549163965,0.08));
#3277=CARTESIAN_POINT('',(-0.012901001378645,0.0212339549163965,0.08));
#3278=CARTESIAN_POINT('',(-0.012901001378645,0.0212339549163965,0.08));
#3279=CARTESIAN_POINT('',(-0.0141210572545292,0.0220943840907412,0.08));
#3280=CARTESIAN_POINT('',(-0.014329105759552,0.0235804448409047,0.08));
#3281=CARTESIAN_POINT('',(-0.014329105759552,0.0235804448409047,0.08));
#3282=CARTESIAN_POINT('',(-0.0129143759253964,0.0236547478784128,0.08));
#3283=CARTESIAN_POINT('',(-0.0114996460912408,0.023729050915921,0.08));
#3284=CARTESIAN_POINT('',(-0.0114996460912408,0.023729050915921,0.08));
#3285=CARTESIAN_POINT('',(-0.0113718448667268,0.0231019332793521,0.08));
#3286=CARTESIAN_POINT('',(-0.0108784726976725,0.022774999914316,0.08));
#3287=CARTESIAN_POINT('',(-0.0108784726976725,0.022774999914316,0.08));
#3288=CARTESIAN_POINT('',(-0.0108784726976725,0.022774999914316,0.08));
#3289=CARTESIAN_POINT('',(-0.0103851005286182,0.0224480665492801,0.08));
#3290=CARTESIAN_POINT('',(-0.00961532106003354,0.0224480665492801,0.08));
#3291=CARTESIAN_POINT('',(-0.00961532106003354,0.0224480665492801,0.08));
#3292=CARTESIAN_POINT('',(-0.00961532106003354,0.0224480665492801,0.08));
#3293=CARTESIAN_POINT('',(-0.00885743007745017,0.0224480665492801,0.08));
#3294=CARTESIAN_POINT('',(-0.00839526518414933,0.0227408205170623,0.08));
#3295=CARTESIAN_POINT('',(-0.00839526518414933,0.0227408205170623,0.08));
#3296=CARTESIAN_POINT('',(-0.00839526518414933,0.0227408205170623,0.08));
#3297=CARTESIAN_POINT('',(-0.00793310029084849,0.0230335744848445,0.08));
#3298=CARTESIAN_POINT('',(-0.00792715604784784,0.0235001975603959,0.08));
#3299=CARTESIAN_POINT('',(-0.00792715604784784,0.0235001975603959,0.08));
#3300=CARTESIAN_POINT('',(-0.00792715604784784,0.0235001975603959,0.08));
#3301=CARTESIAN_POINT('',(-0.00793310029084849,0.023892517598439,0.08));
#3302=CARTESIAN_POINT('',(-0.00825706153438413,0.0241451479259668,0.08));
#3303=CARTESIAN_POINT('',(-0.00825706153438413,0.0241451479259668,0.08));
#3304=CARTESIAN_POINT('',(-0.00825706153438413,0.0241451479259668,0.08));
#3305=CARTESIAN_POINT('',(-0.00858102277791976,0.0243977782534946,0.08));
#3306=CARTESIAN_POINT('',(-0.00925569435849398,0.0245344958425096,0.08));
#3307=CARTESIAN_POINT('',(-0.00925569435849398,0.0245344958425096,0.08));
#3308=CARTESIAN_POINT('',(-0.0101547611123429,0.0247128231325292,0.08));
#3309=CARTESIAN_POINT('',(-0.0110538278661918,0.0248911504225489,0.08));
#3310=CARTESIAN_POINT('',(-0.0110538278661918,0.0248911504225489,0.08));
#3311=CARTESIAN_POINT('',(-0.0125725819528588,0.0251972789370825,0.08));
#3312=CARTESIAN_POINT('',(-0.0133126402064402,0.0259462535551649,0.08));
#3313=CARTESIAN_POINT('',(-0.0133126402064402,0.0259462535551649,0.08));
#3314=CARTESIAN_POINT('',(-0.0133126402064402,0.0259462535551649,0.08));
#3315=CARTESIAN_POINT('',(-0.0140526984600216,0.0266952281732473,0.08));
#3316=CARTESIAN_POINT('',(-0.0140526984600216,0.0278573276798752,0.08));
#3317=CARTESIAN_POINT('',(-0.0140526984600216,0.0278573276798752,0.08));
#3318=CARTESIAN_POINT('',(-0.0140526984600216,0.0278573276798752,0.08));
#3319=CARTESIAN_POINT('',(-0.0140526984600216,0.028855960503985,0.08));
#3320=CARTESIAN_POINT('',(-0.0135088002254618,0.0295796720893146,0.08));
#3321=CARTESIAN_POINT('',(-0.0135088002254618,0.0295796720893146,0.08));
#3322=CARTESIAN_POINT('',(-0.0135088002254618,0.0295796720893146,0.08));
#3323=CARTESIAN_POINT('',(-0.012964901990902,0.0303033836746442,0.08));
#3324=CARTESIAN_POINT('',(-0.0119751855312931,0.0306942176519372,0.08));
#3325=CARTESIAN_POINT('',(-0.0119751855312931,0.0306942176519372,0.08));
#3326=CARTESIAN_POINT('',(-0.0119751855312931,0.0306942176519372,0.08));
#3327=CARTESIAN_POINT('',(-0.0109854690716842,0.0310850516292302,0.08));
#3328=CARTESIAN_POINT('',(-0.00965395863953779,0.0310850516292302,0.08));
#3329=CARTESIAN_POINT('',(-0.00965395863953779,0.0310850516292302,0.08));
#3330=CARTESIAN_POINT('',(-0.00965395863953779,0.0310850516292302,0.08));
#3331=CARTESIAN_POINT('',(-0.00768938632782168,0.0310850516292302,0.08));
#3332=CARTESIAN_POINT('',(-0.00655849409694729,0.0302543436698888,0.08));
#3333=CARTESIAN_POINT('',(-0.0272236548887205,0.0205756300040742,0.08));
#3334=CARTESIAN_POINT('',(-0.025655860797298,0.0205756300040742,0.08));
#3335=CARTESIAN_POINT('',(-0.0287914489801429,0.0205756300040742,0.08));
#3336=CARTESIAN_POINT('',(-0.0264033493546302,0.0274932427960851,0.08));
#3337=CARTESIAN_POINT('',(-0.0240634734379893,0.0342711658775807,0.08));
#3338=CARTESIAN_POINT('',(-0.0042432114481926,0.0342711658775807,0.08));
#3339=CARTESIAN_POINT('',(-0.0292432114481926,0.0342711658775807,0.08));
#3340=CARTESIAN_POINT('',(-0.0292432114481926,-0.00572883412241936,0.08));
#3341=CARTESIAN_POINT('',(-0.0292432114481926,-0.0667109489440918,0.08));
#3342=CARTESIAN_POINT('',(-0.0192432114481926,-0.0667109489440918,0.08));
#3343=CARTESIAN_POINT('',(-0.0092432114481926,-0.0667109489440918,0.08));
#3344=CARTESIAN_POINT('',(-0.0092432114481926,-0.0612198915332556,0.08));
#3345=CARTESIAN_POINT('',(-0.0092432114481926,-0.0557288341224194,0.08));
#3346=CARTESIAN_POINT('',(-0.0042432114481926,-0.0557288341224194,0.08));
#3347=CARTESIAN_POINT('',(0.000756788551807407,-0.0557288341224194,0.08));
#3348=CARTESIAN_POINT('',(0.000756788551807407,-0.0612198915332556,0.08));
#3349=CARTESIAN_POINT('',(0.000756788551807408,-0.0667109489440918,0.08));
#3350=CARTESIAN_POINT('',(0.0107567885518074,-0.0667109489440918,0.08));
#3351=CARTESIAN_POINT('',(0.0207567885518074,-0.0667109489440918,0.08));
#3352=CARTESIAN_POINT('',(0.0207567885518074,-0.00572883412241936,0.08));
#3353=CARTESIAN_POINT('',(0.0207567885518074,0.0342711658775807,0.08));
#3354=CARTESIAN_POINT('',(-0.0042432114481926,0.0342711658775807,0.08));
#3355=CARTESIAN_POINT('',(-0.000288658930683958,0.0342711658785604,0.08));
#3356=CARTESIAN_POINT('',(-0.000642486250546526,0.0347704822896356,0.08));
#3357=CARTESIAN_POINT('',(-0.000187751660996504,0.0343424967935885,0.08));
#3358=CARTESIAN_POINT('',(-0.000187751660996504,0.0337480724935231,0.08));
#3359=CARTESIAN_POINT('',(-0.000187751660996504,0.0337480724935231,0.08));
#3360=CARTESIAN_POINT('',(-0.000187751660996504,0.0337480724935231,0.08));
#3361=CARTESIAN_POINT('',(-0.000187751660996504,0.033147703950457,0.08));
#3362=CARTESIAN_POINT('',(-0.000642486250546526,0.0327182323936598,0.08));
#3363=CARTESIAN_POINT('',(-0.000642486250546526,0.0327182323936598,0.08));
#3364=CARTESIAN_POINT('',(-0.000642486250546526,0.0327182323936598,0.08));
#3365=CARTESIAN_POINT('',(-0.00109722084009655,0.0322887608368626,0.08));
#3366=CARTESIAN_POINT('',(-0.00173919908416716,0.0322887608368626,0.08));
#3367=CARTESIAN_POINT('',(-0.00173919908416716,0.0322887608368626,0.08));
#3368=CARTESIAN_POINT('',(-0.00173919908416716,0.0322887608368626,0.08));
#3369=CARTESIAN_POINT('',(-0.00238117732823778,0.0322887608368626,0.08));
#3370=CARTESIAN_POINT('',(-0.00283739797853797,0.0327182323936598,0.08));
#3371=CARTESIAN_POINT('',(-0.00283739797853797,0.0327182323936598,0.08));
#3372=CARTESIAN_POINT('',(-0.00283739797853797,0.0327182323936598,0.08));
#3373=CARTESIAN_POINT('',(-0.00329361862883815,0.033147703950457,0.08));
#3374=CARTESIAN_POINT('',(-0.00329361862883815,0.0337480724935231,0.08));
#3375=CARTESIAN_POINT('',(-0.00329361862883815,0.0337480724935231,0.08));
#3376=CARTESIAN_POINT('',(-0.00329361862883815,0.0337480724935231,0.08));
#3377=CARTESIAN_POINT('',(-0.00329361862883815,0.0343424967935885,0.08));
#3378=CARTESIAN_POINT('',(-0.00283739797853797,0.0347704822896356,0.08));
#3379=CARTESIAN_POINT('',(-0.00319238159683146,0.0342711658785604,0.08));
#3380=CARTESIAN_POINT('',(-0.0042432114481926,0.0342711658775807,0.08));
#3381=CARTESIAN_POINT('',(-0.0201984359748926,0.0342711658775807,0.08));
#3382=CARTESIAN_POINT('',(-0.0178614721626906,0.0274932427960851,0.08));
#3383=CARTESIAN_POINT('',(-0.0154763446586783,0.0205756300040742,0.08));
#3384=CARTESIAN_POINT('',(-0.0170441387501007,0.0205756300040742,0.08));
#3385=CARTESIAN_POINT('',(-0.0186119328415232,0.0205756300040742,0.08));
#3386=CARTESIAN_POINT('',(-0.0191238917364289,0.0221523404599976,0.08));
#3387=CARTESIAN_POINT('',(-0.0196358506313347,0.023729050915921,0.08));
#3388=CARTESIAN_POINT('',(-0.0221330186737932,0.023729050915921,0.08));
#3389=CARTESIAN_POINT('',(-0.0246301867162518,0.023729050915921,0.08));
#3390=CARTESIAN_POINT('',(-0.0251430237567748,0.0221523404599976,0.08));
#3391=CARTESIAN_POINT('',(-0.0042432114481926,0.0342711658775807,0.07));
#3392=CARTESIAN_POINT('',(-0.0042432114481926,0.034410855588096,0.0799990242916385));
#3393=CARTESIAN_POINT('',(-0.0240152497291175,0.034410855588096,0.0799990242916385));
#3394=CARTESIAN_POINT('',(-0.020246599666703,0.034410855588096,0.0799990242916385));
#3395=CARTESIAN_POINT('',(-0.0201984359748926,0.0342711658775807,0.07));
#3396=CARTESIAN_POINT('',(-0.00319238159723948,0.0342711658775807,0.08));
#3397=CARTESIAN_POINT('',(-0.00311291081841746,0.0344619829806494,0.08));
#3398=CARTESIAN_POINT('',(-0.00298787555842494,0.0346293176544321,0.0799945837615007));
#3399=CARTESIAN_POINT('',(-0.00283739797853797,0.0347704822896356,0.0799875263764684));
#3400=CARTESIAN_POINT('',(-0.00283739797853797,0.0347704822896356,0.0799875263764684));
#3401=CARTESIAN_POINT('',(-0.00283739797853797,0.0347704822896356,0.0799875263764684));
#3402=CARTESIAN_POINT('',(-0.0025418765869279,0.0350477140837193,0.0799736664496445));
#3403=CARTESIAN_POINT('',(-0.00214442704558033,0.0351984677856827,0.0799569127329323));
#3404=CARTESIAN_POINT('',(-0.00173919908416717,0.0351984677856827,0.0799569127329323));
#3405=CARTESIAN_POINT('',(-0.00173919908416716,0.0351984677856826,0.0799569127329324));
#3406=CARTESIAN_POINT('',(-0.00173919908416716,0.0351984677856826,0.0799569127329324));
#3407=CARTESIAN_POINT('',(-0.00133430391711733,0.0351984677856826,0.0799569127329324));
#3408=CARTESIAN_POINT('',(-0.000937263043284983,0.0350479192710365,0.0799736561915094));
#3409=CARTESIAN_POINT('',(-0.000642486250546526,0.0347704822896356,0.0799875263764684));
#3410=CARTESIAN_POINT('',(-0.000642486250546526,0.0347704822896356,0.0799875263764684));
#3411=CARTESIAN_POINT('',(-0.000642486250546526,0.0347704822896356,0.0799875263764684));
#3412=CARTESIAN_POINT('',(-0.000492390965022839,0.0346292161385544,0.0799945888366857));
#3413=CARTESIAN_POINT('',(-0.000367826034569794,0.0344618750308942,0.08));
#3414=CARTESIAN_POINT('',(-0.000288658930276542,0.0342711658775789,0.08));
#3415=CARTESIAN_POINT('',(0.0207567885518074,0.0342711658775807,0.07));
#3416=CARTESIAN_POINT('',(0.0207567885518074,0.0442711658775806,0.07));
#3417=CARTESIAN_POINT('',(-0.0042432114481926,0.0442711658775806,0.07));
#3418=CARTESIAN_POINT('',(-0.0292432114481926,0.0442711658775806,0.07));
#3419=CARTESIAN_POINT('',(-0.0292432114481926,0.0342711658775807,0.07));
#3420=CARTESIAN_POINT('',(-0.0240634734379893,0.0342711658775807,0.07));
#3421=CARTESIAN_POINT('',(-0.0292432114481926,-0.00572883412241936,0.08));
#3422=CARTESIAN_POINT('',(-0.0292432114481926,0.0442711658775806,0.08));
#3423=CARTESIAN_POINT('',(-0.0292432114481926,0.0442711658775806,0.));
#3424=CARTESIAN_POINT('',(-0.0292432114481926,-0.00572883412241936,0.));
#3425=CARTESIAN_POINT('',(-0.0292432114481926,-0.0667109489440918,0.));
#3426=CARTESIAN_POINT('',(-0.0292432114481926,-0.0667109489440918,0.02));
#3427=CARTESIAN_POINT('',(-0.0292432114481926,-0.0667109489440918,0.02));
#3428=CARTESIAN_POINT('',(-0.0292432114481926,-0.0612198915332556,0.02));
#3429=CARTESIAN_POINT('',(-0.0292432114481926,-0.0557288341224194,0.02));
#3430=CARTESIAN_POINT('',(-0.0292432114481926,-0.0557288341224194,0.08));
#3431=CARTESIAN_POINT('',(-0.0292432114481926,-0.0557288341224194,0.055));
#3432=CARTESIAN_POINT('',(-0.0292432114481926,-0.0612198915332556,0.055));
#3433=CARTESIAN_POINT('',(-0.0292432114481926,-0.0667109489440918,0.055));
#3434=CARTESIAN_POINT('',(-0.0292432114481926,-0.0667109489440918,0.08));
#3435=CARTESIAN_POINT('',(-0.0292432114481926,-0.0507288341224194,0.04));
#3436=CARTESIAN_POINT('',(-0.0292432114481926,-0.0507288341224194,0.075));
#3437=CARTESIAN_POINT('',(-0.0292432114481926,-0.0507288341224194,0.005));
#3438=CARTESIAN_POINT('',(-0.0292432114481926,-0.00572883412241936,0.005));
#3439=CARTESIAN_POINT('',(-0.0292432114481926,0.0392711658775807,0.005));
#3440=CARTESIAN_POINT('',(-0.0292432114481926,0.0392711658775807,0.04));
#3441=CARTESIAN_POINT('',(-0.0292432114481926,0.0392711658775807,0.075));
#3442=CARTESIAN_POINT('',(-0.0292432114481926,-0.00572883412241936,0.075));
#3443=CARTESIAN_POINT('',(-0.0042432114481926,-0.0557288341224194,0.08));
#3444=CARTESIAN_POINT('',(-0.0192432114481926,-0.0557288341224194,0.055));
#3445=CARTESIAN_POINT('',(-0.0092432114481926,-0.0557288341224194,0.055));
#3446=CARTESIAN_POINT('',(-0.0192432114481926,-0.0557288341224194,0.02));
#3447=CARTESIAN_POINT('',(-0.0092432114481926,-0.0557288341224194,0.02));
#3448=CARTESIAN_POINT('',(-0.0092432114481926,-0.0557288341224194,0.02));
#3449=CARTESIAN_POINT('',(-0.0092432114481926,-0.0557288341224194,0.));
#3450=CARTESIAN_POINT('',(-0.0042432114481926,-0.0557288341224194,0.));
#3451=CARTESIAN_POINT('',(0.000756788551807405,-0.0557288341224194,0.));
#3452=CARTESIAN_POINT('',(0.000756788551807405,-0.0557288341224194,0.02));
#3453=CARTESIAN_POINT('',(0.000756788551807405,-0.0557288341224194,0.02));
#3454=CARTESIAN_POINT('',(0.0107567885518074,-0.0557288341224194,0.02));
#3455=CARTESIAN_POINT('',(0.0207567885518074,-0.0557288341224194,0.02));
#3456=CARTESIAN_POINT('',(0.0207567885518074,-0.0557288341224194,0.08));
#3457=CARTESIAN_POINT('',(0.0207567885518074,-0.0557288341224194,0.055));
#3458=CARTESIAN_POINT('',(0.0107567885518074,-0.0557288341224194,0.055));
#3459=CARTESIAN_POINT('',(0.000756788551807405,-0.0557288341224194,0.055));
#3460=CARTESIAN_POINT('',(0.000756788551807405,-0.0557288341224194,0.08));
#3461=CARTESIAN_POINT('',(-0.0092432114481926,-0.0557288341224194,0.08));
#3462=CARTESIAN_POINT('',(0.0207567885518074,-0.00572883412241936,0.08));
#3463=CARTESIAN_POINT('',(0.0207567885518074,0.0442711658775806,0.08));
#3464=CARTESIAN_POINT('',(0.0207567885518074,0.0442711658775806,0.));
#3465=CARTESIAN_POINT('',(0.0207567885518074,-0.0667109489440918,0.08));
#3466=CARTESIAN_POINT('',(0.0207567885518074,-0.0667109489440918,0.055));
#3467=CARTESIAN_POINT('',(0.0207567885518074,-0.0612198915332556,0.055));
#3468=CARTESIAN_POINT('',(0.0207567885518074,-0.0612198915332556,0.02));
#3469=CARTESIAN_POINT('',(0.0207567885518074,-0.0667109489440918,0.02));
#3470=CARTESIAN_POINT('',(0.0207567885518074,-0.0667109489440918,0.02));
#3471=CARTESIAN_POINT('',(0.0207567885518074,-0.0667109489440918,0.));
#3472=CARTESIAN_POINT('',(0.0207567885518074,-0.00572883412241936,0.));
#3473=CARTESIAN_POINT('',(-0.0042432114481926,0.0442711658775806,0.08));
#3474=CARTESIAN_POINT('',(-0.0042432114481926,0.0442711658775806,0.));
#3475=CARTESIAN_POINT('',(-0.0042432114481926,-0.0112198915332556,0.));
#3476=CARTESIAN_POINT('',(-0.0092432114481926,-0.0612198915332556,0.));
#3477=CARTESIAN_POINT('',(-0.0092432114481926,-0.0667109489440918,0.));
#3478=CARTESIAN_POINT('',(-0.0192432114481926,-0.0667109489440918,0.));
#3479=CARTESIAN_POINT('',(0.0107567885518074,-0.0667109489440918,0.));
#3480=CARTESIAN_POINT('',(0.000756788551807408,-0.0667109489440918,0.));
#3481=CARTESIAN_POINT('',(0.000756788551807407,-0.0612198915332556,0.));
#3482=CARTESIAN_POINT('',(0.000756788551807407,-0.0612198915332556,0.02));
#3483=CARTESIAN_POINT('',(0.000756788551807408,-0.0667109489440918,0.02));
#3484=CARTESIAN_POINT('',(0.000756788551807408,-0.0667109489440918,0.02));
#3485=CARTESIAN_POINT('',(0.000756788551807407,-0.0612198915332556,0.02));
#3486=CARTESIAN_POINT('',(0.0107567885518074,-0.0667109489440918,0.02));
#3487=CARTESIAN_POINT('',(0.0107567885518074,-0.0667109489440918,0.02));
#3488=CARTESIAN_POINT('',(-0.0042432114481926,-0.0112198915332556,0.02));
#3489=CARTESIAN_POINT('',(-0.0192432114481926,-0.0667109489440918,0.02));
#3490=CARTESIAN_POINT('',(-0.0092432114481926,-0.0667109489440918,0.02));
#3491=CARTESIAN_POINT('',(-0.0092432114481926,-0.0667109489440918,0.02));
#3492=CARTESIAN_POINT('',(-0.0192432114481926,-0.0667109489440918,0.02));
#3493=CARTESIAN_POINT('',(-0.0092432114481926,-0.0612198915332556,0.02));
#3494=CARTESIAN_POINT('',(-0.0092432114481926,-0.0612198915332556,0.02));
#3495=CARTESIAN_POINT('',(-0.0042432114481926,-0.0112198915332556,0.02));
#3496=CARTESIAN_POINT('',(0.000756788551807407,-0.0612198915332556,0.08));
#3497=CARTESIAN_POINT('',(0.000756788551807407,-0.0612198915332556,0.055));
#3498=CARTESIAN_POINT('',(0.000756788551807408,-0.0667109489440918,0.055));
#3499=CARTESIAN_POINT('',(0.000756788551807408,-0.0667109489440918,0.08));
#3500=CARTESIAN_POINT('',(0.0107567885518074,-0.0667109489440918,0.08));
#3501=CARTESIAN_POINT('',(0.0107567885518074,-0.0667109489440918,0.055));
#3502=CARTESIAN_POINT('',(-0.0042432114481926,-0.0112198915332556,0.055));
#3503=CARTESIAN_POINT('',(-0.0192432114481926,-0.0667109489440918,0.08));
#3504=CARTESIAN_POINT('',(-0.0192432114481926,-0.0667109489440918,0.055));
#3505=CARTESIAN_POINT('',(-0.0092432114481926,-0.0667109489440918,0.055));
#3506=CARTESIAN_POINT('',(-0.0092432114481926,-0.0667109489440918,0.08));
#3507=CARTESIAN_POINT('',(-0.0092432114481926,-0.0612198915332556,0.08));
#3508=CARTESIAN_POINT('',(-0.0092432114481926,-0.0612198915332556,0.055));
#3509=CARTESIAN_POINT('',(-0.0042432114481926,-0.0112198915332556,0.055));
#3510=CARTESIAN_POINT('',(-0.0267432114481926,-0.0507288341224194,0.04));
#3511=CARTESIAN_POINT('',(-0.0267432114481926,-0.0507288341224194,0.075));
#3512=CARTESIAN_POINT('',(-0.0267432114481926,-0.0507288341224194,0.075));
#3513=CARTESIAN_POINT('',(-0.0267432114481926,-0.0507288341224194,0.04));
#3514=CARTESIAN_POINT('',(-0.0267432114481926,-0.0507288341224194,0.005));
#3515=CARTESIAN_POINT('',(-0.0267432114481926,-0.0507288341224194,0.005));
#3516=CARTESIAN_POINT('',(-0.0267432114481926,-0.00572883412241936,0.075));
#3517=CARTESIAN_POINT('',(-0.0267432114481926,0.0392711658775807,0.075));
#3518=CARTESIAN_POINT('',(-0.0267432114481926,0.0392711658775807,0.075));
#3519=CARTESIAN_POINT('',(-0.0267432114481926,-0.00572883412241936,0.075));
#3520=CARTESIAN_POINT('',(-0.0267432114481926,0.0392711658775807,0.04));
#3521=CARTESIAN_POINT('',(-0.0267432114481926,0.0392711658775807,0.005));
#3522=CARTESIAN_POINT('',(-0.0267432114481926,0.0392711658775807,0.005));
#3523=CARTESIAN_POINT('',(-0.0267432114481926,0.0392711658775807,0.04));
#3524=CARTESIAN_POINT('',(-0.0267432114481926,-0.00572883412241936,0.005));
#3525=CARTESIAN_POINT('',(-0.0267432114481926,-0.00572883412241936,0.005));
#3526=CARTESIAN_POINT('',(-0.0267432114481926,-0.0112198915332556,0.04));
#3527=CARTESIAN_POINT('',(-0.00329361862883815,0.0337480724935231,0.077));
#3528=CARTESIAN_POINT('',(-0.00329361862883815,0.0337480724935231,0.08));
#3529=CARTESIAN_POINT('',(-0.00329361862883815,0.0341443553602334,0.077));
#3530=CARTESIAN_POINT('',(-0.00329361862883815,0.0341443553602334,0.08));
#3531=CARTESIAN_POINT('',(-0.00314154507873809,0.0344851586256042,0.077));
#3532=CARTESIAN_POINT('',(-0.00314154507873809,0.0344851586256042,0.08));
#3533=CARTESIAN_POINT('',(-0.00283739797853797,0.0347704822896356,0.077));
#3534=CARTESIAN_POINT('',(-0.00283739797853797,0.0347704822896356,0.08));
#3535=CARTESIAN_POINT('',(-0.00329361862883815,0.0337480724935231,0.077));
#3536=CARTESIAN_POINT('',(-0.00329361862883815,0.0337480724935231,0.077));
#3537=CARTESIAN_POINT('',(-0.00329361862883815,0.0337480724935231,0.077));
#3538=CARTESIAN_POINT('',(-0.00329361862883815,0.0343424967935885,0.077));
#3539=CARTESIAN_POINT('',(-0.00283739797853797,0.0347704822896356,0.077));
#3540=CARTESIAN_POINT('',(-0.00283739797853797,0.0347704822896356,0.077));
#3541=CARTESIAN_POINT('',(-0.00283739797853797,0.0347704822896356,0.077));
#3542=CARTESIAN_POINT('',(-0.00283739797853797,0.0327182323936598,0.077));
#3543=CARTESIAN_POINT('',(-0.00283739797853797,0.0327182323936598,0.08));
#3544=CARTESIAN_POINT('',(-0.00314154507873809,0.033004546764858,0.077));
#3545=CARTESIAN_POINT('',(-0.00314154507873809,0.033004546764858,0.08));
#3546=CARTESIAN_POINT('',(-0.00329361862883815,0.0333478267981457,0.077));
#3547=CARTESIAN_POINT('',(-0.00329361862883815,0.0333478267981457,0.08));
#3548=CARTESIAN_POINT('',(-0.00329361862883815,0.0337480724935231,0.077));
#3549=CARTESIAN_POINT('',(-0.00329361862883815,0.0337480724935231,0.08));
#3550=CARTESIAN_POINT('',(-0.00283739797853797,0.0327182323936598,0.077));
#3551=CARTESIAN_POINT('',(-0.00283739797853797,0.0327182323936598,0.077));
#3552=CARTESIAN_POINT('',(-0.00283739797853797,0.0327182323936598,0.077));
#3553=CARTESIAN_POINT('',(-0.00329361862883815,0.033147703950457,0.077));
#3554=CARTESIAN_POINT('',(-0.00329361862883815,0.0337480724935231,0.077));
#3555=CARTESIAN_POINT('',(-0.00173919908416716,0.0322887608368626,0.077));
#3556=CARTESIAN_POINT('',(-0.00173919908416716,0.0322887608368626,0.08));
#3557=CARTESIAN_POINT('',(-0.00216718458021425,0.0322887608368626,0.077));
#3558=CARTESIAN_POINT('',(-0.00216718458021425,0.0322887608368626,0.08));
#3559=CARTESIAN_POINT('',(-0.00253325087833785,0.0324319180224617,0.077));
#3560=CARTESIAN_POINT('',(-0.00253325087833785,0.0324319180224617,0.08));
#3561=CARTESIAN_POINT('',(-0.00283739797853797,0.0327182323936598,0.077));
#3562=CARTESIAN_POINT('',(-0.00283739797853797,0.0327182323936598,0.08));
#3563=CARTESIAN_POINT('',(-0.00173919908416716,0.0322887608368626,0.077));
#3564=CARTESIAN_POINT('',(-0.00173919908416716,0.0322887608368626,0.077));
#3565=CARTESIAN_POINT('',(-0.00173919908416716,0.0322887608368626,0.077));
#3566=CARTESIAN_POINT('',(-0.00238117732823778,0.0322887608368626,0.077));
#3567=CARTESIAN_POINT('',(-0.00283739797853797,0.0327182323936598,0.077));
#3568=CARTESIAN_POINT('',(-0.000642486250546526,0.0327182323936598,0.077));
#3569=CARTESIAN_POINT('',(-0.000642486250546526,0.0327182323936598,0.08));
#3570=CARTESIAN_POINT('',(-0.000945642643579873,0.0324319180224617,0.077));
#3571=CARTESIAN_POINT('',(-0.000945642643579873,0.0324319180224617,0.08));
#3572=CARTESIAN_POINT('',(-0.00131121358812009,0.0322887608368626,0.077));
#3573=CARTESIAN_POINT('',(-0.00131121358812009,0.0322887608368626,0.08));
#3574=CARTESIAN_POINT('',(-0.00173919908416716,0.0322887608368626,0.077));
#3575=CARTESIAN_POINT('',(-0.00173919908416716,0.0322887608368626,0.08));
#3576=CARTESIAN_POINT('',(-0.000642486250546526,0.0327182323936598,0.077));
#3577=CARTESIAN_POINT('',(-0.000642486250546526,0.0327182323936598,0.077));
#3578=CARTESIAN_POINT('',(-0.000642486250546526,0.0327182323936598,0.077));
#3579=CARTESIAN_POINT('',(-0.00109722084009655,0.0322887608368626,0.077));
#3580=CARTESIAN_POINT('',(-0.00173919908416716,0.0322887608368626,0.077));
#3581=CARTESIAN_POINT('',(-0.000187751660996504,0.0337480724935231,0.077));
#3582=CARTESIAN_POINT('',(-0.000187751660996504,0.0337480724935231,0.08));
#3583=CARTESIAN_POINT('',(-0.000187751660996504,0.0333478267981457,0.077));
#3584=CARTESIAN_POINT('',(-0.000187751660996504,0.0333478267981457,0.08));
#3585=CARTESIAN_POINT('',(-0.000339329857513178,0.033004546764858,0.077));
#3586=CARTESIAN_POINT('',(-0.000339329857513178,0.033004546764858,0.08));
#3587=CARTESIAN_POINT('',(-0.000642486250546526,0.0327182323936598,0.077));
#3588=CARTESIAN_POINT('',(-0.000642486250546526,0.0327182323936598,0.08));
#3589=CARTESIAN_POINT('',(-0.000187751660996504,0.0337480724935231,0.077));
#3590=CARTESIAN_POINT('',(-0.000187751660996504,0.0337480724935231,0.077));
#3591=CARTESIAN_POINT('',(-0.000187751660996504,0.0337480724935231,0.077));
#3592=CARTESIAN_POINT('',(-0.000187751660996504,0.033147703950457,0.077));
#3593=CARTESIAN_POINT('',(-0.000642486250546526,0.0327182323936598,0.077));
#3594=CARTESIAN_POINT('',(-0.000642486250546526,0.0347704822896356,0.077));
#3595=CARTESIAN_POINT('',(-0.000642486250546526,0.0347704822896356,0.08));
#3596=CARTESIAN_POINT('',(-0.000339329857513178,0.0344851586256042,0.077));
#3597=CARTESIAN_POINT('',(-0.000339329857513178,0.0344851586256042,0.08));
#3598=CARTESIAN_POINT('',(-0.000187751660996504,0.0341443553602334,0.077));
#3599=CARTESIAN_POINT('',(-0.000187751660996504,0.0341443553602334,0.08));
#3600=CARTESIAN_POINT('',(-0.000187751660996504,0.0337480724935231,0.077));
#3601=CARTESIAN_POINT('',(-0.000187751660996504,0.0337480724935231,0.08));
#3602=CARTESIAN_POINT('',(-0.000642486250546526,0.0347704822896356,0.077));
#3603=CARTESIAN_POINT('',(-0.000642486250546526,0.0347704822896356,0.077));
#3604=CARTESIAN_POINT('',(-0.000642486250546526,0.0347704822896356,0.077));
#3605=CARTESIAN_POINT('',(-0.000187751660996504,0.0343424967935885,0.077));
#3606=CARTESIAN_POINT('',(-0.000187751660996504,0.0337480724935231,0.077));
#3607=CARTESIAN_POINT('',(-0.00173919908416716,0.0351984677856826,0.077));
#3608=CARTESIAN_POINT('',(-0.00173919908416716,0.0351984677856826,0.0800054515347273));
#3609=CARTESIAN_POINT('',(-0.00131121358812009,0.0351984677856826,0.077));
#3610=CARTESIAN_POINT('',(-0.00131121358812009,0.0351984677856826,0.0800054515347273));
#3611=CARTESIAN_POINT('',(-0.000945642643579873,0.0350558059536669,0.077));
#3612=CARTESIAN_POINT('',(-0.000945642643579873,0.0350558059536669,0.0800054515347273));
#3613=CARTESIAN_POINT('',(-0.000642486250546526,0.0347704822896356,0.077));
#3614=CARTESIAN_POINT('',(-0.000642486250546526,0.0347704822896356,0.0800054515347273));
#3615=CARTESIAN_POINT('',(-0.00173919908416716,0.0351984677856826,0.077));
#3616=CARTESIAN_POINT('',(-0.00173919908416716,0.0351984677856826,0.077));
#3617=CARTESIAN_POINT('',(-0.00173919908416716,0.0351984677856826,0.077));
#3618=CARTESIAN_POINT('',(-0.00109722084009655,0.0351984677856826,0.077));
#3619=CARTESIAN_POINT('',(-0.000642486250546526,0.0347704822896356,0.077));
#3620=CARTESIAN_POINT('',(-0.00283739797853797,0.0347704822896356,0.077));
#3621=CARTESIAN_POINT('',(-0.00283739797853797,0.0347704822896356,0.0800054515347273));
#3622=CARTESIAN_POINT('',(-0.00253325087833785,0.0350558059536669,0.077));
#3623=CARTESIAN_POINT('',(-0.00253325087833785,0.0350558059536669,0.0800054515347273));
#3624=CARTESIAN_POINT('',(-0.00216718458021425,0.0351984677856826,0.077));
#3625=CARTESIAN_POINT('',(-0.00216718458021425,0.0351984677856826,0.0800054515347273));
#3626=CARTESIAN_POINT('',(-0.00173919908416716,0.0351984677856826,0.077));
#3627=CARTESIAN_POINT('',(-0.00173919908416716,0.0351984677856826,0.0800054515347273));
#3628=CARTESIAN_POINT('',(-0.00283739797853797,0.0347704822896356,0.077));
#3629=CARTESIAN_POINT('',(-0.00238117732823778,0.0351984677856826,0.077));
#3630=CARTESIAN_POINT('',(-0.00173919908416716,0.0351984677856826,0.077));
#3631=CARTESIAN_POINT('',(-0.0042432114481926,-0.0157562405792046,0.077));
#3632=CARTESIAN_POINT('',(-0.0212277002018289,0.0286315653307103,0.077));
#3633=CARTESIAN_POINT('',(-0.0212277002018289,0.0286315653307103,0.08));
#3634=CARTESIAN_POINT('',(-0.0203779738927534,0.0260146123496725,0.08));
#3635=CARTESIAN_POINT('',(-0.0220774265109044,0.0312485183117482,0.08));
#3636=CARTESIAN_POINT('',(-0.0203779738927534,0.0260146123496725,0.077));
#3637=CARTESIAN_POINT('',(-0.0203779738927534,0.0260146123496725,0.077));
#3638=CARTESIAN_POINT('',(-0.0212277002018289,0.0286315653307103,0.077));
#3639=CARTESIAN_POINT('',(-0.0220774265109044,0.0312485183117482,0.077));
#3640=CARTESIAN_POINT('',(-0.0220774265109044,0.0312485183117482,0.077));
#3641=CARTESIAN_POINT('',(-0.0221323822044439,0.0260146123496725,0.077));
#3642=CARTESIAN_POINT('',(-0.0221323822044439,0.0260146123496725,0.08));
#3643=CARTESIAN_POINT('',(-0.0238867905161343,0.0260146123496725,0.08));
#3644=CARTESIAN_POINT('',(-0.0238867905161343,0.0260146123496725,0.077));
#3645=CARTESIAN_POINT('',(-0.0238867905161343,0.0260146123496725,0.077));
#3646=CARTESIAN_POINT('',(-0.0221323822044439,0.0260146123496725,0.077));
#3647=CARTESIAN_POINT('',(-0.0230356067005252,0.0286315653307103,0.077));
#3648=CARTESIAN_POINT('',(-0.0230356067005252,0.0286315653307103,0.08));
#3649=CARTESIAN_POINT('',(-0.0221844228849161,0.0312485183117482,0.08));
#3650=CARTESIAN_POINT('',(-0.0221844228849161,0.0312485183117482,0.077));
#3651=CARTESIAN_POINT('',(-0.0221844228849161,0.0312485183117482,0.077));
#3652=CARTESIAN_POINT('',(-0.0230356067005252,0.0286315653307103,0.077));
#3653=CARTESIAN_POINT('',(-0.0251430237567748,0.0221523404599976,0.077));
#3654=CARTESIAN_POINT('',(-0.0246301867162518,0.023729050915921,0.077));
#3655=CARTESIAN_POINT('',(-0.0246301867162518,0.023729050915921,0.077));
#3656=CARTESIAN_POINT('',(-0.0251430237567748,0.0221523404599976,0.077));
#3657=CARTESIAN_POINT('',(-0.025655860797298,0.0205756300040742,0.077));
#3658=CARTESIAN_POINT('',(-0.025655860797298,0.0205756300040742,0.077));
#3659=CARTESIAN_POINT('',(-0.0221330186737932,0.023729050915921,0.077));
#3660=CARTESIAN_POINT('',(-0.0196358506313347,0.023729050915921,0.077));
#3661=CARTESIAN_POINT('',(-0.0196358506313347,0.023729050915921,0.077));
#3662=CARTESIAN_POINT('',(-0.0221330186737932,0.023729050915921,0.077));
#3663=CARTESIAN_POINT('',(-0.0191238917364289,0.0221523404599976,0.077));
#3664=CARTESIAN_POINT('',(-0.0186119328415232,0.0205756300040742,0.077));
#3665=CARTESIAN_POINT('',(-0.0186119328415232,0.0205756300040742,0.077));
#3666=CARTESIAN_POINT('',(-0.0191238917364289,0.0221523404599976,0.077));
#3667=CARTESIAN_POINT('',(-0.0170441387501007,0.0205756300040742,0.077));
#3668=CARTESIAN_POINT('',(-0.0154763446586783,0.0205756300040742,0.077));
#3669=CARTESIAN_POINT('',(-0.0154763446586783,0.0205756300040742,0.077));
#3670=CARTESIAN_POINT('',(-0.0170441387501007,0.0205756300040742,0.077));
#3671=CARTESIAN_POINT('',(-0.0178614721626906,0.0274932427960851,0.077));
#3672=CARTESIAN_POINT('',(-0.020246599666703,0.034410855588096,0.077));
#3673=CARTESIAN_POINT('',(-0.020246599666703,0.034410855588096,0.077));
#3674=CARTESIAN_POINT('',(-0.0178614721626906,0.0274932427960851,0.077));
#3675=CARTESIAN_POINT('',(-0.0221309246979103,0.034410855588096,0.077));
#3676=CARTESIAN_POINT('',(-0.0240152497291175,0.034410855588096,0.077));
#3677=CARTESIAN_POINT('',(-0.0240152497291175,0.034410855588096,0.077));
#3678=CARTESIAN_POINT('',(-0.0221309246979103,0.034410855588096,0.077));
#3679=CARTESIAN_POINT('',(-0.0264033493546302,0.0274932427960851,0.077));
#3680=CARTESIAN_POINT('',(-0.0287914489801429,0.0205756300040742,0.077));
#3681=CARTESIAN_POINT('',(-0.0287914489801429,0.0205756300040742,0.077));
#3682=CARTESIAN_POINT('',(-0.0264033493546302,0.0274932427960851,0.077));
#3683=CARTESIAN_POINT('',(-0.0272236548887205,0.0205756300040742,0.077));
#3684=CARTESIAN_POINT('',(-0.0272236548887205,0.0205756300040742,0.077));
#3685=CARTESIAN_POINT('',(-0.0221309246979103,0.0312485183117482,0.077));
#3686=CARTESIAN_POINT('',(-0.0221309246979103,0.0312485183117482,0.08));
#3687=CARTESIAN_POINT('',(-0.0221309246979103,0.0312485183117482,0.077));
#3688=CARTESIAN_POINT('',(-0.0042432114481926,-0.0157562405792046,0.077));
#3689=CARTESIAN_POINT('',(-0.0065540359146968,0.027910825866881,0.077));
#3690=CARTESIAN_POINT('',(-0.00523738609005197,0.0279910731473898,0.077));
#3691=CARTESIAN_POINT('',(-0.00523738609005197,0.0279910731473898,0.077));
#3692=CARTESIAN_POINT('',(-0.0065540359146968,0.027910825866881,0.077));
#3693=CARTESIAN_POINT('',(-0.00787063548496424,0.0278305816492801,0.077));
#3694=CARTESIAN_POINT('',(-0.00787063548496424,0.0278305816492801,0.077));
#3695=CARTESIAN_POINT('',(-0.00655849409694729,0.0302543436698888,0.077));
#3696=CARTESIAN_POINT('',(-0.00655849409694729,0.0302543436698888,0.08));
#3697=CARTESIAN_POINT('',(-0.00580456594303102,0.0297005383636612,0.077));
#3698=CARTESIAN_POINT('',(-0.00580456594303102,0.0297005383636612,0.08));
#3699=CARTESIAN_POINT('',(-0.00536419660739925,0.0289461148561615,0.077));
#3700=CARTESIAN_POINT('',(-0.00536419660739925,0.0289461148561615,0.08));
#3701=CARTESIAN_POINT('',(-0.00523738609005197,0.0279910731473898,0.077));
#3702=CARTESIAN_POINT('',(-0.00523738609005197,0.0279910731473898,0.08));
#3703=CARTESIAN_POINT('',(-0.00655849409694729,0.0302543436698888,0.077));
#3704=CARTESIAN_POINT('',(-0.00655849409694729,0.0302543436698888,0.077));
#3705=CARTESIAN_POINT('',(-0.00655849409694729,0.0302543436698888,0.077));
#3706=CARTESIAN_POINT('',(-0.00542760186607289,0.0294236357105474,0.077));
#3707=CARTESIAN_POINT('',(-0.00523738609005197,0.0279910731473898,0.077));
#3708=CARTESIAN_POINT('',(-0.00965395863953779,0.0310850516292302,0.077));
#3709=CARTESIAN_POINT('',(-0.00965395863953779,0.0310850516292302,0.08));
#3710=CARTESIAN_POINT('',(-0.00834424376506038,0.0310850516292302,0.077));
#3711=CARTESIAN_POINT('',(-0.00834424376506038,0.0310850516292302,0.08));
#3712=CARTESIAN_POINT('',(-0.00731242225086355,0.0308081489761164,0.077));
#3713=CARTESIAN_POINT('',(-0.00731242225086355,0.0308081489761164,0.08));
#3714=CARTESIAN_POINT('',(-0.00655849409694729,0.0302543436698888,0.077));
#3715=CARTESIAN_POINT('',(-0.00655849409694729,0.0302543436698888,0.08));
#3716=CARTESIAN_POINT('',(-0.00965395863953779,0.0310850516292302,0.077));
#3717=CARTESIAN_POINT('',(-0.00965395863953779,0.0310850516292302,0.077));
#3718=CARTESIAN_POINT('',(-0.00965395863953779,0.0310850516292302,0.077));
#3719=CARTESIAN_POINT('',(-0.00768938632782168,0.0310850516292302,0.077));
#3720=CARTESIAN_POINT('',(-0.00655849409694729,0.0302543436698888,0.077));
#3721=CARTESIAN_POINT('',(-0.0119751855312931,0.0306942176519372,0.077));
#3722=CARTESIAN_POINT('',(-0.0119751855312931,0.0306942176519372,0.08));
#3723=CARTESIAN_POINT('',(-0.0113153745582205,0.0309547736367992,0.077));
#3724=CARTESIAN_POINT('',(-0.0113153745582205,0.0309547736367992,0.08));
#3725=CARTESIAN_POINT('',(-0.0105416322609688,0.0310850516292302,0.077));
#3726=CARTESIAN_POINT('',(-0.0105416322609688,0.0310850516292302,0.08));
#3727=CARTESIAN_POINT('',(-0.00965395863953779,0.0310850516292302,0.077));
#3728=CARTESIAN_POINT('',(-0.00965395863953779,0.0310850516292302,0.08));
#3729=CARTESIAN_POINT('',(-0.0119751855312931,0.0306942176519372,0.077));
#3730=CARTESIAN_POINT('',(-0.0119751855312931,0.0306942176519372,0.077));
#3731=CARTESIAN_POINT('',(-0.0119751855312931,0.0306942176519372,0.077));
#3732=CARTESIAN_POINT('',(-0.0109854690716842,0.0310850516292302,0.077));
#3733=CARTESIAN_POINT('',(-0.00965395863953779,0.0310850516292302,0.077));
#3734=CARTESIAN_POINT('',(-0.0135088002254618,0.0295796720893146,0.077));
#3735=CARTESIAN_POINT('',(-0.0135088002254618,0.0295796720893146,0.08));
#3736=CARTESIAN_POINT('',(-0.0131462014024219,0.0300621464795343,0.077));
#3737=CARTESIAN_POINT('',(-0.0131462014024219,0.0300621464795343,0.08));
#3738=CARTESIAN_POINT('',(-0.0126349965043657,0.0304336616670752,0.077));
#3739=CARTESIAN_POINT('',(-0.0126349965043657,0.0304336616670752,0.08));
#3740=CARTESIAN_POINT('',(-0.0119751855312931,0.0306942176519372,0.077));
#3741=CARTESIAN_POINT('',(-0.0119751855312931,0.0306942176519372,0.08));
#3742=CARTESIAN_POINT('',(-0.0135088002254618,0.0295796720893146,0.077));
#3743=CARTESIAN_POINT('',(-0.0135088002254618,0.0295796720893146,0.077));
#3744=CARTESIAN_POINT('',(-0.0135088002254618,0.0295796720893146,0.077));
#3745=CARTESIAN_POINT('',(-0.012964901990902,0.0303033836746442,0.077));
#3746=CARTESIAN_POINT('',(-0.0119751855312931,0.0306942176519372,0.077));
#3747=CARTESIAN_POINT('',(-0.0140526984600216,0.0278573276798752,0.077));
#3748=CARTESIAN_POINT('',(-0.0140526984600216,0.0278573276798752,0.08));
#3749=CARTESIAN_POINT('',(-0.0140526984600216,0.0285230828959484,0.077));
#3750=CARTESIAN_POINT('',(-0.0140526984600216,0.0285230828959484,0.08));
#3751=CARTESIAN_POINT('',(-0.0138713990485017,0.0290971976990948,0.077));
#3752=CARTESIAN_POINT('',(-0.0138713990485017,0.0290971976990948,0.08));
#3753=CARTESIAN_POINT('',(-0.0135088002254618,0.0295796720893146,0.077));
#3754=CARTESIAN_POINT('',(-0.0135088002254618,0.0295796720893146,0.08));
#3755=CARTESIAN_POINT('',(-0.0140526984600216,0.0278573276798752,0.077));
#3756=CARTESIAN_POINT('',(-0.0140526984600216,0.0278573276798752,0.077));
#3757=CARTESIAN_POINT('',(-0.0140526984600216,0.0278573276798752,0.077));
#3758=CARTESIAN_POINT('',(-0.0140526984600216,0.028855960503985,0.077));
#3759=CARTESIAN_POINT('',(-0.0135088002254618,0.0295796720893146,0.077));
#3760=CARTESIAN_POINT('',(-0.0133126402064402,0.0259462535551649,0.077));
#3761=CARTESIAN_POINT('',(-0.0133126402064402,0.0259462535551649,0.08));
#3762=CARTESIAN_POINT('',(-0.0138060123754945,0.0264455699672198,0.077));
#3763=CARTESIAN_POINT('',(-0.0138060123754945,0.0264455699672198,0.08));
#3764=CARTESIAN_POINT('',(-0.0140526984600216,0.0270825946754566,0.077));
#3765=CARTESIAN_POINT('',(-0.0140526984600216,0.0270825946754566,0.08));
#3766=CARTESIAN_POINT('',(-0.0140526984600216,0.0278573276798752,0.077));
#3767=CARTESIAN_POINT('',(-0.0140526984600216,0.0278573276798752,0.08));
#3768=CARTESIAN_POINT('',(-0.0133126402064402,0.0259462535551649,0.077));
#3769=CARTESIAN_POINT('',(-0.0133126402064402,0.0259462535551649,0.077));
#3770=CARTESIAN_POINT('',(-0.0133126402064402,0.0259462535551649,0.077));
#3771=CARTESIAN_POINT('',(-0.0140526984600216,0.0266952281732473,0.077));
#3772=CARTESIAN_POINT('',(-0.0140526984600216,0.0278573276798752,0.077));
#3773=CARTESIAN_POINT('',(-0.0110538278661918,0.0248911504225489,0.077));
#3774=CARTESIAN_POINT('',(-0.0110538278661918,0.0248911504225489,0.08));
#3775=CARTESIAN_POINT('',(-0.0120663305906365,0.0250952360989046,0.077));
#3776=CARTESIAN_POINT('',(-0.0120663305906365,0.0250952360989046,0.08));
#3777=CARTESIAN_POINT('',(-0.012819268037386,0.02544693714311,0.077));
#3778=CARTESIAN_POINT('',(-0.012819268037386,0.02544693714311,0.08));
#3779=CARTESIAN_POINT('',(-0.0133126402064402,0.0259462535551649,0.077));
#3780=CARTESIAN_POINT('',(-0.0133126402064402,0.0259462535551649,0.08));
#3781=CARTESIAN_POINT('',(-0.0110538278661918,0.0248911504225489,0.077));
#3782=CARTESIAN_POINT('',(-0.0110538278661918,0.0248911504225489,0.077));
#3783=CARTESIAN_POINT('',(-0.0110538278661918,0.0248911504225489,0.077));
#3784=CARTESIAN_POINT('',(-0.0125725819528588,0.0251972789370825,0.077));
#3785=CARTESIAN_POINT('',(-0.0133126402064402,0.0259462535551649,0.077));
#3786=CARTESIAN_POINT('',(-0.0101547611123429,0.0247128231325292,0.077));
#3787=CARTESIAN_POINT('',(-0.00925569435849398,0.0245344958425096,0.077));
#3788=CARTESIAN_POINT('',(-0.00925569435849398,0.0245344958425096,0.077));
#3789=CARTESIAN_POINT('',(-0.0101547611123429,0.0247128231325292,0.077));
#3790=CARTESIAN_POINT('',(-0.00825706153438413,0.0241451479259668,0.077));
#3791=CARTESIAN_POINT('',(-0.00825706153438413,0.0241451479259668,0.08));
#3792=CARTESIAN_POINT('',(-0.00847303569674122,0.0243135681443187,0.077));
#3793=CARTESIAN_POINT('',(-0.00847303569674122,0.0243135681443187,0.08));
#3794=CARTESIAN_POINT('',(-0.00880591330477783,0.0244433507831663,0.077));
#3795=CARTESIAN_POINT('',(-0.00880591330477783,0.0244433507831663,0.08));
#3796=CARTESIAN_POINT('',(-0.00925569435849398,0.0245344958425096,0.077));
#3797=CARTESIAN_POINT('',(-0.00925569435849398,0.0245344958425096,0.08));
#3798=CARTESIAN_POINT('',(-0.00825706153438413,0.0241451479259668,0.077));
#3799=CARTESIAN_POINT('',(-0.00825706153438413,0.0241451479259668,0.077));
#3800=CARTESIAN_POINT('',(-0.00825706153438413,0.0241451479259668,0.077));
#3801=CARTESIAN_POINT('',(-0.00858102277791976,0.0243977782534946,0.077));
#3802=CARTESIAN_POINT('',(-0.00925569435849398,0.0245344958425096,0.077));
#3803=CARTESIAN_POINT('',(-0.00792715604784784,0.0235001975603959,0.077));
#3804=CARTESIAN_POINT('',(-0.00792715604784784,0.0235001975603959,0.08));
#3805=CARTESIAN_POINT('',(-0.00793111887651494,0.0237617442524246,0.077));
#3806=CARTESIAN_POINT('',(-0.00793111887651494,0.0237617442524246,0.08));
#3807=CARTESIAN_POINT('',(-0.00804108737202704,0.0239767277076149,0.077));
#3808=CARTESIAN_POINT('',(-0.00804108737202704,0.0239767277076149,0.08));
#3809=CARTESIAN_POINT('',(-0.00825706153438413,0.0241451479259668,0.077));
#3810=CARTESIAN_POINT('',(-0.00825706153438413,0.0241451479259668,0.08));
#3811=CARTESIAN_POINT('',(-0.00792715604784784,0.0235001975603959,0.077));
#3812=CARTESIAN_POINT('',(-0.00792715604784784,0.0235001975603959,0.077));
#3813=CARTESIAN_POINT('',(-0.00792715604784784,0.0235001975603959,0.077));
#3814=CARTESIAN_POINT('',(-0.00793310029084849,0.023892517598439,0.077));
#3815=CARTESIAN_POINT('',(-0.00825706153438413,0.0241451479259668,0.077));
#3816=CARTESIAN_POINT('',(-0.00839526518414933,0.0227408205170623,0.077));
#3817=CARTESIAN_POINT('',(-0.00839526518414933,0.0227408205170623,0.08));
#3818=CARTESIAN_POINT('',(-0.0080871552552821,0.0229359898289171,0.077));
#3819=CARTESIAN_POINT('',(-0.0080871552552821,0.0229359898289171,0.08));
#3820=CARTESIAN_POINT('',(-0.00793111887651494,0.0231891155100283,0.077));
#3821=CARTESIAN_POINT('',(-0.00793111887651494,0.0231891155100283,0.08));
#3822=CARTESIAN_POINT('',(-0.00792715604784784,0.0235001975603959,0.077));
#3823=CARTESIAN_POINT('',(-0.00792715604784784,0.0235001975603959,0.08));
#3824=CARTESIAN_POINT('',(-0.00839526518414933,0.0227408205170623,0.077));
#3825=CARTESIAN_POINT('',(-0.00839526518414933,0.0227408205170623,0.077));
#3826=CARTESIAN_POINT('',(-0.00839526518414933,0.0227408205170623,0.077));
#3827=CARTESIAN_POINT('',(-0.00793310029084849,0.0230335744848445,0.077));
#3828=CARTESIAN_POINT('',(-0.00792715604784784,0.0235001975603959,0.077));
#3829=CARTESIAN_POINT('',(-0.00961532106003354,0.0224480665492801,0.077));
#3830=CARTESIAN_POINT('',(-0.00961532106003354,0.0224480665492801,0.08));
#3831=CARTESIAN_POINT('',(-0.00911006040497796,0.0224480665492801,0.077));
#3832=CARTESIAN_POINT('',(-0.00911006040497796,0.0224480665492801,0.08));
#3833=CARTESIAN_POINT('',(-0.00870337511301656,0.0225456512052075,0.077));
#3834=CARTESIAN_POINT('',(-0.00870337511301656,0.0225456512052075,0.08));
#3835=CARTESIAN_POINT('',(-0.00839526518414933,0.0227408205170623,0.077));
#3836=CARTESIAN_POINT('',(-0.00839526518414933,0.0227408205170623,0.08));
#3837=CARTESIAN_POINT('',(-0.00961532106003354,0.0224480665492801,0.077));
#3838=CARTESIAN_POINT('',(-0.00961532106003354,0.0224480665492801,0.077));
#3839=CARTESIAN_POINT('',(-0.00961532106003354,0.0224480665492801,0.077));
#3840=CARTESIAN_POINT('',(-0.00885743007745017,0.0224480665492801,0.077));
#3841=CARTESIAN_POINT('',(-0.00839526518414933,0.0227408205170623,0.077));
#3842=CARTESIAN_POINT('',(-0.0108784726976725,0.022774999914316,0.077));
#3843=CARTESIAN_POINT('',(-0.0108784726976725,0.022774999914316,0.08));
#3844=CARTESIAN_POINT('',(-0.010549557918303,0.0225570443376254,0.077));
#3845=CARTESIAN_POINT('',(-0.010549557918303,0.0225570443376254,0.08));
#3846=CARTESIAN_POINT('',(-0.0101285073724233,0.0224480665492801,0.077));
#3847=CARTESIAN_POINT('',(-0.0101285073724233,0.0224480665492801,0.08));
#3848=CARTESIAN_POINT('',(-0.00961532106003354,0.0224480665492801,0.077));
#3849=CARTESIAN_POINT('',(-0.00961532106003354,0.0224480665492801,0.08));
#3850=CARTESIAN_POINT('',(-0.0108784726976725,0.022774999914316,0.077));
#3851=CARTESIAN_POINT('',(-0.0108784726976725,0.022774999914316,0.077));
#3852=CARTESIAN_POINT('',(-0.0108784726976725,0.022774999914316,0.077));
#3853=CARTESIAN_POINT('',(-0.0103851005286182,0.0224480665492801,0.077));
#3854=CARTESIAN_POINT('',(-0.00961532106003354,0.0224480665492801,0.077));
#3855=CARTESIAN_POINT('',(-0.0114996460912408,0.023729050915921,0.077));
#3856=CARTESIAN_POINT('',(-0.0114996460912408,0.023729050915921,0.08));
#3857=CARTESIAN_POINT('',(-0.0114144452748981,0.0233109724915417,0.077));
#3858=CARTESIAN_POINT('',(-0.0114144452748981,0.0233109724915417,0.08));
#3859=CARTESIAN_POINT('',(-0.011207387477042,0.0229929554910067,0.077));
#3860=CARTESIAN_POINT('',(-0.011207387477042,0.0229929554910067,0.08));
#3861=CARTESIAN_POINT('',(-0.0108784726976725,0.022774999914316,0.077));
#3862=CARTESIAN_POINT('',(-0.0108784726976725,0.022774999914316,0.08));
#3863=CARTESIAN_POINT('',(-0.0114996460912408,0.023729050915921,0.077));
#3864=CARTESIAN_POINT('',(-0.0114996460912408,0.023729050915921,0.077));
#3865=CARTESIAN_POINT('',(-0.0114996460912408,0.023729050915921,0.077));
#3866=CARTESIAN_POINT('',(-0.0113718448667268,0.0231019332793521,0.077));
#3867=CARTESIAN_POINT('',(-0.0108784726976725,0.022774999914316,0.077));
#3868=CARTESIAN_POINT('',(-0.0129143759253964,0.0236547478784128,0.077));
#3869=CARTESIAN_POINT('',(-0.014329105759552,0.0235804448409047,0.077));
#3870=CARTESIAN_POINT('',(-0.014329105759552,0.0235804448409047,0.077));
#3871=CARTESIAN_POINT('',(-0.0129143759253964,0.0236547478784128,0.077));
#3872=CARTESIAN_POINT('',(-0.012901001378645,0.0212339549163965,0.077));
#3873=CARTESIAN_POINT('',(-0.012901001378645,0.0212339549163965,0.08));
#3874=CARTESIAN_POINT('',(-0.0137143719625678,0.0218075743659597,0.077));
#3875=CARTESIAN_POINT('',(-0.0137143719625678,0.0218075743659597,0.08));
#3876=CARTESIAN_POINT('',(-0.0141904067562035,0.022589737674129,0.077));
#3877=CARTESIAN_POINT('',(-0.0141904067562035,0.022589737674129,0.08));
#3878=CARTESIAN_POINT('',(-0.014329105759552,0.0235804448409047,0.077));
#3879=CARTESIAN_POINT('',(-0.014329105759552,0.0235804448409047,0.08));
#3880=CARTESIAN_POINT('',(-0.012901001378645,0.0212339549163965,0.077));
#3881=CARTESIAN_POINT('',(-0.012901001378645,0.0212339549163965,0.077));
#3882=CARTESIAN_POINT('',(-0.012901001378645,0.0212339549163965,0.077));
#3883=CARTESIAN_POINT('',(-0.0141210572545292,0.0220943840907412,0.077));
#3884=CARTESIAN_POINT('',(-0.014329105759552,0.0235804448409047,0.077));
#3885=CARTESIAN_POINT('',(-0.00962126530303419,0.0203735257420519,0.077));
#3886=CARTESIAN_POINT('',(-0.00962126530303419,0.0203735257420519,0.08));
#3887=CARTESIAN_POINT('',(-0.0109943854361852,0.0203735257420519,0.077));
#3888=CARTESIAN_POINT('',(-0.0109943854361852,0.0203735257420519,0.08));
#3889=CARTESIAN_POINT('',(-0.0120876307947222,0.0206603354668335,0.077));
#3890=CARTESIAN_POINT('',(-0.0120876307947222,0.0206603354668335,0.08));
#3891=CARTESIAN_POINT('',(-0.012901001378645,0.0212339549163965,0.077));
#3892=CARTESIAN_POINT('',(-0.012901001378645,0.0212339549163965,0.08));
#3893=CARTESIAN_POINT('',(-0.00962126530303419,0.0203735257420519,0.077));
#3894=CARTESIAN_POINT('',(-0.00962126530303419,0.0203735257420519,0.077));
#3895=CARTESIAN_POINT('',(-0.00962126530303419,0.0203735257420519,0.077));
#3896=CARTESIAN_POINT('',(-0.0116809455027608,0.0203735257420519,0.077));
#3897=CARTESIAN_POINT('',(-0.012901001378645,0.0212339549163965,0.077));
#3898=CARTESIAN_POINT('',(-0.00723465173827166,0.020801511238099,0.077));
#3899=CARTESIAN_POINT('',(-0.00723465173827166,0.020801511238099,0.08));
#3900=CARTESIAN_POINT('',(-0.00792616534068107,0.0205161875740676,0.077));
#3901=CARTESIAN_POINT('',(-0.00792616534068107,0.0205161875740676,0.08));
#3902=CARTESIAN_POINT('',(-0.00872170319560191,0.0203735257420519,0.077));
#3903=CARTESIAN_POINT('',(-0.00872170319560191,0.0203735257420519,0.08));
#3904=CARTESIAN_POINT('',(-0.00962126530303419,0.0203735257420519,0.077));
#3905=CARTESIAN_POINT('',(-0.00962126530303419,0.0203735257420519,0.08));
#3906=CARTESIAN_POINT('',(-0.00723465173827166,0.020801511238099,0.077));
#3907=CARTESIAN_POINT('',(-0.00723465173827166,0.020801511238099,0.077));
#3908=CARTESIAN_POINT('',(-0.00723465173827166,0.020801511238099,0.077));
#3909=CARTESIAN_POINT('',(-0.00827192214188577,0.0203735257420519,0.077));
#3910=CARTESIAN_POINT('',(-0.00962126530303419,0.0203735257420519,0.077));
#3911=CARTESIAN_POINT('',(-0.00559998491309185,0.0220007622634809,0.077));
#3912=CARTESIAN_POINT('',(-0.00559998491309185,0.0220007622634809,0.08));
#3913=CARTESIAN_POINT('',(-0.00599824919413566,0.0214865852439243,0.077));
#3914=CARTESIAN_POINT('',(-0.00599824919413566,0.0214865852439243,0.08));
#3915=CARTESIAN_POINT('',(-0.00654313813586226,0.0210868349021304,0.077));
#3916=CARTESIAN_POINT('',(-0.00654313813586226,0.0210868349021304,0.08));
#3917=CARTESIAN_POINT('',(-0.00723465173827166,0.020801511238099,0.077));
#3918=CARTESIAN_POINT('',(-0.00723465173827166,0.020801511238099,0.08));
#3919=CARTESIAN_POINT('',(-0.00559998491309185,0.0220007622634809,0.077));
#3920=CARTESIAN_POINT('',(-0.00559998491309185,0.0220007622634809,0.077));
#3921=CARTESIAN_POINT('',(-0.00559998491309185,0.0220007622634809,0.077));
#3922=CARTESIAN_POINT('',(-0.00619738133465756,0.021229496734146,0.077));
#3923=CARTESIAN_POINT('',(-0.00723465173827166,0.020801511238099,0.077));
#3924=CARTESIAN_POINT('',(-0.00500258849152614,0.0237914654674279,0.077));
#3925=CARTESIAN_POINT('',(-0.00500258849152614,0.0237914654674279,0.08));
#3926=CARTESIAN_POINT('',(-0.00500258849152614,0.0231118403510198,0.077));
#3927=CARTESIAN_POINT('',(-0.00500258849152614,0.0231118403510198,0.08));
#3928=CARTESIAN_POINT('',(-0.00520172063204804,0.0225149392830375,0.077));
#3929=CARTESIAN_POINT('',(-0.00520172063204804,0.0225149392830375,0.08));
#3930=CARTESIAN_POINT('',(-0.00559998491309185,0.0220007622634809,0.077));
#3931=CARTESIAN_POINT('',(-0.00559998491309185,0.0220007622634809,0.08));
#3932=CARTESIAN_POINT('',(-0.00500258849152614,0.0237914654674279,0.077));
#3933=CARTESIAN_POINT('',(-0.00500258849152614,0.0237914654674279,0.077));
#3934=CARTESIAN_POINT('',(-0.00500258849152614,0.0237914654674279,0.077));
#3935=CARTESIAN_POINT('',(-0.00500258849152614,0.0227720277928158,0.077));
#3936=CARTESIAN_POINT('',(-0.00559998491309185,0.0220007622634809,0.077));
#3937=CARTESIAN_POINT('',(-0.00574561886660787,0.025601487461127,0.077));
#3938=CARTESIAN_POINT('',(-0.00574561886660787,0.025601487461127,0.08));
#3939=CARTESIAN_POINT('',(-0.00525026528322005,0.0251417993357431,0.077));
#3940=CARTESIAN_POINT('',(-0.00525026528322005,0.0251417993357431,0.08));
#3941=CARTESIAN_POINT('',(-0.00500258849152614,0.0245384586711767,0.077));
#3942=CARTESIAN_POINT('',(-0.00500258849152614,0.0245384586711767,0.08));
#3943=CARTESIAN_POINT('',(-0.00500258849152614,0.0237914654674279,0.077));
#3944=CARTESIAN_POINT('',(-0.00500258849152614,0.0237914654674279,0.08));
#3945=CARTESIAN_POINT('',(-0.00574561886660787,0.025601487461127,0.077));
#3946=CARTESIAN_POINT('',(-0.00574561886660787,0.025601487461127,0.077));
#3947=CARTESIAN_POINT('',(-0.00574561886660787,0.025601487461127,0.077));
#3948=CARTESIAN_POINT('',(-0.00500258849152614,0.0249119552730511,0.077));
#3949=CARTESIAN_POINT('',(-0.00500258849152614,0.0237914654674279,0.077));
#3950=CARTESIAN_POINT('',(-0.00800145908535601,0.0266001202852368,0.077));
#3951=CARTESIAN_POINT('',(-0.00800145908535601,0.0266001202852368,0.08));
#3952=CARTESIAN_POINT('',(-0.0069929191895784,0.0263940531945475,0.077));
#3953=CARTESIAN_POINT('',(-0.0069929191895784,0.0263940531945475,0.08));
#3954=CARTESIAN_POINT('',(-0.00624097244999569,0.0260611755865109,0.077));
#3955=CARTESIAN_POINT('',(-0.00624097244999569,0.0260611755865109,0.08));
#3956=CARTESIAN_POINT('',(-0.00574561886660787,0.025601487461127,0.077));
#3957=CARTESIAN_POINT('',(-0.00574561886660787,0.025601487461127,0.08));
#3958=CARTESIAN_POINT('',(-0.00800145908535601,0.0266001202852368,0.077));
#3959=CARTESIAN_POINT('',(-0.00800145908535601,0.0266001202852368,0.077));
#3960=CARTESIAN_POINT('',(-0.00800145908535601,0.0266001202852368,0.077));
#3961=CARTESIAN_POINT('',(-0.0064886492416896,0.0262910196492029,0.077));
#3962=CARTESIAN_POINT('',(-0.00574561886660787,0.025601487461127,0.077));
#3963=CARTESIAN_POINT('',(-0.00893916341870916,0.0267903360612578,0.077));
#3964=CARTESIAN_POINT('',(-0.00987686775206231,0.0269805518372787,0.077));
#3965=CARTESIAN_POINT('',(-0.00987686775206231,0.0269805518372787,0.077));
#3966=CARTESIAN_POINT('',(-0.00893916341870916,0.0267903360612578,0.077));
#3967=CARTESIAN_POINT('',(-0.0108992775481748,0.027392190665074,0.077));
#3968=CARTESIAN_POINT('',(-0.0108992775481748,0.027392190665074,0.08));
#3969=CARTESIAN_POINT('',(-0.0107011361148196,0.0272207983252218,0.077));
#3970=CARTESIAN_POINT('',(-0.0107011361148196,0.0272207983252218,0.08));
#3971=CARTESIAN_POINT('',(-0.0103603328494488,0.0270835853826234,0.077));
#3972=CARTESIAN_POINT('',(-0.0103603328494488,0.0270835853826234,0.08));
#3973=CARTESIAN_POINT('',(-0.00987686775206231,0.0269805518372787,0.077));
#3974=CARTESIAN_POINT('',(-0.00987686775206231,0.0269805518372787,0.08));
#3975=CARTESIAN_POINT('',(-0.0108992775481748,0.027392190665074,0.077));
#3976=CARTESIAN_POINT('',(-0.0108992775481748,0.027392190665074,0.077));
#3977=CARTESIAN_POINT('',(-0.0108992775481748,0.027392190665074,0.077));
#3978=CARTESIAN_POINT('',(-0.0106020653981421,0.0271351021552957,0.077));
#3979=CARTESIAN_POINT('',(-0.00987686775206231,0.0269805518372787,0.077));
#3980=CARTESIAN_POINT('',(-0.0111964896982075,0.0280207943623931,0.077));
#3981=CARTESIAN_POINT('',(-0.0111964896982075,0.0280207943623931,0.08));
#3982=CARTESIAN_POINT('',(-0.0111964896982075,0.0277731175706992,0.077));
#3983=CARTESIAN_POINT('',(-0.0111964896982075,0.0277731175706992,0.08));
#3984=CARTESIAN_POINT('',(-0.0110974189815299,0.0275635830049261,0.077));
#3985=CARTESIAN_POINT('',(-0.0110974189815299,0.0275635830049261,0.08));
#3986=CARTESIAN_POINT('',(-0.0108992775481748,0.027392190665074,0.077));
#3987=CARTESIAN_POINT('',(-0.0108992775481748,0.027392190665074,0.08));
#3988=CARTESIAN_POINT('',(-0.0111964896982075,0.0280207943623931,0.077));
#3989=CARTESIAN_POINT('',(-0.0111964896982075,0.0280207943623931,0.077));
#3990=CARTESIAN_POINT('',(-0.0111964896982075,0.0280207943623931,0.077));
#3991=CARTESIAN_POINT('',(-0.0111964896982075,0.0276492791748522,0.077));
#3992=CARTESIAN_POINT('',(-0.0108992775481748,0.027392190665074,0.077));
#3993=CARTESIAN_POINT('',(-0.010737296926407,0.028765310798225,0.077));
#3994=CARTESIAN_POINT('',(-0.010737296926407,0.028765310798225,0.08));
#3995=CARTESIAN_POINT('',(-0.0110434254409406,0.0285780671437044,0.077));
#3996=CARTESIAN_POINT('',(-0.0110434254409406,0.0285780671437044,0.08));
#3997=CARTESIAN_POINT('',(-0.0111964896982075,0.0283298949984271,0.077));
#3998=CARTESIAN_POINT('',(-0.0111964896982075,0.0283298949984271,0.08));
#3999=CARTESIAN_POINT('',(-0.0111964896982075,0.0280207943623931,0.077));
#4000=CARTESIAN_POINT('',(-0.0111964896982075,0.0280207943623931,0.08));
#4001=CARTESIAN_POINT('',(-0.010737296926407,0.028765310798225,0.077));
#4002=CARTESIAN_POINT('',(-0.010737296926407,0.028765310798225,0.077));
#4003=CARTESIAN_POINT('',(-0.010737296926407,0.028765310798225,0.077));
#4004=CARTESIAN_POINT('',(-0.0111964896982075,0.0284844453164441,0.077));
#4005=CARTESIAN_POINT('',(-0.0111964896982075,0.0280207943623931,0.077));
#4006=CARTESIAN_POINT('',(-0.00960937681703288,0.0290461762800059,0.077));
#4007=CARTESIAN_POINT('',(-0.00960937681703288,0.0290461762800059,0.08));
#4008=CARTESIAN_POINT('',(-0.0100551950420819,0.0290461762800059,0.077));
#4009=CARTESIAN_POINT('',(-0.0100551950420819,0.0290461762800059,0.08));
#4010=CARTESIAN_POINT('',(-0.0104311684118733,0.0289525544527456,0.077));
#4011=CARTESIAN_POINT('',(-0.0104311684118733,0.0289525544527456,0.08));
#4012=CARTESIAN_POINT('',(-0.010737296926407,0.028765310798225,0.077));
#4013=CARTESIAN_POINT('',(-0.010737296926407,0.028765310798225,0.08));
#4014=CARTESIAN_POINT('',(-0.00960937681703288,0.0290461762800059,0.077));
#4015=CARTESIAN_POINT('',(-0.00960937681703288,0.0290461762800059,0.077));
#4016=CARTESIAN_POINT('',(-0.00960937681703288,0.0290461762800059,0.077));
#4017=CARTESIAN_POINT('',(-0.0102781041546064,0.0290461762800059,0.077));
#4018=CARTESIAN_POINT('',(-0.010737296926407,0.028765310798225,0.077));
#4019=CARTESIAN_POINT('',(-0.00874597552118791,0.0288812235367378,0.077));
#4020=CARTESIAN_POINT('',(-0.00874597552118791,0.0288812235367378,0.08));
#4021=CARTESIAN_POINT('',(-0.00898671736271439,0.0289911920322499,0.077));
#4022=CARTESIAN_POINT('',(-0.00898671736271439,0.0289911920322499,0.08));
#4023=CARTESIAN_POINT('',(-0.00927451779466271,0.0290461762800059,0.077));
#4024=CARTESIAN_POINT('',(-0.00927451779466271,0.0290461762800059,0.08));
#4025=CARTESIAN_POINT('',(-0.00960937681703288,0.0290461762800059,0.077));
#4026=CARTESIAN_POINT('',(-0.00960937681703288,0.0290461762800059,0.08));
#4027=CARTESIAN_POINT('',(-0.00874597552118791,0.0288812235367378,0.077));
#4028=CARTESIAN_POINT('',(-0.00874597552118791,0.0288812235367378,0.077));
#4029=CARTESIAN_POINT('',(-0.00874597552118791,0.0288812235367378,0.077));
#4030=CARTESIAN_POINT('',(-0.00910708828347763,0.0290461762800059,0.077));
#4031=CARTESIAN_POINT('',(-0.00960937681703288,0.0290461762800059,0.077));
#4032=CARTESIAN_POINT('',(-0.00938111363077171,0.0274204642044178,0.077));
#4033=CARTESIAN_POINT('',(-0.00816195364637367,0.0284428356154395,0.077));
#4034=CARTESIAN_POINT('',(-0.00816174016957188,0.028443015813138,0.077));
#4035=CARTESIAN_POINT('',(-0.00938111363077171,0.0274204642044178,0.077));
#4036=CARTESIAN_POINT('',(-0.00923405522986004,0.0275567061938006,0.077));
#4037=CARTESIAN_POINT('',(-0.00923405522986004,0.0275567061938006,0.077));
#4038=CARTESIAN_POINT('',(-0.0042432114481926,-0.0157562405792046,0.077));
#4039=CARTESIAN_POINT('',(0.0133562060159933,0.0257634680828948,0.077));
#4040=CARTESIAN_POINT('',(0.0133562060159933,0.0205756300040742,0.077));
#4041=CARTESIAN_POINT('',(0.0133562060159933,0.0205756300040742,0.077));
#4042=CARTESIAN_POINT('',(0.0133562060159933,0.0257634680828948,0.077));
#4043=CARTESIAN_POINT('',(0.0133562060159933,0.0309513061617154,0.077));
#4044=CARTESIAN_POINT('',(0.0133562060159933,0.0309513061617154,0.077));
#4045=CARTESIAN_POINT('',(0.0147961988829017,0.0205756300040742,0.077));
#4046=CARTESIAN_POINT('',(0.0162361917498101,0.0205756300040742,0.077));
#4047=CARTESIAN_POINT('',(0.0162361917498101,0.0205756300040742,0.077));
#4048=CARTESIAN_POINT('',(0.0147961988829017,0.0205756300040742,0.077));
#4049=CARTESIAN_POINT('',(0.0162361917498101,0.023510599985647,0.077));
#4050=CARTESIAN_POINT('',(0.0162361917498101,0.0264455699672199,0.077));
#4051=CARTESIAN_POINT('',(0.0162361917498101,0.0264455699672199,0.077));
#4052=CARTESIAN_POINT('',(0.0162361917498101,0.023510599985647,0.077));
#4053=CARTESIAN_POINT('',(0.0165230014745917,0.0275675458335932,0.077));
#4054=CARTESIAN_POINT('',(0.0165230014745917,0.0275675458335932,0.08));
#4055=CARTESIAN_POINT('',(0.016331794991404,0.0272435845900576,0.077));
#4056=CARTESIAN_POINT('',(0.016331794991404,0.0272435845900576,0.08));
#4057=CARTESIAN_POINT('',(0.0162361917498101,0.0268695926345998,0.077));
#4058=CARTESIAN_POINT('',(0.0162361917498101,0.0268695926345998,0.08));
#4059=CARTESIAN_POINT('',(0.0162361917498101,0.0264455699672199,0.077));
#4060=CARTESIAN_POINT('',(0.0162361917498101,0.0264455699672199,0.08));
#4061=CARTESIAN_POINT('',(0.0165230014745917,0.0275675458335932,0.077));
#4062=CARTESIAN_POINT('',(0.0165230014745917,0.0275675458335932,0.077));
#4063=CARTESIAN_POINT('',(0.0165230014745917,0.0275675458335932,0.077));
#4064=CARTESIAN_POINT('',(0.0162361917498101,0.0270816039682898,0.077));
#4065=CARTESIAN_POINT('',(0.0162361917498101,0.0264455699672199,0.077));
#4066=CARTESIAN_POINT('',(0.0182748368111295,0.0265440805341395,0.077));
#4067=CARTESIAN_POINT('',(0.0173061554899278,0.0283269228769268,0.077));
#4068=CARTESIAN_POINT('',(0.0173061554899278,0.0283269228769268,0.077));
#4069=CARTESIAN_POINT('',(0.0182748368111295,0.0265440805341395,0.077));
#4070=CARTESIAN_POINT('',(0.018435561660052,0.0286003580549569,0.077));
#4071=CARTESIAN_POINT('',(0.018435561660052,0.0286003580549569,0.08));
#4072=CARTESIAN_POINT('',(0.0180135204070056,0.0286003580549569,0.077));
#4073=CARTESIAN_POINT('',(0.0180135204070056,0.0286003580549569,0.08));
#4074=CARTESIAN_POINT('',(0.0176370516836309,0.0285092129956135,0.077));
#4075=CARTESIAN_POINT('',(0.0176370516836309,0.0285092129956135,0.08));
#4076=CARTESIAN_POINT('',(0.0173061554899278,0.0283269228769268,0.077));
#4077=CARTESIAN_POINT('',(0.0173061554899278,0.0283269228769268,0.08));
#4078=CARTESIAN_POINT('',(0.018435561660052,0.0286003580549569,0.077));
#4079=CARTESIAN_POINT('',(0.018435561660052,0.0286003580549569,0.077));
#4080=CARTESIAN_POINT('',(0.018435561660052,0.0286003580549569,0.077));
#4081=CARTESIAN_POINT('',(0.0178024997804824,0.0286003580549569,0.077));
#4082=CARTESIAN_POINT('',(0.0173061554899278,0.0283269228769268,0.077));
#4083=CARTESIAN_POINT('',(0.018394416813992,0.02356905452804,0.0770000000000007));
#4084=CARTESIAN_POINT('',(0.0190909144508742,0.0285528041109516,0.077));
#4085=CARTESIAN_POINT('',(0.0190908648679599,0.0285524128713122,0.077));
#4086=CARTESIAN_POINT('',(0.018394416813992,0.02356905452804,0.077));
#4087=CARTESIAN_POINT('',(0.0186144594438016,0.0244411146330559,0.0770000000000007));
#4088=CARTESIAN_POINT('',(0.0196541314751861,0.0284468048211266,0.077));
#4089=CARTESIAN_POINT('',(0.0196541314751861,0.0284468048211266,0.077));
#4090=CARTESIAN_POINT('',(0.0186144594438016,0.0244411146330559,0.077));
#4091=CARTESIAN_POINT('',(0.0196541314751861,0.0297223339213303,0.077));
#4092=CARTESIAN_POINT('',(0.0196541314751861,0.0309992016541965,0.077));
#4093=CARTESIAN_POINT('',(0.0196541314751861,0.0309992016541965,0.077));
#4094=CARTESIAN_POINT('',(0.0196541314751861,0.0297223339213303,0.077));
#4095=CARTESIAN_POINT('',(0.0188930464738231,0.027804298990177,0.0770000000000006));
#4096=CARTESIAN_POINT('',(0.0192142574931377,0.0310731631432288,0.077));
#4097=CARTESIAN_POINT('',(0.0192142426419011,0.0310730119206614,0.077));
#4098=CARTESIAN_POINT('',(0.0188930464738231,0.027804298990177,0.077));
#4099=CARTESIAN_POINT('',(0.018726280633298,0.026694685093089,0.0770000000000011));
#4100=CARTESIAN_POINT('',(0.0187476344175864,0.0310999122367318,0.077));
#4101=CARTESIAN_POINT('',(0.0187476344175864,0.0310999122367318,0.077));
#4102=CARTESIAN_POINT('',(0.018726280633298,0.026694685093089,0.077));
#4103=CARTESIAN_POINT('',(0.017208075480417,0.0306035679461772,0.077));
#4104=CARTESIAN_POINT('',(0.017208075480417,0.0306035679461772,0.08));
#4105=CARTESIAN_POINT('',(0.0176538937054661,0.0309344641398803,0.077));
#4106=CARTESIAN_POINT('',(0.0176538937054661,0.0309344641398803,0.08));
#4107=CARTESIAN_POINT('',(0.0181670800178559,0.0310999122367318,0.077));
#4108=CARTESIAN_POINT('',(0.0181670800178559,0.0310999122367318,0.08));
#4109=CARTESIAN_POINT('',(0.0187476344175864,0.0310999122367318,0.077));
#4110=CARTESIAN_POINT('',(0.0187476344175864,0.0310999122367318,0.08));
#4111=CARTESIAN_POINT('',(0.017208075480417,0.0306035679461772,0.077));
#4112=CARTESIAN_POINT('',(0.017208075480417,0.0306035679461772,0.077));
#4113=CARTESIAN_POINT('',(0.017208075480417,0.0306035679461772,0.077));
#4114=CARTESIAN_POINT('',(0.0178768028179906,0.0310999122367318,0.077));
#4115=CARTESIAN_POINT('',(0.0187476344175864,0.0310999122367318,0.077));
#4116=CARTESIAN_POINT('',(0.0162540244788121,0.0291412841680164,0.077));
#4117=CARTESIAN_POINT('',(0.0162540244788121,0.0291412841680164,0.08));
#4118=CARTESIAN_POINT('',(0.016444240254833,0.0297852438264205,0.077));
#4119=CARTESIAN_POINT('',(0.016444240254833,0.0297852438264205,0.08));
#4120=CARTESIAN_POINT('',(0.016762257255368,0.0302726717524741,0.077));
#4121=CARTESIAN_POINT('',(0.016762257255368,0.0302726717524741,0.08));
#4122=CARTESIAN_POINT('',(0.017208075480417,0.0306035679461772,0.077));
#4123=CARTESIAN_POINT('',(0.017208075480417,0.0306035679461772,0.08));
#4124=CARTESIAN_POINT('',(0.0162540244788121,0.0291412841680164,0.077));
#4125=CARTESIAN_POINT('',(0.0162540244788121,0.0291412841680164,0.077));
#4126=CARTESIAN_POINT('',(0.0162540244788121,0.0291412841680164,0.077));
#4127=CARTESIAN_POINT('',(0.0165393481428435,0.0301072236556226,0.077));
#4128=CARTESIAN_POINT('',(0.017208075480417,0.0306035679461772,0.077));
#4129=CARTESIAN_POINT('',(0.0162005262918062,0.0291412841680164,0.077));
#4130=CARTESIAN_POINT('',(0.0161470281048003,0.0291412841680164,0.077));
#4131=CARTESIAN_POINT('',(0.0161470281048003,0.0291412841680164,0.077));
#4132=CARTESIAN_POINT('',(0.0162005262918062,0.0291412841680164,0.077));
#4133=CARTESIAN_POINT('',(0.0161470281048003,0.0300462951648659,0.077));
#4134=CARTESIAN_POINT('',(0.0161470281048003,0.0309513061617154,0.077));
#4135=CARTESIAN_POINT('',(0.0161470281048003,0.0309513061617154,0.077));
#4136=CARTESIAN_POINT('',(0.0161470281048003,0.0300462951648659,0.077));
#4137=CARTESIAN_POINT('',(0.0147516170603968,0.0309513061617154,0.077));
#4138=CARTESIAN_POINT('',(0.0147516170603968,0.0309513061617154,0.077));
#4139=CARTESIAN_POINT('',(-0.0042432114481926,-0.0157562405792046,0.077));
#4140=CARTESIAN_POINT('',(0.00441309242150959,0.0250234098293134,0.077));
#4141=CARTESIAN_POINT('',(0.00441309242150959,0.0250278680115639,0.077));
#4142=CARTESIAN_POINT('',(0.00441309242150959,0.0250278680115639,0.077));
#4143=CARTESIAN_POINT('',(0.00441309242150959,0.0250234098293134,0.077));
#4144=CARTESIAN_POINT('',(0.00441309242150959,0.0250189516470629,0.077));
#4145=CARTESIAN_POINT('',(0.00441309242150959,0.0250189516470629,0.077));
#4146=CARTESIAN_POINT('',(0.00794694488539831,0.0250278680115639,0.077));
#4147=CARTESIAN_POINT('',(0.011480797349287,0.0250278680115639,0.077));
#4148=CARTESIAN_POINT('',(0.011480797349287,0.0250278680115639,0.077));
#4149=CARTESIAN_POINT('',(0.00794694488539831,0.0250278680115639,0.077));
#4150=CARTESIAN_POINT('',(0.011480797349287,0.0254231601711074,0.077));
#4151=CARTESIAN_POINT('',(0.011480797349287,0.0258184523306508,0.077));
#4152=CARTESIAN_POINT('',(0.011480797349287,0.0258184523306508,0.077));
#4153=CARTESIAN_POINT('',(0.011480797349287,0.0254231601711074,0.077));
#4154=CARTESIAN_POINT('',(0.0111092821617462,0.0281307628579052,0.077));
#4155=CARTESIAN_POINT('',(0.0111092821617462,0.0281307628579052,0.08));
#4156=CARTESIAN_POINT('',(0.0113569589534401,0.0274709518848326,0.077));
#4157=CARTESIAN_POINT('',(0.0113569589534401,0.0274709518848326,0.08));
#4158=CARTESIAN_POINT('',(0.011480797349287,0.0267001817090812,0.077));
#4159=CARTESIAN_POINT('',(0.011480797349287,0.0267001817090812,0.08));
#4160=CARTESIAN_POINT('',(0.011480797349287,0.0258184523306508,0.077));
#4161=CARTESIAN_POINT('',(0.011480797349287,0.0258184523306508,0.08));
#4162=CARTESIAN_POINT('',(0.0111092821617462,0.0281307628579052,0.077));
#4163=CARTESIAN_POINT('',(0.0111092821617462,0.0281307628579052,0.077));
#4164=CARTESIAN_POINT('',(0.0111092821617462,0.0281307628579052,0.077));
#4165=CARTESIAN_POINT('',(0.011480797349287,0.0271410463982963,0.077));
#4166=CARTESIAN_POINT('',(0.011480797349287,0.0258184523306508,0.077));
#4167=CARTESIAN_POINT('',(0.0100720117581321,0.0297758321083362,0.077));
#4168=CARTESIAN_POINT('',(0.0100720117581321,0.0297758321083362,0.08));
#4169=CARTESIAN_POINT('',(0.0105158485688476,0.0293389302477881,0.077));
#4170=CARTESIAN_POINT('',(0.0105158485688476,0.0293389302477881,0.08));
#4171=CARTESIAN_POINT('',(0.0108616053700523,0.0287905738309778,0.077));
#4172=CARTESIAN_POINT('',(0.0108616053700523,0.0287905738309778,0.08));
#4173=CARTESIAN_POINT('',(0.0111092821617462,0.0281307628579052,0.077));
#4174=CARTESIAN_POINT('',(0.0111092821617462,0.0281307628579052,0.08));
#4175=CARTESIAN_POINT('',(0.0100720117581321,0.0297758321083362,0.077));
#4176=CARTESIAN_POINT('',(0.0100720117581321,0.0297758321083362,0.077));
#4177=CARTESIAN_POINT('',(0.0100720117581321,0.0297758321083362,0.077));
#4178=CARTESIAN_POINT('',(0.0107377669742053,0.0291204793175141,0.077));
#4179=CARTESIAN_POINT('',(0.0111092821617462,0.0281307628579052,0.077));
#4180=CARTESIAN_POINT('',(0.00704730358548389,0.0267083575938848,0.0770000000000001));
#4181=CARTESIAN_POINT('',(0.00851759221346108,0.0307581182641942,0.077));
#4182=CARTESIAN_POINT('',(0.00851759221346108,0.0307581182641942,0.077));
#4183=CARTESIAN_POINT('',(0.00704730358548389,0.0267083575938848,0.077));
#4184=CARTESIAN_POINT('',(0.00660354596725054,0.0310850516292302,0.077));
#4185=CARTESIAN_POINT('',(0.00660354596725054,0.0310850516292302,0.08));
#4186=CARTESIAN_POINT('',(0.00728713391232573,0.0310850516292302,0.077));
#4187=CARTESIAN_POINT('',(0.00728713391232573,0.0310850516292302,0.08));
#4188=CARTESIAN_POINT('',(0.00792514932772925,0.0309760738408849,0.077));
#4189=CARTESIAN_POINT('',(0.00792514932772925,0.0309760738408849,0.08));
#4190=CARTESIAN_POINT('',(0.00851759221346108,0.0307581182641942,0.077));
#4191=CARTESIAN_POINT('',(0.00851759221346108,0.0307581182641942,0.08));
#4192=CARTESIAN_POINT('',(0.00660354596725054,0.0310850516292302,0.077));
#4193=CARTESIAN_POINT('',(0.00660354596725054,0.0310850516292302,0.077));
#4194=CARTESIAN_POINT('',(0.00660354596725054,0.0310850516292302,0.077));
#4195=CARTESIAN_POINT('',(0.00762892788486333,0.0310850516292302,0.077));
#4196=CARTESIAN_POINT('',(0.00851759221346108,0.0307581182641942,0.077));
#4197=CARTESIAN_POINT('',(0.00394498328520809,0.030410380048656,0.077));
#4198=CARTESIAN_POINT('',(0.00394498328520809,0.030410380048656,0.08));
#4199=CARTESIAN_POINT('',(0.00469891143912436,0.0308601611023721,0.077));
#4200=CARTESIAN_POINT('',(0.00469891143912436,0.0308601611023721,0.08));
#4201=CARTESIAN_POINT('',(0.00558509899980517,0.0310850516292302,0.077));
#4202=CARTESIAN_POINT('',(0.00558509899980517,0.0310850516292302,0.08));
#4203=CARTESIAN_POINT('',(0.00660354596725054,0.0310850516292302,0.077));
#4204=CARTESIAN_POINT('',(0.00660354596725054,0.0310850516292302,0.08));
#4205=CARTESIAN_POINT('',(0.00394498328520809,0.030410380048656,0.077));
#4206=CARTESIAN_POINT('',(0.00394498328520809,0.030410380048656,0.077));
#4207=CARTESIAN_POINT('',(0.00394498328520809,0.030410380048656,0.077));
#4208=CARTESIAN_POINT('',(0.00507587551608249,0.0310850516292302,0.077));
#4209=CARTESIAN_POINT('',(0.00660354596725054,0.0310850516292302,0.077));
#4210=CARTESIAN_POINT('',(0.00219143160001521,0.0285260550174487,0.077));
#4211=CARTESIAN_POINT('',(0.00219143160001521,0.0285260550174487,0.08));
#4212=CARTESIAN_POINT('',(0.0026065379028942,0.0293324906512041,0.077));
#4213=CARTESIAN_POINT('',(0.0026065379028942,0.0293324906512041,0.08));
#4214=CARTESIAN_POINT('',(0.00319105513129183,0.0299605989949398,0.077));
#4215=CARTESIAN_POINT('',(0.00319105513129183,0.0299605989949398,0.08));
#4216=CARTESIAN_POINT('',(0.00394498328520809,0.030410380048656,0.077));
#4217=CARTESIAN_POINT('',(0.00394498328520809,0.030410380048656,0.08));
#4218=CARTESIAN_POINT('',(0.00219143160001521,0.0285260550174487,0.077));
#4219=CARTESIAN_POINT('',(0.00219143160001521,0.0285260550174487,0.077));
#4220=CARTESIAN_POINT('',(0.00219143160001521,0.0285260550174487,0.077));
#4221=CARTESIAN_POINT('',(0.0028140910543337,0.0297357084680818,0.077));
#4222=CARTESIAN_POINT('',(0.00394498328520809,0.030410380048656,0.077));
#4223=CARTESIAN_POINT('',(0.00156877214569671,0.0257174001996398,0.077));
#4224=CARTESIAN_POINT('',(0.00156877214569671,0.0257174001996398,0.08));
#4225=CARTESIAN_POINT('',(0.00156877214569671,0.0267834011110904,0.077));
#4226=CARTESIAN_POINT('',(0.00156877214569671,0.0267834011110904,0.08));
#4227=CARTESIAN_POINT('',(0.00177632529713621,0.0277196193836933,0.077));
#4228=CARTESIAN_POINT('',(0.00177632529713621,0.0277196193836933,0.08));
#4229=CARTESIAN_POINT('',(0.00219143160001521,0.0285260550174487,0.077));
#4230=CARTESIAN_POINT('',(0.00219143160001521,0.0285260550174487,0.08));
#4231=CARTESIAN_POINT('',(0.00156877214569671,0.0257174001996398,0.077));
#4232=CARTESIAN_POINT('',(0.00156877214569671,0.0257174001996398,0.077));
#4233=CARTESIAN_POINT('',(0.00156877214569671,0.0257174001996398,0.077));
#4234=CARTESIAN_POINT('',(0.00156877214569671,0.0273164015668157,0.077));
#4235=CARTESIAN_POINT('',(0.00219143160001521,0.0285260550174487,0.077));
#4236=CARTESIAN_POINT('',(0.00219143160001521,0.022874565984577,0.077));
#4237=CARTESIAN_POINT('',(0.00219143160001521,0.022874565984577,0.08));
#4238=CARTESIAN_POINT('',(0.00177632529713621,0.023674066668165,0.077));
#4239=CARTESIAN_POINT('',(0.00177632529713621,0.023674066668165,0.08));
#4240=CARTESIAN_POINT('',(0.00156877214569671,0.0246216780731859,0.077));
#4241=CARTESIAN_POINT('',(0.00156877214569671,0.0246216780731859,0.08));
#4242=CARTESIAN_POINT('',(0.00156877214569671,0.0257174001996398,0.077));
#4243=CARTESIAN_POINT('',(0.00156877214569671,0.0257174001996398,0.08));
#4244=CARTESIAN_POINT('',(0.00219143160001521,0.022874565984577,0.077));
#4245=CARTESIAN_POINT('',(0.00219143160001521,0.022874565984577,0.077));
#4246=CARTESIAN_POINT('',(0.00219143160001521,0.022874565984577,0.077));
#4247=CARTESIAN_POINT('',(0.00156877214569671,0.024073817009959,0.077));
#4248=CARTESIAN_POINT('',(0.00156877214569671,0.0257174001996398,0.077));
#4249=CARTESIAN_POINT('',(0.00396578813571038,0.0210244203506235,0.077));
#4250=CARTESIAN_POINT('',(0.00396578813571038,0.0210244203506235,0.08));
#4251=CARTESIAN_POINT('',(0.00319799008145926,0.0214583500896712,0.077));
#4252=CARTESIAN_POINT('',(0.00319799008145926,0.0214583500896712,0.08));
#4253=CARTESIAN_POINT('',(0.0026065379028942,0.0220750653009891,0.077));
#4254=CARTESIAN_POINT('',(0.0026065379028942,0.0220750653009891,0.08));
#4255=CARTESIAN_POINT('',(0.00219143160001521,0.022874565984577,0.077));
#4256=CARTESIAN_POINT('',(0.00219143160001521,0.022874565984577,0.08));
#4257=CARTESIAN_POINT('',(0.00396578813571038,0.0210244203506235,0.077));
#4258=CARTESIAN_POINT('',(0.00396578813571038,0.0210244203506235,0.077));
#4259=CARTESIAN_POINT('',(0.00396578813571038,0.0210244203506235,0.077));
#4260=CARTESIAN_POINT('',(0.0028140910543337,0.0216753149591951,0.077));
#4261=CARTESIAN_POINT('',(0.00219143160001521,0.022874565984577,0.077));
#4262=CARTESIAN_POINT('',(0.00671648658426296,0.0203735257420519,0.077));
#4263=CARTESIAN_POINT('',(0.00671648658426296,0.0203735257420519,0.08));
#4264=CARTESIAN_POINT('',(0.00565048567281237,0.0203735257420519,0.077));
#4265=CARTESIAN_POINT('',(0.00565048567281237,0.0203735257420519,0.08));
#4266=CARTESIAN_POINT('',(0.00473358618996151,0.0205904906115758,0.077));
#4267=CARTESIAN_POINT('',(0.00473358618996151,0.0205904906115758,0.08));
#4268=CARTESIAN_POINT('',(0.00396578813571038,0.0210244203506235,0.077));
#4269=CARTESIAN_POINT('',(0.00396578813571038,0.0210244203506235,0.08));
#4270=CARTESIAN_POINT('',(0.00671648658426296,0.0203735257420519,0.077));
#4271=CARTESIAN_POINT('',(0.00671648658426296,0.0203735257420519,0.077));
#4272=CARTESIAN_POINT('',(0.00671648658426296,0.0203735257420519,0.077));
#4273=CARTESIAN_POINT('',(0.00511748521708707,0.0203735257420519,0.077));
#4274=CARTESIAN_POINT('',(0.00396578813571038,0.0210244203506235,0.077));
#4275=CARTESIAN_POINT('',(0.00898272922826225,0.0207688179015954,0.077));
#4276=CARTESIAN_POINT('',(0.00898272922826225,0.0207688179015954,0.08));
#4277=CARTESIAN_POINT('',(0.00832787179102354,0.0205052897952331,0.077));
#4278=CARTESIAN_POINT('',(0.00832787179102354,0.0205052897952331,0.08));
#4279=CARTESIAN_POINT('',(0.00757245757635711,0.0203735257420519,0.077));
#4280=CARTESIAN_POINT('',(0.00757245757635711,0.0203735257420519,0.08));
#4281=CARTESIAN_POINT('',(0.00671648658426296,0.0203735257420519,0.077));
#4282=CARTESIAN_POINT('',(0.00671648658426296,0.0203735257420519,0.08));
#4283=CARTESIAN_POINT('',(0.00898272922826225,0.0207688179015954,0.077));
#4284=CARTESIAN_POINT('',(0.00898272922826225,0.0207688179015954,0.077));
#4285=CARTESIAN_POINT('',(0.00898272922826225,0.0207688179015954,0.077));
#4286=CARTESIAN_POINT('',(0.00800044307240419,0.0203735257420519,0.077));
#4287=CARTESIAN_POINT('',(0.00671648658426296,0.0203735257420519,0.077));
#4288=CARTESIAN_POINT('',(0.0105906469599391,0.0218759331604672,0.077));
#4289=CARTESIAN_POINT('',(0.0105906469599391,0.0218759331604672,0.08));
#4290=CARTESIAN_POINT('',(0.0101735592427266,0.0214013844275816,0.077));
#4291=CARTESIAN_POINT('',(0.0101735592427266,0.0214013844275816,0.08));
#4292=CARTESIAN_POINT('',(0.00963758666550095,0.0210323460079577,0.077));
#4293=CARTESIAN_POINT('',(0.00963758666550095,0.0210323460079577,0.08));
#4294=CARTESIAN_POINT('',(0.00898272922826225,0.0207688179015954,0.077));
#4295=CARTESIAN_POINT('',(0.00898272922826225,0.0207688179015954,0.08));
#4296=CARTESIAN_POINT('',(0.0105906469599391,0.0218759331604672,0.077));
#4297=CARTESIAN_POINT('',(0.0105906469599391,0.0218759331604672,0.077));
#4298=CARTESIAN_POINT('',(0.0105906469599391,0.0218759331604672,0.077));
#4299=CARTESIAN_POINT('',(0.0099650153841203,0.0211641100611389,0.077));
#4300=CARTESIAN_POINT('',(0.00898272922826225,0.0207688179015954,0.077));
#4301=CARTESIAN_POINT('',(0.0114183827977802,0.023547751504401,0.077));
#4302=CARTESIAN_POINT('',(0.0114183827977802,0.023547751504401,0.08));
#4303=CARTESIAN_POINT('',(0.0112836466230987,0.022907754674664,0.077));
#4304=CARTESIAN_POINT('',(0.0112836466230987,0.022907754674664,0.08));
#4305=CARTESIAN_POINT('',(0.0110077346771517,0.0223504818933527,0.077));
#4306=CARTESIAN_POINT('',(0.0110077346771517,0.0223504818933527,0.08));
#4307=CARTESIAN_POINT('',(0.0105906469599391,0.0218759331604672,0.077));
#4308=CARTESIAN_POINT('',(0.0105906469599391,0.0218759331604672,0.08));
#4309=CARTESIAN_POINT('',(0.0114183827977802,0.023547751504401,0.077));
#4310=CARTESIAN_POINT('',(0.0114183827977802,0.023547751504401,0.077));
#4311=CARTESIAN_POINT('',(0.0114183827977802,0.023547751504401,0.077));
#4312=CARTESIAN_POINT('',(0.0112162785357579,0.0225877562597954,0.077));
#4313=CARTESIAN_POINT('',(0.0105906469599391,0.0218759331604672,0.077));
#4314=CARTESIAN_POINT('',(0.0100883584263839,0.0236354290886607,0.077));
#4315=CARTESIAN_POINT('',(0.00875768767590424,0.0237231492833851,0.077));
#4316=CARTESIAN_POINT('',(0.00875768767590424,0.0237231492833851,0.077));
#4317=CARTESIAN_POINT('',(0.0100883584263839,0.0236354290886607,0.077));
#4318=CARTESIAN_POINT('',(0.0071021773611545,0.0243283735520814,0.077));
#4319=CARTESIAN_POINT('',(0.00832592921863768,0.0230597356175357,0.077));
#4320=CARTESIAN_POINT('',(0.00832592921863768,0.0230597356175357,0.077));
#4321=CARTESIAN_POINT('',(0.0071021773611545,0.0243283735520814,0.077));
#4322=CARTESIAN_POINT('',(0.0070878864204667,0.0243766073448695,0.077));
#4323=CARTESIAN_POINT('',(0.00764378849236496,0.022656115054303,0.077));
#4324=CARTESIAN_POINT('',(0.00764378849236496,0.022656115054303,0.077));
#4325=CARTESIAN_POINT('',(0.0070878864204667,0.0243766073448695,0.077));
#4326=CARTESIAN_POINT('',(0.00676404052826819,0.0225223695867883,0.077));
#4327=CARTESIAN_POINT('',(0.00676404052826819,0.0225223695867883,0.08));
#4328=CARTESIAN_POINT('',(0.0070850296503035,0.0225223695867883,0.077));
#4329=CARTESIAN_POINT('',(0.0070850296503035,0.0225223695867883,0.08));
#4330=CARTESIAN_POINT('',(0.00737827897166909,0.0225669514092932,0.077));
#4331=CARTESIAN_POINT('',(0.00737827897166909,0.0225669514092932,0.08));
#4332=CARTESIAN_POINT('',(0.00764378849236496,0.022656115054303,0.077));
#4333=CARTESIAN_POINT('',(0.00764378849236496,0.022656115054303,0.08));
#4334=CARTESIAN_POINT('',(0.00676404052826819,0.0225223695867883,0.077));
#4335=CARTESIAN_POINT('',(0.00676404052826819,0.0225223695867883,0.077));
#4336=CARTESIAN_POINT('',(0.00676404052826819,0.0225223695867883,0.077));
#4337=CARTESIAN_POINT('',(0.00724552421132116,0.0225223695867883,0.077));
#4338=CARTESIAN_POINT('',(0.00764378849236496,0.022656115054303,0.077));
#4339=CARTESIAN_POINT('',(0.00551426343738072,0.0228255259798217,0.077));
#4340=CARTESIAN_POINT('',(0.00551426343738072,0.0228255259798217,0.08));
#4341=CARTESIAN_POINT('',(0.00586596448158607,0.0226234217177994,0.077));
#4342=CARTESIAN_POINT('',(0.00586596448158607,0.0226234217177994,0.08));
#4343=CARTESIAN_POINT('',(0.00628255684521523,0.0225223695867883,0.077));
#4344=CARTESIAN_POINT('',(0.00628255684521523,0.0225223695867883,0.08));
#4345=CARTESIAN_POINT('',(0.00676404052826819,0.0225223695867883,0.077));
#4346=CARTESIAN_POINT('',(0.00676404052826819,0.0225223695867883,0.08));
#4347=CARTESIAN_POINT('',(0.00551426343738072,0.0228255259798217,0.077));
#4348=CARTESIAN_POINT('',(0.00551426343738072,0.0228255259798217,0.077));
#4349=CARTESIAN_POINT('',(0.00551426343738072,0.0228255259798217,0.077));
#4350=CARTESIAN_POINT('',(0.00604181500368875,0.0225223695867883,0.077));
#4351=CARTESIAN_POINT('',(0.00676404052826819,0.0225223695867883,0.077));
#4352=CARTESIAN_POINT('',(0.0065321241206271,0.0245987823132619,0.077));
#4353=CARTESIAN_POINT('',(0.00469990214629113,0.0236889272756666,0.077));
#4354=CARTESIAN_POINT('',(0.00469990214629113,0.0236889272756666,0.077));
#4355=CARTESIAN_POINT('',(0.0065321241206271,0.0245987823132619,0.077));
#4356=CARTESIAN_POINT('',(0.00659318024384989,0.0268111409117601,0.077));
#4357=CARTESIAN_POINT('',(0.00659318024384989,0.0268111409117601,0.08));
#4358=CARTESIAN_POINT('',(0.00441684852751578,0.0268111409117601,0.08));
#4359=CARTESIAN_POINT('',(0.00877022254098887,0.0268111409117601,0.08));
#4360=CARTESIAN_POINT('',(0.00441684852751578,0.0268111409117601,0.077));
#4361=CARTESIAN_POINT('',(0.00441684852751578,0.0268111409117601,0.077));
#4362=CARTESIAN_POINT('',(0.00659318024384989,0.0268111409117601,0.077));
#4363=CARTESIAN_POINT('',(0.00877022254098887,0.0268111409117601,0.077));
#4364=CARTESIAN_POINT('',(0.00877022254098887,0.0268111409117601,0.077));
#4365=CARTESIAN_POINT('',(0.00670276239224104,0.026720945790151,0.0769999999999998));
#4366=CARTESIAN_POINT('',(0.00670276239224104,0.026720945790151,0.08));
#4367=CARTESIAN_POINT('',(0.0047041657370097,0.027833658824748,0.08));
#4368=CARTESIAN_POINT('',(0.00470436032854163,0.0278335507078725,0.077));
#4369=CARTESIAN_POINT('',(0.0047041657370097,0.027833658824748,0.077));
#4370=CARTESIAN_POINT('',(0.00670276239224104,0.026720945790151,0.077));
#4371=CARTESIAN_POINT('',(0.0065823637794361,0.0267821800528509,0.077));
#4372=CARTESIAN_POINT('',(0.0065823637794361,0.0267821800528509,0.08));
#4373=CARTESIAN_POINT('',(0.0054904864653781,0.028637509573711,0.08));
#4374=CARTESIAN_POINT('',(0.0054904864653781,0.028637509573711,0.077));
#4375=CARTESIAN_POINT('',(0.0054904864653781,0.028637509573711,0.077));
#4376=CARTESIAN_POINT('',(0.0065823637794361,0.0267821800528509,0.077));
#4377=CARTESIAN_POINT('',(0.00665109991125577,0.0289391799059942,0.077));
#4378=CARTESIAN_POINT('',(0.00665109991125577,0.0289391799059942,0.08));
#4379=CARTESIAN_POINT('',(0.00621320734354093,0.0289391799059942,0.077));
#4380=CARTESIAN_POINT('',(0.00621320734354093,0.0289391799059942,0.08));
#4381=CARTESIAN_POINT('',(0.00582633619491504,0.0288386231285664,0.077));
#4382=CARTESIAN_POINT('',(0.00582633619491504,0.0288386231285664,0.08));
#4383=CARTESIAN_POINT('',(0.0054904864653781,0.028637509573711,0.077));
#4384=CARTESIAN_POINT('',(0.0054904864653781,0.028637509573711,0.08));
#4385=CARTESIAN_POINT('',(0.00665109991125577,0.0289391799059942,0.08));
#4386=CARTESIAN_POINT('',(0.00599426105968351,0.0289391799059942,0.08));
#4387=CARTESIAN_POINT('',(0.0054904864653781,0.028637509573711,0.08));
#4388=CARTESIAN_POINT('',(0.00665109991125577,0.0289391799059942,0.08));
#4389=CARTESIAN_POINT('',(0.00665109991125577,0.0289391799059942,0.077));
#4390=CARTESIAN_POINT('',(0.00665109991125577,0.0289391799059942,0.077));
#4391=CARTESIAN_POINT('',(0.00665109991125577,0.0289391799059942,0.077));
#4392=CARTESIAN_POINT('',(0.00599426105968351,0.0289391799059942,0.077));
#4393=CARTESIAN_POINT('',(0.0054904864653781,0.028637509573711,0.077));
#4394=CARTESIAN_POINT('',(0.00775375698787706,0.0286657447279641,0.077));
#4395=CARTESIAN_POINT('',(0.00775375698787706,0.0286657447279641,0.08));
#4396=CARTESIAN_POINT('',(0.00743673069450885,0.0288480348466508,0.077));
#4397=CARTESIAN_POINT('',(0.00743673069450885,0.0288480348466508,0.08));
#4398=CARTESIAN_POINT('',(0.00706917833563509,0.0289391799059942,0.077));
#4399=CARTESIAN_POINT('',(0.00706917833563509,0.0289391799059942,0.08));
#4400=CARTESIAN_POINT('',(0.00665109991125577,0.0289391799059942,0.077));
#4401=CARTESIAN_POINT('',(0.00665109991125577,0.0289391799059942,0.08));
#4402=CARTESIAN_POINT('',(0.00775375698787706,0.0286657447279641,0.08));
#4403=CARTESIAN_POINT('',(0.00727821754782475,0.0289391799059942,0.08));
#4404=CARTESIAN_POINT('',(0.00665109991125577,0.0289391799059942,0.08));
#4405=CARTESIAN_POINT('',(0.00775375698787706,0.0286657447279641,0.08));
#4406=CARTESIAN_POINT('',(0.00775375698787706,0.0286657447279641,0.077));
#4407=CARTESIAN_POINT('',(0.00775375698787706,0.0286657447279641,0.077));
#4408=CARTESIAN_POINT('',(0.00775375698787706,0.0286657447279641,0.077));
#4409=CARTESIAN_POINT('',(0.00727821754782475,0.0289391799059942,0.077));
#4410=CARTESIAN_POINT('',(0.00665109991125577,0.0289391799059942,0.077));
#4411=CARTESIAN_POINT('',(0.00678170704891705,0.0269575393853853,0.077));
#4412=CARTESIAN_POINT('',(0.00678170704891705,0.0269575393853853,0.08));
#4413=CARTESIAN_POINT('',(0.00849975948445912,0.0279123119276312,0.08));
#4414=CARTESIAN_POINT('',(0.00849975948445912,0.0279123119276312,0.077));
#4415=CARTESIAN_POINT('',(0.00849975948445912,0.0279123119276312,0.077));
#4416=CARTESIAN_POINT('',(0.00678170704891705,0.0269575393853853,0.077));
#4417=CARTESIAN_POINT('',(0.00877022254098887,0.0268111409117601,0.077));
#4418=CARTESIAN_POINT('',(0.00877022254098887,0.0268111409117601,0.08));
#4419=CARTESIAN_POINT('',(0.00877022254098887,0.0272252565074723,0.077));
#4420=CARTESIAN_POINT('',(0.00877022254098887,0.0272252565074723,0.08));
#4421=CARTESIAN_POINT('',(0.00868006818881229,0.0275923135127627,0.077));
#4422=CARTESIAN_POINT('',(0.00868006818881229,0.0275923135127627,0.08));
#4423=CARTESIAN_POINT('',(0.00849975948445912,0.0279123119276312,0.077));
#4424=CARTESIAN_POINT('',(0.00849975948445912,0.0279123119276312,0.08));
#4425=CARTESIAN_POINT('',(0.00877022254098887,0.0268111409117601,0.08));
#4426=CARTESIAN_POINT('',(0.00877022254098887,0.0274323143053284,0.08));
#4427=CARTESIAN_POINT('',(0.00849975948445912,0.0279123119276312,0.08));
#4428=CARTESIAN_POINT('',(0.00877022254098887,0.0268111409117601,0.077));
#4429=CARTESIAN_POINT('',(0.00877022254098887,0.0274323143053284,0.077));
#4430=CARTESIAN_POINT('',(0.00849975948445912,0.0279123119276312,0.077));
#4431=CARTESIAN_POINT('',(0.00441309242150959,0.0250189516470629,0.077));
#4432=CARTESIAN_POINT('',(0.00441309242150959,0.0250189516470629,0.08));
#4433=CARTESIAN_POINT('',(0.00441309242150959,0.0245057653346731,0.077));
#4434=CARTESIAN_POINT('',(0.00441309242150959,0.0245057653346731,0.08));
#4435=CARTESIAN_POINT('',(0.00450869566310344,0.024062423877541,0.077));
#4436=CARTESIAN_POINT('',(0.00450869566310344,0.024062423877541,0.08));
#4437=CARTESIAN_POINT('',(0.00469990214629113,0.0236889272756666,0.077));
#4438=CARTESIAN_POINT('',(0.00469990214629113,0.0236889272756666,0.08));
#4439=CARTESIAN_POINT('',(0.00441309242150959,0.0250189516470629,0.077));
#4440=CARTESIAN_POINT('',(0.00441309242150959,0.0242491721784783,0.077));
#4441=CARTESIAN_POINT('',(0.00469990214629113,0.0236889272756666,0.077));
#4442=CARTESIAN_POINT('',(-0.0042432114481926,-0.0157562405792046,0.077));
#4443=CARTESIAN_POINT('',(-0.0042432114481926,-0.0112198915332556,0.08));
#4444=CARTESIAN_POINT('',(-0.00318662225482638,0.0257634680828948,0.077));
#4445=CARTESIAN_POINT('',(-0.00318662225482638,0.0205756300040742,0.077));
#4446=CARTESIAN_POINT('',(-0.00318662225482638,0.0205756300040742,0.077));
#4447=CARTESIAN_POINT('',(-0.00318662225482638,0.0257634680828948,0.077));
#4448=CARTESIAN_POINT('',(-0.00318662225482638,0.0309513061617154,0.077));
#4449=CARTESIAN_POINT('',(-0.00318662225482638,0.0309513061617154,0.077));
#4450=CARTESIAN_POINT('',(-0.00174662938791798,0.0205756300040742,0.077));
#4451=CARTESIAN_POINT('',(-0.000306636521009581,0.0205756300040742,0.077));
#4452=CARTESIAN_POINT('',(-0.000306636521009581,0.0205756300040742,0.077));
#4453=CARTESIAN_POINT('',(-0.00174662938791798,0.0205756300040742,0.077));
#4454=CARTESIAN_POINT('',(-0.000306636521009581,0.0257634680828948,0.077));
#4455=CARTESIAN_POINT('',(-0.000306636521009581,0.0309513061617154,0.077));
#4456=CARTESIAN_POINT('',(-0.000306636521009581,0.0309513061617154,0.077));
#4457=CARTESIAN_POINT('',(-0.000306636521009581,0.0257634680828948,0.077));
#4458=CARTESIAN_POINT('',(-0.00174662938791798,0.0309513061617154,0.077));
#4459=CARTESIAN_POINT('',(-0.00174662938791798,0.0309513061617154,0.077));
#4460=CARTESIAN_POINT('',(-0.0042432114481926,-0.0157562405792046,0.077));
#4461=CARTESIAN_POINT('',(-0.0042432114481926,-0.0112198915332556,0.08));
#4462=MECHANICAL_DESIGN_GEOMETRIC_PRESENTATION_REPRESENTATION('',(#2523),
#4463);
#4463=(
GEOMETRIC_REPRESENTATION_CONTEXT(3)
GLOBAL_UNCERTAINTY_ASSIGNED_CONTEXT((#4464))
GLOBAL_UNIT_ASSIGNED_CONTEXT((#4467,#4466,#4465))
REPRESENTATION_CONTEXT('Part 1','TOP_LEVEL_ASSEMBLY_PART')
);
#4464=UNCERTAINTY_MEASURE_WITH_UNIT(LENGTH_MEASURE(2.E-5),#4467,
'DISTANCE_ACCURACY_VALUE','Maximum Tolerance applied to model');
#4465=(
NAMED_UNIT(*)
SI_UNIT($,.STERADIAN.)
SOLID_ANGLE_UNIT()
);
#4466=(
NAMED_UNIT(*)
PLANE_ANGLE_UNIT()
SI_UNIT($,.RADIAN.)
);
#4467=(
LENGTH_UNIT()
NAMED_UNIT(*)
SI_UNIT($,.METRE.)
);
#4468=PRODUCT_DEFINITION_SHAPE('','',#4469);
#4469=PRODUCT_DEFINITION('','',#4471,#4470);
#4470=PRODUCT_DEFINITION_CONTEXT('',#4477,'design');
#4471=PRODUCT_DEFINITION_FORMATION_WITH_SPECIFIED_SOURCE('','',#4473,
 .NOT_KNOWN.);
#4472=PRODUCT_RELATED_PRODUCT_CATEGORY('','',(#4473));
#4473=PRODUCT('Part 1','Part 1','Part 1',(#4475));
#4474=PRODUCT_CATEGORY('','');
#4475=PRODUCT_CONTEXT('',#4477,'mechanical');
#4476=APPLICATION_PROTOCOL_DEFINITION('international standard',
'ap242_managed_model_based_3d_engineering',2020,#4477);
#4477=APPLICATION_CONTEXT('managed model based 3d engineering');
ENDSEC;
END-ISO-10303-21;
